game_pk,home_total_ip,away_total_ip,home_total_hits,away_total_hits,home_total_hits_per_ip,away_total_hits_per_ip,home_total_earned_runs,away_total_earned_runs,home_total_earned_runs_per_ip,away_total_earned_runs_per_ip,home_total_walks,away_total_walks,home_total_walks_per_ip,away_total_walks_per_ip,home_total_strikeouts,away_total_strikeouts,home_total_strikeouts_per_ip,away_total_strikeouts_per_ip,home_total_homeruns,away_total_homeruns,home_total_homeruns_per_ip,away_total_homeruns_per_ip,home_era,away_era,home_whip,away_whip,home_k_per_9,away_k_per_9,home_k_bb_ratio,away_k_bb_ratio,home_hr_per_9,away_hr_per_9,home_bb_per_9,away_bb_per_9,home_bp_era_rolling_5,away_bp_era_rolling_5,home_bp_era_rolling_10,away_bp_era_rolling_10,home_bp_whip_rolling_5,away_bp_whip_rolling_5,home_bp_whip_rolling_10,away_bp_whip_rolling_10,home_bp_k_per_9_rolling_5,away_bp_k_per_9_rolling_5,home_bp_k_per_9_rolling_10,away_bp_k_per_9_rolling_10,home_bp_k_bb_ratio_rolling_5,away_bp_k_bb_ratio_rolling_5,home_bp_k_bb_ratio_rolling_10,away_bp_k_bb_ratio_rolling_10,home_bp_hr_per_9_rolling_10,away_bp_hr_per_9_rolling_10,home_bp_bb_per_9_rolling_5,away_bp_bb_per_9_rolling_5
5057771,0.0,0.0,0,0,0.0,0.0,0,0,0.0,0.0,0,0,0.0,0.0,0,0,0.0,0.0,0,0,0.0,0.0,0.0,0.0,0.0,0.0,0.0,0.0,0.0,0.0,0.0,0.0,0.0,0.0,,,,,,,,,,,,,,,,,,,,
5057772,0.0,0.0,0,0,0.0,0.0,0,0,0.0,0.0,0,0,0.0,0.0,0,0,0.0,0.0,0,0,0.0,0.0,0.0,0.0,0.0,0.0,0.0,0.0,0.0,0.0,0.0,0.0,0.0,0.0,,,,,,,,,,,,,,,,,,,,
5057773,0.0,0.0,0,0,0.0,0.0,0,0,0.0,0.0,0,0,0.0,0.0,0,0,0.0,0.0,0,0,0.0,0.0,0.0,0.0,0.0,0.0,0.0,0.0,0.0,0.0,0.0,0.0,0.0,0.0,,,,,,,,,,,,,,,,,,,,
5057774,0.0,0.0,0,0,0.0,0.0,0,0,0.0,0.0,0,0,0.0,0.0,0,0,0.0,0.0,0,0,0.0,0.0,0.0,0.0,0.0,0.0,0.0,0.0,0.0,0.0,0.0,0.0,0.0,0.0,,,,,,,,,,,,,,,,,,,,
5057775,0.0,0.0,0,0,0.0,0.0,0,0,0.0,0.0,0,0,0.0,0.0,0,0,0.0,0.0,0,0,0.0,0.0,0.0,0.0,0.0,0.0,0.0,0.0,0.0,0.0,0.0,0.0,0.0,0.0,,,,,,,,,,,,,,,,,,,,
5057776,0.0,0.0,0,0,0.0,0.0,0,0,0.0,0.0,0,0,0.0,0.0,0,0,0.0,0.0,0,0,0.0,0.0,0.0,0.0,0.0,0.0,0.0,0.0,0.0,0.0,0.0,0.0,0.0,0.0,,,,,,,,,,,,,,,,,,,,
5057777,0.0,0.0,0,0,0.0,0.0,0,0,0.0,0.0,0,0,0.0,0.0,0,0,0.0,0.0,0,0,0.0,0.0,0.0,0.0,0.0,0.0,0.0,0.0,0.0,0.0,0.0,0.0,0.0,0.0,,,,,,,,,,,,,,,,,,,,
5057778,0.0,0.0,0,0,0.0,0.0,0,0,0.0,0.0,0,0,0.0,0.0,0,0,0.0,0.0,0,0,0.0,0.0,0.0,0.0,0.0,0.0,0.0,0.0,0.0,0.0,0.0,0.0,0.0,0.0,,,,,,,,,,,,,,,,,,,,
5057779,0.0,0.0,0,0,0.0,0.0,0,0,0.0,0.0,0,0,0.0,0.0,0,0,0.0,0.0,0,0,0.0,0.0,0.0,0.0,0.0,0.0,0.0,0.0,0.0,0.0,0.0,0.0,0.0,0.0,,,,,,,,,,,,,,,,,,,,
5057780,0.0,0.0,0,0,0.0,0.0,0,0,0.0,0.0,0,0,0.0,0.0,0,0,0.0,0.0,0,0,0.0,0.0,0.0,0.0,0.0,0.0,0.0,0.0,0.0,0.0,0.0,0.0,0.0,0.0,,,,,,,,,,,,,,,,,,,,
5057781,0.0,0.0,0,0,0.0,0.0,0,0,0.0,0.0,0,0,0.0,0.0,0,0,0.0,0.0,0,0,0.0,0.0,0.0,0.0,0.0,0.0,0.0,0.0,0.0,0.0,0.0,0.0,0.0,0.0,,,,,,,,,,,,,,,,,,,,
5057782,0.0,0.0,0,0,0.0,0.0,0,0,0.0,0.0,0,0,0.0,0.0,0,0,0.0,0.0,0,0,0.0,0.0,0.0,0.0,0.0,0.0,0.0,0.0,0.0,0.0,0.0,0.0,0.0,0.0,,,,,,,,,,,,,,,,,,,,
5057790,3.0,4.0,1,5,0.33,1.25,0,4,0.0,1.0,0,3,0.0,0.75,2,2,0.67,0.5,0,1,0.0,0.25,0.0,9.0,0.33,2.0,6.0,4.5,0.0,0.67,0.0,2.25,0.0,6.75,0.0,9.0,0.0,9.0,0.3333333333333333,2.0,0.3333333333333333,2.0,6.0,4.5,6.0,4.5,,0.6666666666666666,,0.6666666666666666,0.0,2.25,0.0,6.75
5057789,6.0,3.0,5,2,0.83,0.67,2,1,0.33,0.33,1,3,0.17,1.0,6,1,1.0,0.33,1,1,0.17,0.33,3.0,3.0,1.0,1.67,9.0,3.0,6.0,0.33,1.5,3.0,1.5,9.0,3.0,3.0,3.0,3.0,1.0,1.6666666666666667,1.0,1.6666666666666667,9.0,3.0,9.0,3.0,6.0,0.3333333333333333,6.0,0.3333333333333333,1.5,3.0,1.5,9.0
5057788,3.2,4.0,7,2,2.19,0.5,3,1,0.94,0.25,2,0,0.62,0.0,4,7,1.25,1.75,1,1,0.31,0.25,8.44,2.25,2.81,0.5,11.25,15.75,2.0,0.0,2.81,2.25,5.62,0.0,8.4375,2.25,8.4375,2.25,2.8125,0.5,2.8125,0.5,11.25,15.75,11.25,15.75,2.0,,2.0,,2.8125,2.25,5.625,0.0
5057787,4.1,3.0,5,1,1.22,0.33,3,0,0.73,0.0,2,2,0.49,0.67,5,2,1.22,0.67,2,0,0.49,0.0,6.59,0.0,1.71,1.0,10.98,6.0,2.5,1.0,4.39,0.0,4.39,6.0,6.585365853658537,0.0,6.585365853658537,0.0,1.707317073170732,1.0,1.707317073170732,1.0,10.975609756097562,6.0,10.975609756097562,6.0,2.5,1.0,2.5,1.0,4.390243902439025,0.0,4.390243902439025,6.0
5057784,0.0,0.0,0,0,0.0,0.0,0,0,0.0,0.0,0,0,0.0,0.0,0,0,0.0,0.0,0,0,0.0,0.0,0.0,0.0,0.0,0.0,0.0,0.0,0.0,0.0,0.0,0.0,0.0,0.0,,,,,,,,,,,,,,,,,,,,
5057785,0.0,0.0,0,0,0.0,0.0,0,0,0.0,0.0,0,0,0.0,0.0,0,0,0.0,0.0,0,0,0.0,0.0,0.0,0.0,0.0,0.0,0.0,0.0,0.0,0.0,0.0,0.0,0.0,0.0,,,,,,,,,,,,,,,,,,,,
5057783,4.0,2.2,1,1,0.25,0.45,0,0,0.0,0.0,2,1,0.5,0.45,5,2,1.25,0.91,0,0,0.0,0.0,0.0,0.0,0.75,0.91,11.25,8.18,2.5,2.0,0.0,0.0,4.5,4.09,0.0,0.0,0.0,0.0,0.75,0.9090909090909092,0.75,0.9090909090909092,11.25,8.181818181818182,11.25,8.181818181818182,2.5,2.0,2.5,2.0,0.0,0.0,4.5,4.090909090909091
5057786,0.0,0.0,0,0,0.0,0.0,0,0,0.0,0.0,0,0,0.0,0.0,0,0,0.0,0.0,0,0,0.0,0.0,0.0,0.0,0.0,0.0,0.0,0.0,0.0,0.0,0.0,0.0,0.0,0.0,,,,,,,,,,,,,,,,,,,,
5057800,4.0,6.1,2,9,0.5,1.48,1,10,0.25,1.64,2,8,0.5,1.31,9,1,2.25,0.16,1,2,0.25,0.33,2.25,14.75,1.0,2.79,20.25,1.48,4.5,0.12,2.25,2.95,4.5,11.8,2.25,14.75409836065574,2.25,14.75409836065574,1.0,2.7868852459016398,1.0,2.7868852459016398,20.25,1.475409836065574,20.25,1.475409836065574,4.5,0.125,4.5,0.125,2.25,2.950819672131148,4.5,11.80327868852459
5057805,6.2,7.0,9,3,1.45,0.43,3,3,0.48,0.43,3,1,0.48,0.14,7,10,1.13,1.43,1,2,0.16,0.29,4.35,3.86,1.94,0.57,10.16,12.86,2.33,10.0,1.45,2.57,4.35,1.29,4.354838709677419,3.857142857142857,4.354838709677419,3.857142857142857,1.9354838709677415,0.5714285714285714,1.9354838709677415,0.5714285714285714,10.161290322580644,12.857142857142858,10.161290322580644,12.857142857142858,2.333333333333333,10.0,2.333333333333333,10.0,1.4516129032258065,2.571428571428572,4.354838709677419,1.2857142857142858
5057804,8.2,7.1,4,7,0.49,0.99,0,5,0.0,0.7,2,3,0.24,0.42,8,3,0.98,0.42,0,1,0.0,0.14,0.0,6.34,0.73,1.41,8.78,3.8,4.0,1.0,0.0,1.27,2.2,3.8,0.0,6.338028169014085,0.0,6.338028169014085,0.7317073170731708,1.4084507042253522,0.7317073170731708,1.4084507042253522,8.78048780487805,3.802816901408451,8.78048780487805,3.802816901408451,4.0,1.0,4.0,1.0,0.0,1.267605633802817,2.1951219512195124,3.802816901408451
5057803,10.0,6.0,10,3,1.0,0.5,6,1,0.6,0.17,5,4,0.5,0.67,9,8,0.9,1.33,1,1,0.1,0.17,5.4,1.5,1.5,1.17,8.1,12.0,1.8,2.0,0.9,1.5,4.5,6.0,5.4,1.5,5.4,1.5,1.5,1.1666666666666667,1.5,1.1666666666666667,8.1,12.0,8.1,12.0,1.8,2.0,1.8,2.0,0.9,1.5,4.5,6.0
5057802,7.2,5.4,4,1,0.56,0.19,1,0,0.14,0.0,5,3,0.69,0.56,8,7,1.11,1.3,1,0,0.14,0.0,1.25,0.0,1.25,0.74,10.0,11.67,1.6,2.33,1.25,0.0,6.25,5.0,1.25,0.0,1.25,0.0,1.25,0.7407407407407407,1.25,0.7407407407407407,10.0,11.666666666666666,10.0,11.666666666666666,1.6,2.333333333333333,1.6,2.333333333333333,1.25,0.0,6.25,5.0
5057801,3.0,4.0,2,5,0.67,1.25,0,2,0.0,0.5,0,0,0.0,0.0,2,5,0.67,1.25,0,0,0.0,0.0,0.0,4.5,0.67,1.25,6.0,11.25,0.0,0.0,0.0,0.0,0.0,0.0,0.0,4.5,0.0,4.5,0.6666666666666666,1.25,0.6666666666666666,1.25,6.0,11.25,6.0,11.25,,,,,0.0,0.0,0.0,0.0
5057799,7.2,7.2,7,1,0.97,0.14,4,0,0.56,0.0,6,4,0.83,0.56,10,9,1.39,1.25,3,0,0.42,0.0,5.0,0.0,1.81,0.69,12.5,11.25,1.67,2.25,3.75,0.0,7.5,5.0,5.000000000000001,0.0,5.000000000000001,0.0,1.805555555555556,0.6944444444444444,1.805555555555556,0.6944444444444444,12.500000000000002,11.25,12.500000000000002,11.25,1.6666666666666667,2.25,1.6666666666666667,2.25,3.75,0.0,7.500000000000001,5.0
5057797,2.0,3.2,3,3,1.5,0.94,0,0,0.0,0.0,0,0,0.0,0.0,4,2,2.0,0.62,0,0,0.0,0.0,0.0,0.0,1.5,0.94,18.0,5.62,0.0,0.0,0.0,0.0,0.0,0.0,0.0,0.0,0.0,0.0,1.5,0.9375,1.5,0.9375,18.0,5.625,18.0,5.625,,,,,0.0,0.0,0.0,0.0
5057796,3.0,3.0,5,1,1.67,0.33,3,0,1.0,0.0,2,1,0.67,0.33,3,4,1.0,1.33,0,0,0.0,0.0,9.0,0.0,2.33,0.67,9.0,12.0,1.5,4.0,0.0,0.0,6.0,3.0,9.0,0.0,9.0,0.0,2.333333333333333,0.6666666666666666,2.333333333333333,0.6666666666666666,9.0,12.0,9.0,12.0,1.5,4.0,1.5,4.0,0.0,0.0,6.0,3.0
5057795,3.0,3.1,5,2,1.67,0.65,3,0,1.0,0.0,1,1,0.33,0.32,1,3,0.33,0.97,1,0,0.33,0.0,9.0,0.0,2.0,0.97,3.0,8.71,1.0,3.0,3.0,0.0,3.0,2.9,9.0,0.0,9.0,0.0,2.0,0.9677419354838708,2.0,0.9677419354838708,3.0,8.709677419354838,3.0,8.709677419354838,1.0,3.0,1.0,3.0,3.0,0.0,3.0,2.903225806451613
5057794,2.0,2.2,2,4,1.0,1.82,1,2,0.5,0.91,0,1,0.0,0.45,4,1,2.0,0.45,0,0,0.0,0.0,4.5,8.18,1.0,2.27,18.0,4.09,0.0,1.0,0.0,0.0,0.0,4.09,4.5,8.181818181818182,4.5,8.181818181818182,1.0,2.2727272727272725,1.0,2.2727272727272725,18.0,4.090909090909091,18.0,4.090909090909091,,1.0,,1.0,0.0,0.0,0.0,4.090909090909091
5057793,3.0,3.2,2,4,0.67,1.25,1,1,0.33,0.31,2,1,0.67,0.31,5,0,1.67,0.0,1,0,0.33,0.0,3.0,2.81,1.33,1.56,15.0,0.0,2.5,0.0,3.0,0.0,6.0,2.81,3.0,2.8125,3.0,2.8125,1.3333333333333333,1.5625,1.3333333333333333,1.5625,15.0,0.0,15.0,0.0,2.5,0.0,2.5,0.0,3.0,0.0,6.0,2.8125
5057792,5.1,5.1,5,5,0.98,0.98,2,1,0.39,0.2,1,3,0.2,0.59,5,4,0.98,0.78,2,0,0.39,0.0,3.53,1.76,1.18,1.57,8.82,7.06,5.0,1.33,3.53,0.0,1.76,5.29,3.5294117647058827,1.7647058823529411,3.5294117647058827,1.7647058823529411,1.1764705882352942,1.5686274509803924,1.1764705882352942,1.5686274509803924,8.823529411764707,7.058823529411765,8.823529411764707,7.058823529411765,5.0,1.3333333333333333,5.0,1.3333333333333333,3.5294117647058827,0.0,1.7647058823529411,5.294117647058824
5057791,4.0,3.0,10,10,2.5,3.33,6,8,1.5,2.67,4,1,1.0,0.33,3,1,0.75,0.33,0,1,0.0,0.33,13.5,24.0,3.5,3.67,6.75,3.0,0.75,1.0,0.0,3.0,9.0,3.0,13.5,24.0,13.5,24.0,3.5,3.6666666666666665,3.5,3.6666666666666665,6.75,3.0,6.75,3.0,0.75,1.0,0.75,1.0,0.0,3.0,9.0,3.0
5057798,4.0,7.1,4,7,1.0,0.99,3,6,0.75,0.85,0,7,0.0,0.99,3,9,0.75,1.27,1,2,0.25,0.28,6.75,7.61,1.0,1.97,6.75,11.41,0.0,1.29,2.25,2.54,0.0,8.87,6.75,7.605633802816902,6.75,7.605633802816902,1.0,1.971830985915493,1.0,1.971830985915493,6.75,11.408450704225352,6.75,11.408450704225352,,1.2857142857142858,,1.2857142857142858,2.25,2.535211267605634,0.0,8.873239436619718
5057811,4.0,6.4,4,6,1.0,0.94,0,1,0.0,0.16,0,1,0.0,0.16,6,5,1.5,0.78,0,0,0.0,0.0,0.0,1.41,1.0,1.09,13.5,7.03,0.0,5.0,0.0,0.0,0.0,1.41,0.0,1.40625,0.0,1.40625,1.0,1.09375,1.0,1.09375,13.5,7.03125,13.5,7.03125,,5.0,,5.0,0.0,0.0,0.0,1.40625
5057817,10.2,13.1,13,8,1.27,0.61,6,5,0.59,0.38,5,5,0.49,0.38,11,17,1.08,1.3,2,3,0.2,0.23,5.29,3.44,1.76,0.99,9.71,11.68,2.2,3.4,1.76,2.06,4.41,3.44,5.294117647058824,3.435114503816794,5.294117647058824,3.435114503816794,1.7647058823529411,0.9923664122137404,1.7647058823529411,0.9923664122137404,9.705882352941178,11.6793893129771,9.705882352941178,11.6793893129771,2.2,3.4,2.2,3.4,1.7647058823529411,2.0610687022900764,4.411764705882353,3.435114503816794
5057816,7.3,8.1,5,8,0.68,0.99,2,5,0.27,0.62,4,6,0.55,0.74,7,7,0.96,0.86,2,1,0.27,0.12,2.47,5.56,1.23,1.73,8.63,7.78,1.75,1.17,2.47,1.11,4.93,6.67,2.4657534246575343,5.555555555555555,2.4657534246575343,5.555555555555555,1.2328767123287672,1.7283950617283952,1.2328767123287672,1.7283950617283952,8.63013698630137,7.777777777777778,8.63013698630137,7.777777777777778,1.75,1.1666666666666667,1.75,1.1666666666666667,2.4657534246575343,1.1111111111111112,4.931506849315069,6.666666666666667
5057815,8.0,6.1,17,13,2.12,2.13,10,10,1.25,1.64,5,3,0.62,0.49,6,5,0.75,0.82,0,1,0.0,0.16,11.25,14.75,2.75,2.62,6.75,7.38,1.2,1.67,0.0,1.48,5.62,4.43,11.25,14.75409836065574,11.25,14.75409836065574,2.75,2.6229508196721314,2.75,2.6229508196721314,6.75,7.377049180327869,6.75,7.377049180327869,1.2,1.6666666666666667,1.2,1.6666666666666667,0.0,1.475409836065574,5.625,4.426229508196721
5057814,8.2,10.1,4,14,0.49,1.39,1,12,0.12,1.19,5,12,0.61,1.19,16,5,1.95,0.5,1,2,0.12,0.2,1.1,10.69,1.1,2.57,17.56,4.46,3.2,0.42,1.1,1.78,5.49,10.69,1.0975609756097562,10.693069306930694,1.0975609756097562,10.693069306930694,1.0975609756097562,2.5742574257425743,1.0975609756097562,2.5742574257425743,17.5609756097561,4.455445544554456,17.5609756097561,4.455445544554456,3.2,0.4166666666666667,3.2,0.4166666666666667,1.0975609756097562,1.7821782178217822,5.487804878048781,10.693069306930694
5057813,11.3,10.3,9,8,0.8,0.78,7,2,0.62,0.19,10,9,0.88,0.87,17,12,1.5,1.17,4,0,0.35,0.0,5.58,1.75,1.68,1.65,13.54,10.49,1.7,1.33,3.19,0.0,7.96,7.86,5.575221238938053,1.7475728155339805,5.575221238938053,1.7475728155339805,1.68141592920354,1.6504854368932038,1.68141592920354,1.6504854368932038,13.53982300884956,10.485436893203882,13.53982300884956,10.485436893203882,1.7,1.3333333333333333,1.7,1.3333333333333333,3.1858407079646023,0.0,7.964601769911505,7.864077669902912
5057809,8.2,8.2,7,13,0.85,1.59,6,5,0.73,0.61,5,6,0.61,0.73,12,5,1.46,0.61,2,1,0.24,0.12,6.59,5.49,1.46,2.32,13.17,5.49,2.4,0.83,2.2,1.1,5.49,6.59,6.585365853658537,5.487804878048781,6.585365853658537,5.487804878048781,1.4634146341463417,2.317073170731708,1.4634146341463417,2.317073170731708,13.170731707317074,5.487804878048781,13.170731707317074,5.487804878048781,2.4,0.8333333333333334,2.4,0.8333333333333334,2.1951219512195124,1.0975609756097562,5.487804878048781,6.585365853658537
5057810,10.0,9.1,8,5,0.8,0.55,5,1,0.5,0.11,5,7,0.5,0.77,13,11,1.3,1.21,1,1,0.1,0.11,4.5,0.99,1.3,1.32,11.7,10.88,2.6,1.57,0.9,0.99,4.5,6.92,4.5,0.989010989010989,4.5,0.989010989010989,1.3,1.3186813186813189,1.3,1.3186813186813189,11.7,10.87912087912088,11.7,10.87912087912088,2.6,1.5714285714285714,2.6,1.5714285714285714,0.9,0.989010989010989,4.5,6.923076923076923
5057808,8.0,9.1,10,7,1.25,0.77,4,0,0.5,0.0,2,3,0.25,0.33,7,11,0.88,1.21,1,0,0.12,0.0,4.5,0.0,1.5,1.1,7.88,10.88,3.5,3.67,1.12,0.0,2.25,2.97,4.5,0.0,4.5,0.0,1.5,1.098901098901099,1.5,1.098901098901099,7.875,10.87912087912088,7.875,10.87912087912088,3.5,3.6666666666666665,3.5,3.6666666666666665,1.125,0.0,2.25,2.967032967032967
5057807,6.1,6.4,4,6,0.66,0.94,2,2,0.33,0.31,1,4,0.16,0.62,10,8,1.64,1.25,0,0,0.0,0.0,2.95,2.81,0.82,1.56,14.75,11.25,10.0,2.0,0.0,0.0,1.48,5.62,2.950819672131148,2.8125,2.950819672131148,2.8125,0.819672131147541,1.5625,0.819672131147541,1.5625,14.75409836065574,11.25,14.75409836065574,11.25,10.0,2.0,10.0,2.0,0.0,0.0,1.475409836065574,5.625
5057806,6.0,6.1,4,11,0.67,1.8,1,8,0.17,1.31,1,3,0.17,0.49,7,6,1.17,0.98,0,1,0.0,0.16,1.5,11.8,0.83,2.3,10.5,8.85,7.0,2.0,0.0,1.48,1.5,4.43,1.5,11.80327868852459,1.5,11.80327868852459,0.8333333333333334,2.295081967213115,0.8333333333333334,2.295081967213115,10.5,8.852459016393443,10.5,8.852459016393443,7.0,2.0,7.0,2.0,0.0,1.475409836065574,1.5,4.426229508196721
5057812,9.2,11.1,10,10,1.09,0.9,3,8,0.33,0.72,2,12,0.22,1.08,9,14,0.98,1.26,1,3,0.11,0.27,2.93,6.49,1.3,1.98,8.8,11.35,4.5,1.17,0.98,2.43,1.96,9.73,2.9347826086956523,6.486486486486487,2.9347826086956523,6.486486486486487,1.3043478260869563,1.981981981981982,1.3043478260869563,1.981981981981982,8.804347826086957,11.35135135135135,8.804347826086957,11.35135135135135,4.5,1.1666666666666667,4.5,1.1666666666666667,0.9782608695652176,2.4324324324324325,1.956521739130435,9.72972972972973
5057827,13.0,14.2,24,13,1.85,0.92,15,4,1.15,0.28,8,8,0.62,0.56,9,13,0.69,0.92,0,1,0.0,0.07,10.38,2.54,2.46,1.48,6.23,8.24,1.12,1.62,0.0,0.63,5.54,5.07,10.384615384615383,2.535211267605634,10.384615384615383,2.535211267605634,2.4615384615384617,1.4788732394366195,2.4615384615384617,1.4788732394366195,6.230769230769231,8.23943661971831,6.230769230769231,8.23943661971831,1.125,1.625,1.125,1.625,0.0,0.6338028169014085,5.538461538461538,5.070422535211268
5057828,17.4,11.3,13,7,0.75,0.62,10,3,0.57,0.27,14,9,0.8,0.8,26,14,1.49,1.24,5,2,0.29,0.18,5.17,2.39,1.55,1.42,13.45,11.15,1.86,1.56,2.59,1.59,7.24,7.17,5.172413793103448,2.389380530973451,5.172413793103448,2.389380530973451,1.5517241379310347,1.415929203539823,1.5517241379310347,1.415929203539823,13.448275862068966,11.150442477876105,13.448275862068966,11.150442477876105,1.8571428571428568,1.5555555555555556,1.8571428571428568,1.5555555555555556,2.586206896551724,1.5929203539823007,7.241379310344828,7.168141592920353
5057826,14.2,10.1,7,18,0.49,1.78,1,13,0.07,1.29,6,5,0.42,0.5,25,8,1.76,0.79,1,3,0.07,0.3,0.63,11.58,0.92,2.28,15.85,7.13,4.17,1.6,0.63,2.67,3.8,4.46,0.6338028169014085,11.584158415841584,0.6338028169014085,11.584158415841584,0.9154929577464788,2.277227722772277,0.9154929577464788,2.277227722772277,15.845070422535212,7.128712871287129,15.845070422535212,7.128712871287129,4.166666666666667,1.6,4.166666666666667,1.6,0.6338028169014085,2.6732673267326734,3.802816901408451,4.455445544554456
5057830,13.0,12.2,10,6,0.77,0.49,6,2,0.46,0.16,6,6,0.46,0.49,14,13,1.08,1.07,1,2,0.08,0.16,4.15,1.48,1.23,0.98,9.69,9.59,2.33,2.17,0.69,1.48,4.15,4.43,4.153846153846154,1.475409836065574,4.153846153846154,1.475409836065574,1.2307692307692308,0.9836065573770492,1.2307692307692308,0.9836065573770492,9.692307692307692,9.59016393442623,9.692307692307692,9.59016393442623,2.333333333333333,2.1666666666666665,2.333333333333333,2.1666666666666665,0.6923076923076923,1.475409836065574,4.153846153846154,4.426229508196721
5057831,11.2,16.3,5,11,0.45,0.67,0,6,0.0,0.37,2,7,0.18,0.43,9,20,0.8,1.23,0,3,0.0,0.18,0.0,3.31,0.62,1.1,7.23,11.04,4.5,2.86,0.0,1.66,1.61,3.87,0.0,3.312883435582822,0.0,3.312883435582822,0.625,1.1042944785276072,0.625,1.1042944785276072,7.232142857142858,11.042944785276074,7.232142857142858,11.042944785276074,4.5,2.857142857142857,4.5,2.857142857142857,0.0,1.656441717791411,1.6071428571428572,3.8650306748466257
5057829,13.2,9.6,15,5,1.14,0.52,6,0,0.45,0.0,5,4,0.38,0.42,16,12,1.21,1.25,2,0,0.15,0.0,4.09,0.0,1.52,0.94,10.91,11.25,3.2,3.0,1.36,0.0,3.41,3.75,4.090909090909091,0.0,4.090909090909091,0.0,1.5151515151515151,0.9375,1.5151515151515151,0.9375,10.90909090909091,11.249999999999998,10.90909090909091,11.249999999999998,3.2,3.0,3.2,3.0,1.3636363636363638,0.0,3.409090909090909,3.75
5057825,11.3,14.3,10,11,0.88,0.77,4,5,0.35,0.35,5,13,0.44,0.91,9,15,0.8,1.05,3,0,0.27,0.0,3.19,3.15,1.33,1.68,7.17,9.44,1.8,1.15,2.39,0.0,3.98,8.18,3.1858407079646014,3.1468531468531467,3.1858407079646014,3.1468531468531467,1.327433628318584,1.6783216783216783,1.327433628318584,1.6783216783216783,7.168141592920353,9.44055944055944,7.168141592920353,9.44055944055944,1.8,1.1538461538461535,1.8,1.1538461538461535,2.389380530973451,0.0,3.982300884955752,8.181818181818182
5057832,10.1,9.2,9,6,0.89,0.65,7,1,0.69,0.11,4,4,0.4,0.43,4,12,0.4,1.3,2,1,0.2,0.11,6.24,0.98,1.29,1.09,3.56,11.74,1.0,3.0,1.78,0.98,3.56,3.91,6.237623762376238,0.9782608695652176,6.237623762376238,0.9782608695652176,1.2871287128712872,1.0869565217391306,1.2871287128712872,1.0869565217391306,3.5643564356435644,11.73913043478261,3.5643564356435644,11.73913043478261,1.0,3.0,1.0,3.0,1.7821782178217822,0.9782608695652176,3.5643564356435644,3.91304347826087
5057823,11.4,10.5,9,10,0.79,0.95,6,3,0.53,0.29,5,2,0.44,0.19,18,11,1.58,1.05,2,1,0.18,0.1,4.74,2.57,1.23,1.14,14.21,9.43,3.6,5.5,1.58,0.86,3.95,1.71,4.7368421052631575,2.571428571428572,4.7368421052631575,2.571428571428572,1.2280701754385963,1.1428571428571428,1.2280701754385963,1.1428571428571428,14.210526315789473,9.428571428571429,14.210526315789473,9.428571428571429,3.6,5.5,3.6,5.5,1.5789473684210529,0.8571428571428571,3.947368421052632,1.7142857142857142
5057822,11.0,12.1,12,9,1.09,0.74,6,6,0.55,0.5,4,7,0.36,0.58,10,10,0.91,0.83,1,2,0.09,0.17,4.91,4.46,1.45,1.32,8.18,7.44,2.5,1.43,0.82,1.49,3.27,5.21,4.909090909090909,4.462809917355372,4.909090909090909,4.462809917355372,1.4545454545454546,1.322314049586777,1.4545454545454546,1.322314049586777,8.181818181818182,7.43801652892562,8.181818181818182,7.43801652892562,2.5,1.4285714285714286,2.5,1.4285714285714286,0.8181818181818182,1.487603305785124,3.272727272727273,5.206611570247934
5057821,14.0,16.3,12,13,0.86,0.8,5,8,0.36,0.49,9,14,0.64,0.86,15,22,1.07,1.35,1,3,0.07,0.18,3.21,4.42,1.5,1.66,9.64,12.15,1.67,1.57,0.64,1.66,5.79,7.73,3.2142857142857144,4.417177914110429,3.2142857142857144,4.417177914110429,1.5,1.656441717791411,1.5,1.656441717791411,9.642857142857142,12.14723926380368,9.642857142857142,12.14723926380368,1.6666666666666667,1.5714285714285714,1.6666666666666667,1.5714285714285714,0.6428571428571429,1.656441717791411,5.785714285714286,7.730061349693251
5057820,8.0,13.2,5,22,0.62,1.67,0,19,0.0,1.44,0,15,0.0,1.14,12,12,1.5,0.91,0,3,0.0,0.23,0.0,12.95,0.62,2.8,13.5,8.18,0.0,0.8,0.0,2.05,0.0,10.23,0.0,12.954545454545457,0.0,12.954545454545457,0.625,2.803030303030303,0.625,2.803030303030303,13.5,8.181818181818182,13.5,8.181818181818182,,0.8,,0.8,0.0,2.0454545454545454,0.0,10.227272727272728
5057819,9.3,12.3,9,8,0.97,0.65,4,1,0.43,0.08,6,8,0.65,0.65,18,14,1.94,1.14,1,0,0.11,0.0,3.87,0.73,1.61,1.3,17.42,10.24,3.0,1.75,0.97,0.0,5.81,5.85,3.870967741935484,0.7317073170731707,3.870967741935484,0.7317073170731707,1.6129032258064515,1.3008130081300813,1.6129032258064515,1.3008130081300813,17.419354838709676,10.24390243902439,17.419354838709676,10.24390243902439,3.0,1.75,3.0,1.75,0.9677419354838708,0.0,5.806451612903225,5.853658536585366
5057818,8.3,10.4,13,14,1.57,1.35,9,7,1.08,0.67,3,8,0.36,0.77,8,12,0.96,1.15,2,0,0.24,0.0,9.76,6.06,1.93,2.12,8.67,10.38,2.67,1.5,2.17,0.0,3.25,6.92,9.759036144578312,6.057692307692308,9.759036144578312,6.057692307692308,1.9277108433734935,2.1153846153846154,1.9277108433734935,2.1153846153846154,8.674698795180722,10.384615384615383,8.674698795180722,10.384615384615383,2.6666666666666665,1.5,2.6666666666666665,1.5,2.1686746987951806,0.0,3.2530120481927707,6.9230769230769225
5057824,10.0,11.4,6,14,0.6,1.23,2,5,0.2,0.44,2,7,0.2,0.61,11,7,1.1,0.61,0,1,0.0,0.09,1.8,3.95,0.8,1.84,9.9,5.53,5.5,1.0,0.0,0.79,1.8,5.53,1.8,3.947368421052632,1.8,3.947368421052632,0.8,1.8421052631578947,0.8,1.8421052631578947,9.9,5.526315789473684,9.9,5.526315789473684,5.5,1.0,5.5,1.0,0.0,0.7894736842105263,1.8,5.526315789473684
5057846,16.2,19.3,10,15,0.62,0.78,3,8,0.19,0.41,3,7,0.19,0.36,13,21,0.8,1.09,0,3,0.0,0.16,1.67,3.73,0.8,1.14,7.22,9.79,4.33,3.0,0.0,1.4,1.67,3.26,1.6666666666666667,3.730569948186528,1.6666666666666667,3.730569948186528,0.8024691358024691,1.1398963730569949,0.8024691358024691,1.1398963730569949,7.222222222222222,9.792746113989637,7.222222222222222,9.792746113989637,4.333333333333333,3.0,4.333333333333333,3.0,0.0,1.398963730569948,1.6666666666666667,3.2642487046632125
5057845,18.0,15.2,11,7,0.61,0.46,6,4,0.33,0.26,7,7,0.39,0.46,18,17,1.0,1.12,1,3,0.06,0.2,3.0,2.37,1.0,0.92,9.0,10.07,2.57,2.43,0.5,1.78,3.5,4.14,3.0,2.368421052631579,3.0,2.368421052631579,1.0,0.9210526315789476,1.0,0.9210526315789476,9.0,10.06578947368421,9.0,10.06578947368421,2.571428571428572,2.4285714285714284,2.571428571428572,2.4285714285714284,0.5,1.7763157894736843,3.5,4.144736842105264
5057844,16.2,13.6,18,10,1.11,0.74,6,1,0.37,0.07,5,5,0.31,0.37,19,16,1.17,1.18,2,0,0.12,0.0,3.33,0.66,1.42,1.1,10.56,10.59,3.8,3.2,1.11,0.0,2.78,3.31,3.333333333333333,0.6617647058823529,3.333333333333333,0.6617647058823529,1.4197530864197532,1.102941176470588,1.4197530864197532,1.102941176470588,10.555555555555555,10.588235294117649,10.555555555555555,10.588235294117649,3.8,3.2,3.8,3.2,1.1111111111111112,0.0,2.7777777777777777,3.3088235294117645
5057843,14.1,13.3,15,11,1.06,0.83,13,5,0.92,0.38,7,8,0.5,0.6,8,14,0.57,1.05,2,2,0.14,0.15,8.3,3.38,1.56,1.43,5.11,9.47,1.14,1.75,1.28,1.35,4.47,5.41,8.297872340425533,3.3834586466165413,8.297872340425533,3.3834586466165413,1.5602836879432624,1.4285714285714286,1.5602836879432624,1.4285714285714286,5.1063829787234045,9.473684210526317,5.1063829787234045,9.473684210526317,1.1428571428571428,1.75,1.1428571428571428,1.75,1.2765957446808511,1.3533834586466165,4.468085106382979,5.413533834586466
5057842,19.4,14.5,13,13,0.67,0.9,10,7,0.52,0.48,15,10,0.77,0.69,29,17,1.49,1.17,5,4,0.26,0.28,4.64,4.34,1.44,1.59,13.45,10.55,1.93,1.7,2.32,2.48,6.96,6.21,4.639175257731959,4.344827586206897,4.639175257731959,4.344827586206897,1.4432989690721651,1.5862068965517242,1.4432989690721651,1.5862068965517242,13.45360824742268,10.551724137931034,13.45360824742268,10.551724137931034,1.9333333333333331,1.7,1.9333333333333331,1.7,2.31958762886598,2.4827586206896552,6.958762886597938,6.206896551724138
5057841,17.0,17.3,26,14,1.53,0.81,15,4,0.88,0.23,11,8,0.65,0.46,12,17,0.71,0.98,0,1,0.0,0.06,7.94,2.08,2.18,1.27,6.35,8.84,1.09,2.12,0.0,0.52,5.82,4.16,7.9411764705882355,2.0809248554913293,7.9411764705882355,2.0809248554913293,2.176470588235294,1.2716763005780347,2.176470588235294,1.2716763005780347,6.352941176470588,8.84393063583815,6.352941176470588,8.84393063583815,1.0909090909090908,2.125,1.0909090909090908,2.125,0.0,0.5202312138728323,5.823529411764706,4.161849710982659
5057840,18.2,13.1,10,18,0.55,1.37,3,13,0.16,0.99,7,7,0.38,0.53,31,12,1.7,0.92,2,3,0.11,0.23,1.48,8.93,0.93,1.91,15.33,8.24,4.43,1.71,0.99,2.06,3.46,4.81,1.4835164835164836,8.931297709923664,1.4835164835164836,8.931297709923664,0.934065934065934,1.9083969465648856,0.934065934065934,1.9083969465648856,15.32967032967033,8.244274809160306,15.32967032967033,8.244274809160306,4.428571428571429,1.7142857142857142,4.428571428571429,1.7142857142857142,0.989010989010989,2.0610687022900764,3.4615384615384617,4.809160305343512
5057839,14.3,18.5,14,13,0.98,0.7,6,6,0.42,0.32,5,16,0.35,0.86,13,18,0.91,0.97,4,0,0.28,0.0,3.78,2.92,1.33,1.57,8.18,8.76,2.6,1.12,2.52,0.0,3.15,7.78,3.776223776223776,2.918918918918919,3.776223776223776,2.918918918918919,1.3286713286713283,1.5675675675675675,1.3286713286713283,1.5675675675675675,8.181818181818182,8.756756756756756,8.181818181818182,8.756756756756756,2.6,1.125,2.6,1.125,2.517482517482517,0.0,3.1468531468531467,7.783783783783784
5057838,13.0,15.4,8,18,0.62,1.17,2,6,0.15,0.39,2,7,0.15,0.45,13,11,1.0,0.71,0,1,0.0,0.06,1.38,3.51,0.77,1.62,9.0,6.43,6.5,1.57,0.0,0.58,1.38,4.09,1.3846153846153846,3.5064935064935066,1.3846153846153846,3.5064935064935066,0.7692307692307693,1.6233766233766234,0.7692307692307693,1.6233766233766234,9.0,6.428571428571429,9.0,6.428571428571429,6.5,1.5714285714285714,6.5,1.5714285714285714,0.0,0.5844155844155844,1.3846153846153846,4.090909090909091
5057837,17.6,14.6,25,15,1.42,1.03,18,7,1.02,0.48,8,4,0.45,0.27,25,16,1.42,1.1,4,4,0.23,0.27,9.2,4.32,1.88,1.3,12.78,9.86,3.12,4.0,2.05,2.47,4.09,2.47,9.204545454545451,4.315068493150685,9.204545454545451,4.315068493150685,1.875,1.3013698630136987,1.875,1.3013698630136987,12.784090909090908,9.863013698630136,12.784090909090908,9.863013698630136,3.125,4.0,3.125,4.0,2.0454545454545454,2.4657534246575343,4.090909090909091,2.4657534246575343
5057836,15.1,16.1,19,11,1.26,0.68,12,6,0.79,0.37,6,9,0.4,0.56,14,14,0.93,0.87,1,2,0.07,0.12,7.15,3.35,1.66,1.24,8.34,7.83,2.33,1.56,0.6,1.12,3.58,5.03,7.152317880794702,3.354037267080745,7.152317880794702,3.354037267080745,1.6556291390728477,1.2422360248447204,1.6556291390728477,1.2422360248447204,8.344370860927153,7.826086956521738,8.344370860927153,7.826086956521738,2.333333333333333,1.5555555555555556,2.333333333333333,1.5555555555555556,0.5960264900662252,1.1180124223602483,3.576158940397351,5.0310559006211175
5057835,18.0,18.3,15,13,0.83,0.71,5,8,0.28,0.44,11,15,0.61,0.82,19,26,1.06,1.42,1,3,0.06,0.16,2.5,3.93,1.44,1.53,9.5,12.79,1.73,1.73,0.5,1.48,5.5,7.38,2.5,3.9344262295081966,2.5,3.9344262295081966,1.4444444444444444,1.530054644808743,1.4444444444444444,1.530054644808743,9.5,12.786885245901638,9.5,12.786885245901638,1.7272727272727273,1.7333333333333334,1.7272727272727273,1.7333333333333334,0.5,1.4754098360655736,5.5,7.377049180327869
5057834,13.0,17.2,6,25,0.46,1.45,1,20,0.08,1.16,2,17,0.15,0.99,16,18,1.23,1.05,0,3,0.0,0.17,0.69,10.47,0.62,2.44,11.08,9.42,8.0,1.06,0.0,1.57,1.38,8.9,0.6923076923076923,10.465116279069768,0.6923076923076923,10.465116279069768,0.6153846153846154,2.441860465116279,0.6153846153846154,2.441860465116279,11.076923076923077,9.418604651162791,11.076923076923077,9.418604651162791,8.0,1.0588235294117647,8.0,1.0588235294117647,0.0,1.5697674418604652,1.3846153846153846,8.895348837209303
5057833,13.5,15.3,12,10,0.89,0.65,5,1,0.37,0.07,7,8,0.52,0.52,26,17,1.93,1.11,1,0,0.07,0.0,3.33,0.59,1.41,1.18,17.33,10.0,3.71,2.12,0.67,0.0,4.67,4.71,3.333333333333333,0.5882352941176471,3.333333333333333,0.5882352941176471,1.4074074074074074,1.1764705882352942,1.4074074074074074,1.1764705882352942,17.333333333333332,10.0,17.333333333333332,10.0,3.7142857142857135,2.125,3.7142857142857135,2.125,0.6666666666666666,0.0,4.666666666666667,4.705882352941177
5057860,11.3,13.4,15,16,1.33,1.19,9,8,0.8,0.6,3,9,0.27,0.67,10,17,0.88,1.27,2,1,0.18,0.07,7.17,5.37,1.59,1.87,7.96,11.42,3.33,1.89,1.59,0.67,2.39,6.04,7.168141592920353,5.3731343283582085,7.168141592920353,5.3731343283582085,1.5929203539823007,1.8656716417910448,1.5929203539823007,1.8656716417910448,7.964601769911503,11.417910447761194,7.964601769911503,11.417910447761194,3.333333333333333,1.8888888888888888,3.333333333333333,1.8888888888888888,1.5929203539823007,0.6716417910447761,2.389380530973451,6.044776119402985
5057861,19.2,23.3,11,21,0.57,0.9,4,11,0.21,0.47,5,8,0.26,0.34,17,28,0.89,1.2,0,4,0.0,0.17,1.88,4.25,0.83,1.24,7.97,10.82,3.4,3.5,0.0,1.55,2.34,3.09,1.875,4.66321243523316,1.875,4.24892703862661,0.8333333333333334,1.398963730569948,0.8333333333333334,1.2446351931330473,7.96875,9.792746113989637,7.96875,10.815450643776824,3.4,2.625,3.4,3.5,0.0,1.5450643776824031,2.34375,3.730569948186528
5057858,19.4,15.6,20,11,1.03,0.71,6,1,0.31,0.06,5,5,0.26,0.32,23,17,1.19,1.09,2,0,0.1,0.0,2.78,0.58,1.29,1.03,10.67,9.81,4.6,3.4,0.93,0.0,2.32,2.88,1.6666666666666663,0.5769230769230769,2.783505154639176,0.5769230769230769,0.9876543209876542,1.0256410256410255,1.288659793814433,1.0256410256410255,10.555555555555554,9.807692307692308,10.670103092783506,9.807692307692308,6.333333333333333,3.4,4.6,3.4,0.9278350515463918,0.0,1.6666666666666663,2.884615384615384
5057857,17.1,15.3,15,15,0.88,0.98,13,11,0.76,0.72,8,10,0.47,0.65,14,17,0.82,1.11,2,3,0.12,0.2,6.84,6.47,1.35,1.63,7.37,10.0,1.75,1.7,1.05,1.76,4.21,5.88,6.842105263157894,6.470588235294118,6.842105263157894,6.470588235294118,1.3450292397660817,1.6339869281045751,1.3450292397660817,1.6339869281045751,7.368421052631579,10.0,7.368421052631579,10.0,1.75,1.7,1.75,1.7,1.0526315789473684,1.7647058823529411,4.2105263157894735,5.88235294117647
5057856,18.4,21.5,17,15,0.92,0.7,8,6,0.43,0.28,8,18,0.43,0.84,19,22,1.03,1.02,4,0,0.22,0.0,3.91,2.51,1.36,1.53,9.29,9.21,2.38,1.22,1.96,0.0,3.91,7.53,3.91304347826087,2.918918918918919,3.91304347826087,2.511627906976744,1.358695652173913,1.6216216216216215,1.358695652173913,1.5348837209302326,9.293478260869566,9.72972972972973,9.293478260869566,9.209302325581396,2.375,1.25,2.375,1.2222222222222223,1.956521739130435,0.0,3.91304347826087,7.783783783783784
5057855,22.4,17.6,16,16,0.71,0.91,11,10,0.49,0.57,16,12,0.71,0.68,34,21,1.52,1.19,6,5,0.27,0.28,4.42,5.11,1.43,1.59,13.66,10.74,2.12,1.75,2.41,2.56,6.43,6.14,3.9344262295081975,5.113636363636363,4.419642857142858,5.113636363636363,1.3661202185792352,1.5909090909090908,1.4285714285714286,1.5909090909090908,14.262295081967215,10.738636363636363,13.660714285714286,10.738636363636363,2.071428571428572,1.75,2.125,1.75,2.410714285714286,2.5568181818181817,6.885245901639346,6.136363636363636
5057854,22.2,16.2,13,23,0.59,1.42,3,16,0.14,0.99,9,9,0.41,0.56,33,14,1.49,0.86,2,5,0.09,0.31,1.22,8.89,0.99,1.98,13.38,7.78,3.67,1.56,0.81,2.78,3.65,5.0,1.2162162162162162,8.88888888888889,1.2162162162162162,8.88888888888889,0.990990990990991,1.9753086419753088,0.990990990990991,1.9753086419753088,13.37837837837838,7.777777777777778,13.37837837837838,7.777777777777778,3.6666666666666665,1.5555555555555556,3.6666666666666665,1.5555555555555556,0.8108108108108109,2.7777777777777777,3.6486486486486487,5.0
5057859,24.0,18.2,19,10,0.79,0.55,10,4,0.42,0.22,8,7,0.33,0.38,24,20,1.0,1.1,1,3,0.04,0.16,3.75,1.98,1.12,0.93,9.0,9.89,3.0,2.86,0.38,1.48,3.0,3.46,3.75,1.978021978021978,3.75,1.978021978021978,1.125,0.934065934065934,1.125,0.934065934065934,9.0,9.89010989010989,9.0,9.89010989010989,3.0,2.857142857142857,3.0,2.857142857142857,0.375,1.4835164835164836,3.0,3.4615384615384617
5057852,17.2,20.2,6,28,0.35,1.39,1,24,0.06,1.19,3,19,0.17,0.94,24,19,1.4,0.94,0,4,0.0,0.2,0.52,10.69,0.52,2.33,12.56,8.47,8.0,1.0,0.0,1.78,1.57,8.47,0.5232558139534884,10.693069306930694,0.5232558139534884,10.693069306930694,0.5232558139534884,2.326732673267327,0.5232558139534884,2.326732673267327,12.558139534883722,8.465346534653465,12.558139534883722,8.465346534653465,8.0,1.0,8.0,1.0,0.0,1.7821782178217822,1.5697674418604652,8.465346534653465
5057851,20.6,19.6,28,28,1.36,1.43,18,12,0.87,0.61,8,7,0.39,0.36,27,22,1.31,1.12,4,4,0.19,0.2,7.86,5.51,1.75,1.79,11.8,10.1,3.38,3.14,1.75,1.84,3.5,3.21,7.864077669902912,5.5102040816326525,7.864077669902912,5.5102040816326525,1.7475728155339805,1.7857142857142856,1.7475728155339805,1.7857142857142856,11.796116504854368,10.10204081632653,11.796116504854368,10.10204081632653,3.375,3.142857142857143,3.375,3.142857142857143,1.7475728155339805,1.8367346938775508,3.495145631067961,3.214285714285714
5057850,18.3,23.1,23,18,1.26,0.78,13,9,0.71,0.39,7,11,0.38,0.48,18,15,0.98,0.65,1,4,0.05,0.17,6.39,3.51,1.64,1.26,8.85,5.84,2.57,1.36,0.49,1.56,3.44,4.29,6.393442622950819,3.506493506493506,6.393442622950819,3.506493506493506,1.639344262295082,1.255411255411255,1.639344262295082,1.255411255411255,8.852459016393443,5.844155844155844,8.852459016393443,5.844155844155844,2.571428571428572,1.3636363636363635,2.571428571428572,1.3636363636363635,0.4918032786885246,1.5584415584415583,3.442622950819672,4.285714285714286
5057849,22.1,22.5,17,19,0.77,0.84,7,10,0.32,0.44,12,17,0.54,0.76,23,32,1.04,1.42,2,5,0.09,0.22,2.85,4.0,1.31,1.6,9.37,12.8,1.92,1.88,0.81,2.0,4.89,6.8,2.850678733031674,4.0,2.850678733031674,4.0,1.3122171945701355,1.6,1.3122171945701355,1.6,9.366515837104073,12.8,9.366515837104073,12.8,1.9166666666666667,1.8823529411764703,1.9166666666666667,1.8823529411764703,0.8144796380090498,2.0,4.886877828054298,6.8
5057848,18.6,19.4,21,13,1.13,0.67,12,3,0.65,0.15,8,9,0.43,0.46,30,21,1.61,1.08,3,0,0.16,0.0,5.81,1.39,1.56,1.13,14.52,9.74,3.75,2.33,1.45,0.0,3.87,4.18,5.806451612903225,1.3917525773195878,5.806451612903225,1.3917525773195878,1.5591397849462365,1.1340206185567012,1.5591397849462365,1.1340206185567012,14.516129032258064,9.742268041237114,14.516129032258064,9.742268041237114,3.75,2.333333333333333,3.75,2.333333333333333,1.4516129032258065,0.0,3.870967741935484,4.175257731958763
5057847,18.1,19.4,11,20,0.61,1.03,3,6,0.17,0.31,2,10,0.11,0.52,18,14,0.99,0.72,1,1,0.06,0.05,1.49,2.78,0.72,1.55,8.95,6.49,9.0,1.4,0.5,0.46,0.99,4.64,1.4917127071823204,2.783505154639176,1.4917127071823204,2.783505154639176,0.718232044198895,1.5463917525773196,0.718232044198895,1.5463917525773196,8.950276243093922,6.494845360824743,8.950276243093922,6.494845360824743,9.0,1.4,9.0,1.4,0.4972375690607734,0.4639175257731959,0.9944751381215468,4.639175257731959
5057853,21.0,19.3,26,16,1.24,0.83,15,5,0.71,0.26,12,9,0.57,0.47,14,19,0.67,0.98,0,2,0.0,0.1,6.43,2.33,1.81,1.3,6.0,8.86,1.17,2.11,0.0,0.93,5.14,4.2,6.428571428571429,2.33160621761658,6.428571428571429,2.33160621761658,1.809523809523809,1.2953367875647668,1.809523809523809,1.2953367875647668,6.0,8.860103626943005,6.0,8.860103626943005,1.1666666666666667,2.111111111111111,1.1666666666666667,2.111111111111111,0.0,0.932642487046632,5.142857142857143,4.196891191709844
5057862,15.3,17.4,20,22,1.31,1.26,15,12,0.98,0.69,11,14,0.72,0.8,16,22,1.05,1.26,3,3,0.2,0.17,8.82,6.21,2.03,2.07,9.41,11.38,1.45,1.57,1.76,1.55,6.47,7.24,8.823529411764705,6.206896551724139,8.823529411764705,6.206896551724139,2.026143790849673,2.0689655172413794,2.026143790849673,2.0689655172413794,9.411764705882351,11.379310344827587,9.411764705882351,11.379310344827587,1.4545454545454546,1.5714285714285714,1.4545454545454546,1.5714285714285714,1.7647058823529411,1.5517241379310347,6.470588235294118,7.241379310344828
5057864,20.1,21.1,18,14,0.9,0.66,13,3,0.65,0.14,8,2,0.4,0.09,17,21,0.85,1.0,2,1,0.1,0.05,5.82,1.28,1.29,0.76,7.61,8.96,2.12,10.5,0.9,0.43,3.58,0.85,5.0310559006211175,1.4917127071823204,5.820895522388059,1.2796208530805686,1.1180124223602483,0.7734806629834253,1.2935323383084576,0.7582938388625592,8.385093167701863,9.447513812154696,7.611940298507462,8.95734597156398,3.0,9.5,2.125,10.5,0.8955223880597014,0.4265402843601895,2.795031055900621,0.9944751381215468
5057865,20.4,24.4,13,18,0.64,0.74,8,5,0.39,0.2,11,11,0.54,0.45,23,25,1.13,1.02,4,2,0.2,0.08,3.53,1.84,1.18,1.19,10.15,9.22,2.09,2.27,1.76,0.74,4.85,4.06,4.390243902439025,0.8823529411764707,3.5294117647058827,1.8442622950819676,1.2804878048780488,1.2254901960784317,1.1764705882352942,1.1885245901639343,9.878048780487806,9.705882352941178,10.147058823529411,9.221311475409836,2.0,2.0,2.090909090909091,2.272727272727273,1.7647058823529411,0.7377049180327869,4.939024390243903,4.852941176470589
5057879,23.6,27.6,15,22,0.64,0.8,8,6,0.34,0.22,11,13,0.47,0.47,26,27,1.1,0.98,4,3,0.17,0.11,3.05,1.96,1.1,1.27,9.92,8.8,2.36,2.08,1.53,0.98,4.19,4.24,3.8414634146341458,1.467391304347826,3.0508474576271185,1.9565217391304344,1.0365853658536583,1.2499999999999998,1.1016949152542372,1.2681159420289854,9.878048780487804,8.804347826086955,9.915254237288137,8.804347826086955,3.0,1.6363636363636365,2.363636363636364,2.076923076923077,1.5254237288135593,0.9782608695652172,3.292682926829268,5.380434782608695
5057878,23.6,26.4,23,18,0.97,0.68,7,13,0.3,0.49,10,16,0.42,0.61,17,41,0.72,1.55,1,8,0.04,0.3,2.67,4.43,1.4,1.29,6.48,13.98,1.7,2.56,0.38,2.73,3.81,5.45,2.647058823529412,4.21875,2.669491525423729,4.431818181818182,1.372549019607843,1.09375,1.3983050847457623,1.2878787878787878,7.499999999999999,14.53125,6.483050847457627,13.977272727272728,1.8888888888888888,3.1,1.7,2.5625,0.3813559322033898,2.7272727272727275,3.970588235294117,4.6875
5057877,24.2,25.1,31,16,1.28,0.64,23,4,0.95,0.16,13,3,0.54,0.12,20,23,0.83,0.92,4,1,0.17,0.04,8.55,1.43,1.82,0.76,7.44,8.25,1.54,7.67,1.49,0.36,4.83,1.08,9.473684210526317,1.413612565445026,8.553719008264464,1.4342629482071712,1.9883040935672516,0.7329842931937173,1.8181818181818183,0.7569721115537849,8.94736842105263,7.539267015706805,7.43801652892562,8.247011952191235,1.7,8.0,1.5384615384615383,7.666666666666667,1.487603305785124,0.3585657370517928,5.263157894736842,0.9424083769633508
5057876,23.7,22.4,19,21,0.8,0.94,6,7,0.25,0.31,19,5,0.8,0.22,27,26,1.14,1.16,0,3,0.0,0.13,2.28,2.81,1.6,1.16,10.25,10.45,1.42,5.2,0.0,1.21,7.22,2.01,3.272727272727273,2.222222222222222,2.278481012658228,2.8125,2.0,0.8641975308641974,1.6033755274261603,1.1607142857142858,9.818181818181818,10.555555555555554,10.253164556962023,10.446428571428571,1.2,9.5,1.4210526315789471,5.2,0.0,1.205357142857143,8.181818181818182,1.111111111111111
5057874,26.5,21.6,21,23,0.79,1.06,12,13,0.45,0.6,18,9,0.68,0.42,36,32,1.36,1.48,6,4,0.23,0.19,4.08,5.42,1.47,1.48,12.23,13.33,2.0,3.56,2.04,1.67,6.11,3.75,2.783505154639176,5.5102040816326525,4.075471698113208,5.416666666666666,1.288659793814433,1.530612244897959,1.471698113207547,1.4814814814814814,12.52577319587629,12.857142857142856,12.226415094339623,13.333333333333332,2.4545454545454546,3.111111111111111,2.0,3.555555555555556,2.037735849056604,1.6666666666666663,5.103092783505155,4.13265306122449
5057873,24.6,22.5,30,29,1.22,1.29,12,17,0.49,0.76,7,7,0.28,0.31,25,22,1.02,0.98,4,2,0.16,0.09,4.39,6.8,1.5,1.6,9.15,8.8,3.57,3.14,1.46,0.8,2.56,2.8,5.046728971962617,6.461538461538462,4.390243902439024,6.8,1.588785046728972,1.5384615384615383,1.5040650406504064,1.6,9.672897196261683,9.692307692307692,9.146341463414634,8.8,3.2857142857142856,3.5,3.571428571428572,3.142857142857143,1.4634146341463414,0.8,2.94392523364486,2.769230769230769
5057872,20.4,19.2,24,29,1.18,1.51,13,20,0.64,1.04,15,10,0.74,0.52,25,16,1.23,0.83,3,5,0.15,0.26,5.74,9.38,1.91,2.03,11.03,7.5,1.67,1.6,1.32,2.34,6.62,4.69,5.439560439560439,6.666666666666667,5.735294117647059,9.375,1.868131868131868,1.7283950617283952,1.911764705882353,2.03125,11.868131868131869,8.333333333333334,11.029411764705882,7.5,1.7142857142857142,1.6666666666666667,1.6666666666666667,1.6,1.323529411764706,2.34375,6.923076923076922,5.0
5057870,23.4,25.2,17,21,0.73,0.83,5,11,0.21,0.44,12,14,0.51,0.56,23,28,0.98,1.11,1,3,0.04,0.12,1.92,3.93,1.24,1.39,8.85,10.0,1.92,2.0,0.38,1.07,4.62,5.0,2.2167487684729066,3.2432432432432434,1.9230769230769231,3.928571428571429,1.2807881773399017,1.2612612612612613,1.2393162393162394,1.3888888888888888,8.866995073891626,10.135135135135137,8.846153846153847,10.0,1.818181818181818,2.083333333333333,1.9166666666666667,2.0,0.3846153846153846,1.0714285714285714,4.876847290640395,4.864864864864865
6041984,25.2,24.6,33,32,1.31,1.3,26,19,1.03,0.77,21,11,0.83,0.45,24,34,0.95,1.38,5,4,0.2,0.16,9.29,6.95,2.14,1.75,8.57,12.44,1.14,3.09,1.79,1.46,7.5,4.02,7.539267015706805,7.499999999999999,9.285714285714286,6.951219512195122,1.9371727748691097,1.8055555555555556,2.142857142857143,1.7479674796747966,10.837696335078531,12.083333333333332,8.571428571428571,12.4390243902439,1.7692307692307692,3.2222222222222223,1.1428571428571428,3.090909090909091,1.7857142857142858,1.4634146341463414,6.12565445026178,3.75
5057869,20.6,28.0,18,22,0.87,0.79,11,11,0.53,0.39,14,9,0.68,0.32,23,30,1.12,1.07,6,1,0.29,0.04,4.81,3.54,1.55,1.11,10.05,9.64,1.64,3.33,2.62,0.32,6.12,2.89,5.624999999999999,3.6818181818181817,4.805825242718447,3.5357142857142856,1.7045454545454544,1.1363636363636365,1.5533980582524272,1.1071428571428572,9.71590909090909,9.818181818181818,10.048543689320388,9.642857142857142,1.4615384615384617,3.0,1.6428571428571428,3.333333333333333,2.6213592233009706,0.3214285714285714,6.6477272727272725,3.272727272727273
5057868,17.8,17.2,16,6,0.9,0.35,4,1,0.22,0.06,6,3,0.34,0.17,20,24,1.12,1.4,0,0,0.0,0.0,2.02,0.52,1.24,0.52,10.11,12.56,3.33,8.0,0.0,0.0,3.03,1.57,2.3076923076923075,0.5921052631578948,2.02247191011236,0.5232558139534884,1.282051282051282,0.3947368421052631,1.2359550561797752,0.5232558139534884,10.384615384615383,11.842105263157896,10.112359550561797,12.558139534883722,3.6,6.666666666666667,3.333333333333333,8.0,0.0,0.0,2.884615384615384,1.7763157894736843
5057867,16.3,26.0,15,28,0.92,1.08,11,15,0.67,0.58,12,15,0.74,0.58,17,18,1.04,0.69,3,0,0.18,0.0,6.07,5.19,1.66,1.65,9.39,6.23,1.42,1.2,1.66,0.0,6.63,5.19,6.7669172932330826,3.6818181818181817,6.07361963190184,5.1923076923076925,1.6541353383458646,1.318181818181818,1.656441717791411,1.6538461538461535,10.827067669172932,6.136363636363637,9.386503067484664,6.230769230769231,1.7777777777777777,1.3636363636363635,1.4166666666666667,1.2,1.656441717791411,0.0,6.090225563909774,4.5
5057866,26.1,22.2,25,13,0.96,0.59,13,6,0.5,0.27,14,7,0.54,0.32,16,20,0.61,0.9,6,1,0.23,0.05,4.48,2.43,1.49,0.9,5.52,8.11,1.14,2.86,2.07,0.41,4.83,2.84,5.142857142857143,2.8125,4.482758620689655,2.4324324324324325,1.4761904761904765,0.9895833333333334,1.4942528735632183,0.9009009009009008,5.142857142857143,8.4375,5.517241379310344,8.108108108108109,1.0909090909090908,2.571428571428572,1.1428571428571428,2.857142857142857,2.068965517241379,0.4054054054054054,4.714285714285714,3.28125
5057871,25.3,21.5,24,19,0.95,0.88,12,8,0.47,0.37,8,8,0.32,0.37,30,25,1.19,1.16,5,4,0.2,0.19,4.27,3.35,1.26,1.26,10.67,10.47,3.75,3.12,1.78,1.67,2.85,3.35,4.426229508196721,3.292682926829269,4.2687747035573125,3.3488372093023258,1.530054644808743,1.2804878048780488,1.2648221343873518,1.255813953488372,9.836065573770492,10.975609756097562,10.67193675889328,10.465116279069768,2.857142857142857,2.857142857142857,3.75,3.125,1.7786561264822134,1.6744186046511629,3.442622950819672,3.841463414634146
5057892,30.6,24.7,31,29,1.01,1.17,13,17,0.42,0.69,8,8,0.26,0.32,32,28,1.05,1.13,5,2,0.16,0.08,3.82,6.19,1.27,1.5,9.41,10.2,4.0,3.5,1.47,0.73,2.35,2.91,4.462809917355373,7.005988023952096,3.8235294117647056,6.194331983805668,1.3223140495867771,1.497005988023952,1.2745098039215683,1.4979757085020244,10.041322314049587,11.317365269461078,9.411764705882351,10.20242914979757,3.857142857142857,3.5,4.0,3.5,1.4705882352941175,0.728744939271255,2.603305785123968,3.2335329341317367
5057891,26.2,28.1,33,17,1.26,0.6,25,4,0.95,0.14,13,3,0.5,0.11,22,24,0.84,0.85,6,1,0.23,0.04,8.59,1.28,1.76,0.71,7.56,7.69,1.69,8.0,2.06,0.32,4.47,0.96,10.062111801242237,0.9944751381215468,8.587786259541986,1.281138790035587,2.0496894409937885,0.6629834254143646,1.7557251908396947,0.7117437722419928,10.062111801242237,6.464088397790055,7.557251908396947,7.686832740213522,2.0,13.0,1.6923076923076923,8.0,2.0610687022900764,0.3202846975088967,5.0310559006211175,0.4972375690607734
6096942,18.3,25.2,24,14,1.31,0.56,19,3,1.04,0.12,13,10,0.71,0.4,20,37,1.09,1.47,6,2,0.33,0.08,9.34,1.07,2.02,0.95,9.84,13.21,1.54,3.7,2.95,0.71,6.39,3.57,5.439560439560439,1.7142857142857142,7.037037037037037,1.5410958904109588,1.5384615384615383,1.0476190476190477,1.728395061728395,1.0616438356164384,10.879120879120878,11.571428571428571,10.37037037037037,13.253424657534246,1.6923076923076923,3.375,1.75,3.3076923076923075,2.2222222222222223,0.6164383561643836,6.428571428571428,3.4285714285714284
5057889,25.4,21.4,28,32,1.1,1.5,14,26,0.55,1.21,16,13,0.63,0.61,28,19,1.1,0.89,3,6,0.12,0.28,4.96,10.93,1.73,2.1,9.92,7.99,1.75,1.46,1.06,2.52,5.67,5.47,5.684210526315789,9.411764705882351,4.960629921259843,10.934579439252335,1.7894736842105263,1.8954248366013071,1.7322834645669292,2.1028037383177574,9.473684210526317,8.235294117647058,9.921259842519683,7.990654205607477,1.6666666666666667,1.4,1.75,1.4615384615384617,1.062992125984252,2.5233644859813085,5.684210526315789,5.88235294117647
5057888,26.4,29.2,21,23,0.8,0.79,7,12,0.27,0.41,12,15,0.45,0.51,25,32,0.95,1.1,2,3,0.08,0.1,2.39,3.7,1.25,1.3,8.52,9.86,2.08,2.13,0.68,0.92,4.09,4.62,3.6416184971098255,3.28125,2.3863636363636367,3.6986301369863015,1.329479768786127,1.3020833333333337,1.25,1.3013698630136987,7.283236994219653,8.90625,8.522727272727273,9.863013698630136,1.5555555555555556,1.9,2.083333333333333,2.1333333333333333,0.6818181818181819,0.9246575342465754,4.682080924855491,4.6875
5057887,20.9,21.2,16,10,0.77,0.47,4,4,0.19,0.19,6,8,0.29,0.38,24,30,1.15,1.42,0,1,0.0,0.05,1.72,1.7,1.05,0.85,10.33,12.74,4.0,3.75,0.0,0.42,2.58,3.4,2.3225806451612905,2.0930232558139537,1.7224880382775118,1.69811320754717,1.1612903225806452,0.813953488372093,1.0526315789473684,0.8490566037735849,9.870967741935484,12.558139534883722,10.33492822966507,12.735849056603774,5.666666666666667,3.0,4.0,3.75,0.0,0.4245283018867924,1.7419354838709675,4.186046511627907
5057882,29.5,25.6,24,23,0.81,0.9,14,14,0.47,0.55,19,12,0.64,0.47,41,36,1.39,1.41,7,4,0.24,0.16,4.27,4.92,1.46,1.37,12.51,12.66,2.16,3.0,2.14,1.41,5.8,4.22,2.9347826086956523,5.538461538461538,4.271186440677966,4.921875,1.1413043478260871,1.5384615384615383,1.4576271186440677,1.3671875,13.206521739130435,12.0,12.508474576271189,12.65625,3.857142857142857,2.363636363636364,2.1578947368421053,3.0,2.135593220338983,1.40625,3.423913043478261,5.076923076923077
5057884,26.6,30.5,27,25,1.02,0.82,10,18,0.38,0.59,14,18,0.53,0.59,20,45,0.75,1.48,1,10,0.04,0.33,3.38,5.31,1.54,1.41,6.77,13.28,1.43,2.5,0.34,2.95,4.74,5.31,2.445652173913043,5.15625,3.3834586466165413,5.311475409836065,1.1956521739130432,1.25,1.5413533834586466,1.4098360655737705,7.33695652173913,13.125,6.7669172932330826,13.278688524590164,1.875,3.5,1.4285714285714286,2.5,0.3383458646616541,2.950819672131148,3.913043478260869,3.75
5057883,30.3,25.3,30,17,0.99,0.67,15,8,0.5,0.32,18,9,0.59,0.36,20,23,0.66,0.91,7,1,0.23,0.04,4.46,2.85,1.58,1.03,5.94,8.18,1.11,2.56,2.08,0.36,5.35,3.2,4.054054054054054,4.2105263157894735,4.455445544554455,2.845849802371541,1.5315315315315317,1.1695906432748535,1.584158415841584,1.0276679841897234,5.27027027027027,7.894736842105263,5.9405940594059405,8.181818181818182,1.0833333333333333,2.142857142857143,1.1111111111111112,2.555555555555556,2.0792079207920797,0.3557312252964427,4.864864864864865,3.684210526315789
5057886,22.3,31.2,25,21,1.12,0.67,19,7,0.85,0.22,14,16,0.63,0.51,25,43,1.12,1.38,6,3,0.27,0.1,7.67,2.02,1.75,1.19,10.09,12.4,1.79,2.69,2.42,0.87,5.65,4.62,10.699300699300698,0.8490566037735849,9.344262295081966,1.0714285714285714,2.237762237762237,0.9433962264150944,2.021857923497268,0.9523809523809524,9.44055944055944,11.88679245283019,9.836065573770492,13.214285714285715,1.1538461538461535,3.5,1.5384615384615383,3.7,2.9508196721311477,0.7142857142857143,8.181818181818182,3.39622641509434
5057881,34.2,29.7,40,38,1.17,1.28,29,19,0.85,0.64,22,12,0.64,0.4,34,40,0.99,1.35,6,4,0.18,0.13,7.63,5.76,1.81,1.68,8.95,12.12,1.55,3.33,1.58,1.21,5.79,3.64,6.348547717842323,5.441860465116279,7.63157894736842,5.757575757575758,1.4937759336099583,1.7674418604651163,1.8128654970760232,1.6835016835016836,10.829875518672198,11.72093023255814,8.94736842105263,12.12121212121212,2.9,4.0,1.5454545454545454,3.333333333333333,1.5789473684210524,1.2121212121212122,3.734439834024896,2.9302325581395348
5057880,19.3,29.1,17,31,0.88,1.07,11,16,0.57,0.55,13,17,0.67,0.58,21,19,1.09,0.65,3,0,0.16,0.0,5.13,4.95,1.55,1.65,9.79,5.88,1.62,1.12,1.4,0.0,6.06,5.26,6.7669172932330826,2.559241706161137,5.129533678756476,4.948453608247423,1.7293233082706767,1.2322274881516586,1.5544041450777202,1.649484536082474,8.796992481203008,5.545023696682464,9.792746113989637,5.876288659793814,1.4444444444444444,1.0833333333333333,1.6153846153846154,1.1176470588235294,1.398963730569948,0.0,6.090225563909774,5.118483412322274
5057893,27.6,30.8,22,26,0.8,0.84,13,7,0.47,0.23,15,14,0.54,0.45,32,31,1.16,1.01,5,3,0.18,0.1,4.24,2.05,1.34,1.3,10.43,9.06,2.13,2.21,1.63,0.88,4.89,4.09,6.428571428571428,1.6265060240963851,4.239130434782608,2.0454545454545454,1.6233766233766231,1.1445783132530118,1.3405797101449275,1.2987012987012987,11.103896103896105,9.759036144578312,10.434782608695652,9.058441558441558,2.111111111111111,3.0,2.1333333333333333,2.2142857142857144,1.6304347826086956,0.8766233766233766,5.259740259740259,3.2530120481927707
5057885,23.6,30.1,18,24,0.76,0.8,11,12,0.47,0.4,15,9,0.64,0.3,26,33,1.1,1.1,6,2,0.25,0.07,4.19,3.59,1.4,1.1,9.92,9.87,1.73,3.67,2.29,0.6,5.72,2.69,6.206896551724138,2.686567164179104,4.194915254237288,3.5880398671096345,1.4482758620689655,0.8955223880597014,1.3983050847457623,1.096345514950166,9.310344827586206,10.746268656716415,9.915254237288137,9.867109634551497,1.875,6.0,1.7333333333333334,3.6666666666666665,2.2881355932203387,0.5980066445182723,4.965517241379311,1.7910447761194028
5057894,26.8,25.4,23,21,0.86,0.83,8,7,0.3,0.28,21,5,0.78,0.2,30,32,1.12,1.26,0,3,0.0,0.12,2.69,2.48,1.64,1.02,10.07,11.34,1.43,6.4,0.0,1.06,7.05,1.77,3.272727272727273,0.5921052631578947,2.686567164179104,2.4803149606299213,1.6363636363636365,0.5263157894736842,1.6417910447761193,1.0236220472440944,9.818181818181818,12.43421052631579,10.07462686567164,11.338582677165356,1.5,,1.4285714285714286,6.4,0.0,1.062992125984252,6.545454545454546,0.0
5057899,28.5,28.5,25,28,0.88,0.98,12,12,0.42,0.42,8,11,0.28,0.39,34,30,1.19,1.05,5,6,0.18,0.21,3.79,3.79,1.16,1.37,10.74,9.47,4.25,2.73,1.58,1.89,2.53,3.47,,,,,,,,,,,,,,,,,,,,
5057895,33.6,27.8,25,28,0.74,1.01,14,16,0.42,0.58,23,15,0.68,0.54,44,38,1.31,1.37,7,4,0.21,0.14,3.75,5.18,1.43,1.55,11.79,12.3,1.91,2.53,1.88,1.29,6.16,4.86,,,,,,,,,,,,,,,,,,,,
5057896,35.3,28.3,38,21,1.08,0.74,19,11,0.54,0.39,19,9,0.54,0.32,24,25,0.68,0.88,8,2,0.23,0.07,4.84,3.5,1.61,1.06,6.12,7.95,1.26,2.78,2.04,0.64,4.84,2.86,,,,,,,,,,,,,,,,,,,,
5057897,26.0,24.3,25,13,0.96,0.53,7,9,0.27,0.37,8,15,0.31,0.62,30,35,1.15,1.44,0,1,0.0,0.04,2.42,3.33,1.27,1.15,10.38,12.96,3.75,2.33,0.0,0.37,2.77,5.56,,,,,,,,,,,,,,,,,,,,
5057898,28.6,33.1,22,26,0.77,0.79,12,13,0.42,0.39,16,9,0.56,0.27,31,38,1.08,1.15,6,2,0.21,0.06,3.78,3.53,1.33,1.06,9.76,10.33,1.94,4.22,1.89,0.54,5.03,2.45,,,,,,,,,,,,,,,,,,,,
5057900,28.3,35.2,27,25,0.95,0.71,19,9,0.67,0.26,17,19,0.6,0.54,33,49,1.17,1.39,6,3,0.21,0.09,6.04,2.3,1.55,1.25,10.49,12.53,1.94,2.58,1.91,0.77,5.41,4.86,,,,,,,,,,,,,,,,,,,,
5057901,30.4,24.4,32,33,1.05,1.35,17,26,0.56,1.07,18,15,0.59,0.61,30,23,0.99,0.94,3,6,0.1,0.25,5.03,9.59,1.64,1.97,8.88,8.48,1.67,1.53,0.89,2.21,5.33,5.53,,,,,,,,,,,,,,,,,,,,
5057902,42.2,36.7,46,43,1.09,1.17,32,22,0.76,0.6,27,15,0.64,0.41,35,46,0.83,1.25,7,6,0.17,0.16,6.82,5.4,1.73,1.58,7.46,11.28,1.3,3.07,1.49,1.47,5.76,3.68,,,,,,,,,,,,,,,,,,,,
5057903,30.4,32.2,23,24,0.76,0.75,7,12,0.23,0.37,12,18,0.39,0.56,29,35,0.95,1.09,2,3,0.07,0.09,2.07,3.35,1.15,1.3,8.59,9.78,2.42,1.94,0.59,0.84,3.55,5.03,,,,,,,,,,,,,,,,,,,,
5057904,38.7,26.8,37,30,0.96,1.12,14,17,0.36,0.63,10,9,0.26,0.34,42,30,1.09,1.12,5,2,0.13,0.07,3.26,5.71,1.21,1.46,9.77,10.07,4.2,3.33,1.16,0.67,2.33,3.02,,,,,,,,,,,,,,,,,,,,
5057905,32.6,33.6,37,27,1.13,0.8,16,18,0.49,0.54,21,18,0.64,0.54,25,49,0.77,1.46,2,10,0.06,0.3,4.42,4.82,1.78,1.34,6.9,13.12,1.19,2.72,0.55,2.68,5.8,4.82,,,,,,,,,,,,,,,,,,,,
5057906,31.7,32.8,27,26,0.85,0.79,15,7,0.47,0.21,16,14,0.5,0.43,35,32,1.1,0.98,6,3,0.19,0.09,4.26,1.92,1.36,1.22,9.94,8.78,2.19,2.29,1.7,0.82,4.54,3.84,,,,,,,,,,,,,,,,,,,,
5057907,29.9,26.5,24,22,0.8,0.83,8,7,0.27,0.26,22,5,0.74,0.19,33,34,1.1,1.28,0,3,0.0,0.11,2.41,2.38,1.54,1.02,9.93,11.55,1.5,6.8,0.0,1.02,6.62,1.7,,,,,,,,,,,,,,,,,,,,
5057908,30.2,29.1,33,17,1.09,0.58,25,4,0.83,0.14,13,3,0.43,0.1,26,25,0.86,0.86,6,1,0.2,0.03,7.45,1.24,1.52,0.69,7.75,7.73,2.0,8.33,1.79,0.31,3.87,0.93,,,,,,,,,,,,,,,,,,,,
6127497,28.5,28.5,25,28,0.88,0.98,12,12,0.42,0.42,8,11,0.28,0.39,34,30,1.19,1.05,5,6,0.18,0.21,3.79,3.79,1.16,1.37,10.74,9.47,4.25,2.73,1.58,1.89,2.53,3.47,,,,,,,,,,,,,,,,,,,,
5057909,23.4,33.3,20,36,0.85,1.08,12,20,0.51,0.6,15,21,0.64,0.63,24,23,1.03,0.69,4,2,0.17,0.06,4.62,5.41,1.5,1.71,9.23,6.22,1.6,1.1,1.54,0.54,5.77,5.68,,,,,,,,,,,,,,,,,,,,
5057910,24.4,28.5,33,28,1.35,0.98,26,12,1.07,0.42,15,11,0.61,0.39,23,30,0.94,1.05,6,6,0.25,0.21,9.59,3.79,1.97,1.37,8.48,9.47,1.53,2.73,2.21,1.89,5.53,3.47,8.181818181818182,4.245283018867924,9.59016393442623,3.789473684210526,1.748251748251748,1.4150943396226414,1.9672131147540983,1.368421052631579,9.44055944055944,9.764150943396226,8.48360655737705,9.473684210526317,1.5,3.2857142857142856,1.5333333333333334,2.727272727272727,2.2131147540983607,1.894736842105263,6.293706293706293,2.971698113207547
5057911,28.5,28.3,25,27,0.88,0.95,12,19,0.42,0.67,8,17,0.28,0.6,34,33,1.19,1.17,5,6,0.18,0.21,3.79,6.04,1.16,1.55,10.74,10.49,4.25,1.94,1.58,1.91,2.53,5.41,4.090909090909091,4.5,3.789473684210526,6.042402826855123,1.2987012987012987,1.4,1.1578947368421053,1.5547703180212014,9.935064935064934,11.25,10.736842105263158,10.49469964664311,5.666666666666667,1.7857142857142858,4.25,1.9411764705882355,1.5789473684210529,1.9081272084805652,1.7532467532467533,6.3
5057912,24.3,32.2,13,24,0.53,0.75,9,12,0.37,0.37,15,18,0.62,0.56,35,35,1.44,1.09,1,3,0.04,0.09,3.33,3.35,1.15,1.3,12.96,9.78,2.33,1.94,0.37,0.84,5.56,5.03,4.969325153374233,3.4615384615384617,3.333333333333333,3.354037267080745,1.411042944785276,1.153846153846154,1.1522633744855966,1.3043478260869563,12.699386503067483,9.89010989010989,12.962962962962962,9.782608695652174,1.5333333333333334,2.2222222222222223,2.333333333333333,1.9444444444444444,0.3703703703703703,0.8385093167701863,8.282208588957054,4.450549450549451
5057913,33.6,33.1,25,26,0.74,0.79,14,13,0.42,0.39,23,9,0.68,0.27,44,38,1.31,1.15,7,2,0.21,0.06,3.75,3.53,1.43,1.06,11.79,10.33,1.91,4.22,1.88,0.54,6.16,2.45,3.121387283236994,3.134328358208955,3.75,3.534743202416918,1.213872832369942,0.945273631840796,1.4285714285714286,1.0574018126888216,11.445086705202312,10.746268656716415,11.785714285714285,10.332326283987914,2.4444444444444446,8.0,1.9130434782608696,4.222222222222222,1.875,0.5438066465256798,4.682080924855491,1.343283582089552
5057914,28.6,35.2,22,25,0.77,0.71,12,9,0.42,0.26,16,19,0.56,0.54,31,49,1.08,1.39,6,3,0.21,0.09,3.78,2.3,1.33,1.25,9.76,12.53,1.94,2.58,1.89,0.77,5.03,4.86,4.682080924855491,3.4285714285714284,3.776223776223776,2.3011363636363638,1.2716763005780347,1.4761904761904765,1.3286713286713283,1.25,8.84393063583815,10.285714285714286,9.755244755244757,12.52840909090909,2.4285714285714284,1.8461538461538465,1.9375,2.5789473684210527,1.888111888111888,0.7670454545454545,3.6416184971098255,5.571428571428571
5057915,35.3,33.3,38,36,1.08,1.08,19,20,0.54,0.6,19,21,0.54,0.63,24,23,0.68,0.69,8,2,0.23,0.06,4.84,5.41,1.61,1.71,6.12,6.22,1.26,1.1,2.04,0.54,4.84,5.68,5.043103448275861,2.216748768472906,4.8441926345609065,5.405405405405406,1.7672413793103443,1.2315270935960592,1.614730878186969,1.7117117117117118,5.43103448275862,6.206896551724138,6.118980169971672,6.216216216216217,1.1666666666666667,1.0769230769230769,1.263157894736842,1.0952380952380951,2.039660056657224,0.5405405405405406,4.655172413793103,5.763546798029556
5057916,36.7,28.3,43,21,1.17,0.74,22,11,0.6,0.39,15,9,0.41,0.32,46,25,1.25,0.88,6,2,0.16,0.07,5.4,3.5,1.58,1.06,11.28,7.95,3.07,2.78,1.47,0.64,3.68,2.86,5.691699604743084,5.789473684210526,5.395095367847411,3.498233215547703,1.7391304347826089,1.3450292397660817,1.5803814713896456,1.060070671378092,9.960474308300396,8.421052631578947,11.280653950953678,7.950530035335689,2.8,2.2857142857142856,3.066666666666667,2.7777777777777777,1.4713896457765667,0.6360424028268551,3.557312252964427,3.684210526315789
5057917,42.2,27.8,46,28,1.09,1.01,32,16,0.76,0.58,27,15,0.64,0.54,35,38,0.83,1.37,7,4,0.17,0.14,6.82,5.18,1.73,1.55,7.46,12.3,1.3,2.53,1.49,1.29,5.76,4.86,4.0344827586206895,5.837837837837838,6.824644549763033,5.179856115107913,1.2413793103448276,1.5135135135135136,1.7298578199052133,1.5467625899280577,7.137931034482759,9.72972972972973,7.464454976303317,12.302158273381297,1.9166666666666667,2.2222222222222223,1.2962962962962965,2.533333333333333,1.4928909952606635,1.2949640287769784,3.724137931034482,4.378378378378378
5057918,30.4,23.4,32,20,1.05,0.85,17,12,0.56,0.51,18,15,0.59,0.64,30,24,0.99,1.03,3,4,0.1,0.17,5.03,4.62,1.64,1.5,8.88,9.23,1.67,1.6,0.89,1.54,5.33,5.77,4.5,6.971830985915493,5.032894736842105,4.615384615384616,1.4,1.7605633802816902,1.6447368421052633,1.4957264957264955,8.1,7.605633802816902,8.881578947368421,9.230769230769232,1.8,1.0909090909090908,1.6666666666666667,1.6,0.8881578947368421,1.5384615384615383,4.5,6.971830985915493
5057919,30.4,26.5,23,22,0.76,0.83,7,7,0.23,0.26,12,5,0.39,0.19,29,34,0.95,1.28,2,3,0.07,0.11,2.07,2.38,1.15,1.02,8.59,11.55,2.42,6.8,0.59,1.02,3.55,1.7,2.983425414364641,0.6766917293233083,2.072368421052632,2.3773584905660377,1.049723756906077,0.5263157894736843,1.1513157894736843,1.018867924528302,7.458563535911602,12.18045112781955,8.585526315789474,11.547169811320757,3.75,,2.4166666666666665,6.8,0.5921052631578948,1.018867924528302,1.9889502762430935,0.0
5057920,38.7,33.6,37,27,0.96,0.8,14,18,0.36,0.54,10,18,0.26,0.54,42,49,1.09,1.46,5,10,0.13,0.3,3.26,4.82,1.21,1.34,9.77,13.12,4.2,2.72,1.16,2.68,2.33,4.82,3.5106382978723407,4.444444444444445,3.255813953488372,4.821428571428571,1.2411347517730498,1.1111111111111112,1.214470284237726,1.3392857142857142,9.893617021276595,12.77777777777778,9.767441860465116,13.125,3.875,5.75,4.2,2.7222222222222223,1.1627906976744184,2.6785714285714284,2.5531914893617023,2.2222222222222223
5057921,29.9,29.1,24,17,0.8,0.58,8,4,0.27,0.14,22,3,0.74,0.1,33,25,1.1,0.86,0,1,0.0,0.03,2.41,1.24,1.54,0.69,9.93,7.73,1.5,8.33,0.0,0.31,6.62,0.93,1.7307692307692308,1.1180124223602483,2.408026755852843,1.2371134020618555,1.4102564102564104,0.6211180124223602,1.5384615384615383,0.6872852233676976,10.384615384615383,6.70807453416149,9.933110367892978,7.731958762886598,2.0,12.0,1.5,8.333333333333334,0.0,0.3092783505154639,5.1923076923076925,0.5590062111801242
5057922,31.7,26.8,27,30,0.85,1.12,15,17,0.47,0.63,16,9,0.5,0.34,35,30,1.1,1.12,6,2,0.19,0.07,4.26,5.71,1.36,1.46,9.94,10.07,2.19,3.33,1.7,0.67,4.54,3.02,6.0,6.265822784810126,4.2586750788643535,5.708955223880597,1.7575757575757576,1.4556962025316456,1.3564668769716088,1.4552238805970148,9.818181818181818,11.39240506329114,9.936908517350158,10.07462686567164,2.0,4.0,2.1875,3.333333333333333,1.7034700315457414,0.6716417910447761,4.909090909090909,2.848101265822785
