game_pk,home_batting_slg_rolling_5,away_batting_slg_rolling_5
5057771,,
5057772,,
5057773,,
5057774,,
5057775,,
5057776,,
5057777,,
5057778,,
5057779,,
5057780,,
5057781,,
5057782,,
5057783,0.0967741935483871,0.3611111111111111
5057784,,
5057785,,
5057786,,
5057787,0.16666666666666666,0.4166666666666667
5057788,0.625,0.5789473684210527
5057789,0.2727272727272727,0.4358974358974359
5057790,0.5151515151515151,0.3225806451612903
5057791,0.5945945945945946,0.46511627906976744
5057792,0.29411764705882354,0.5675675675675675
5057793,0.3125,0.3
5057794,0.17857142857142858,0.2413793103448276
5057795,0.5294117647058824,0.34285714285714286
5057796,0.1875,0.3611111111111111
5057797,0.34375,0.21875
5057798,0.5882352941176471,0.5945945945945946
5057799,0.26153846153846155,0.5138888888888888
5057800,0.6060606060606061,0.3225806451612903
5057801,0.6470588235294118,0.16666666666666666
5057802,0.0847457627118644,0.4
5057803,0.29850746268656714,0.32857142857142857
5057804,0.45901639344262296,0.390625
5057805,0.5344827586206896,0.4264705882352941
5057806,0.5230769230769231,0.22580645161290322
5057807,0.18333333333333332,0.23728813559322035
5057808,0.34285714285714286,0.3783783783783784
5057809,0.3783783783783784,0.3
5057810,0.3108108108108108,0.3815789473684211
5057811,0.390625,0.3076923076923077
5057812,0.42028985507246375,0.42168674698795183
5057813,0.3300970873786408,0.5098039215686274
5057814,0.4927536231884058,0.36507936507936506
5057815,0.43478260869565216,0.34177215189873417
5057816,0.38235294117647056,0.4307692307692308
5057817,0.46875,0.39622641509433965
5057818,0.2631578947368421,0.3541666666666667
5057819,0.3010752688172043,0.4074074074074074
5057820,0.41935483870967744,0.422680412371134
5057821,0.3300970873786408,0.3898305084745763
5057822,0.27835051546391754,0.49
5057823,0.4174757281553398,0.29292929292929293
5057824,0.45918367346938777,0.29411764705882354
5057825,0.39,0.4740740740740741
5057826,0.5192307692307693,0.4049586776859504
5057827,0.49056603773584906,0.3867924528301887
5057828,0.34328358208955223,0.3888888888888889
5057829,0.46153846153846156,0.39805825242718446
5057830,0.2755102040816326,0.17582417582417584
5057831,0.4222222222222222,0.3308270676691729
5057832,0.3263157894736842,0.26262626262626265
5057833,0.30708661417322836,0.3793103448275862
5057834,0.42857142857142855,0.4351145038167939
5057835,0.31007751937984496,0.33783783783783783
5057836,0.29545454545454547,0.4791666666666667
5057837,0.45255474452554745,0.4027777777777778
5057838,0.4496124031007752,0.28888888888888886
5057839,0.3969465648854962,0.43373493975903615
5057840,0.46715328467153283,0.4090909090909091
5057841,0.44525547445255476,0.39436619718309857
5057842,0.43452380952380953,0.35036496350364965
5057843,0.3969465648854962,0.3014705882352941
5057844,0.42424242424242425,0.35074626865671643
5057845,0.25984251968503935,0.21138211382113822
5057846,0.3983739837398374,0.3333333333333333
5057847,0.41358024691358025,0.30952380952380953
5057848,0.32515337423312884,0.43783783783783786
5057849,0.32298136645962733,0.3867403314917127
5057850,0.32098765432098764,0.441340782122905
5057851,0.44508670520231214,0.39204545454545453
5057852,0.4358974358974359,0.38650306748466257
5057853,0.4311377245508982,0.3508771929824561
5057854,0.4642857142857143,0.42021276595744683
5057855,0.5086705202312138,0.3333333333333333
5057856,0.35,0.3950617283950617
5057857,0.42857142857142855,0.2916666666666667
5057858,0.3312883435582822,0.3532934131736527
5057859,0.2578616352201258,0.31901840490797545
5057860,0.28,0.328
5057861,0.39490445859872614,0.23270440251572327
5057862,0.3625,0.345679012345679
5057864,0.43670886075949367,0.33544303797468356
5057865,0.3312883435582822,0.2857142857142857
5057866,0.4,0.35294117647058826
5057867,0.2670807453416149,0.3313253012048193
5057868,0.36419753086419754,0.5093167701863354
5057869,0.3433734939759036,0.30625
6041984,0.345679012345679,0.4180790960451977
5057870,0.44021739130434784,0.3416149068322981
5057871,0.27044025157232704,0.36875
5057873,0.38333333333333336,0.3253012048192771
5057874,0.3575418994413408,0.375
5057872,0.40853658536585363,0.38636363636363635
5057876,0.2929936305732484,0.30409356725146197
5057877,0.42038216560509556,0.43529411764705883
5057878,0.30357142857142855,0.5411764705882353
5057879,0.4176470588235294,0.29411764705882354
5057880,0.32098765432098764,0.31137724550898205
5057881,0.32142857142857145,0.4011627906976744
5057886,0.3619631901840491,0.4107142857142857
5057882,0.375,0.4235294117647059
5057883,0.43386243386243384,0.45180722891566266
5057884,0.36809815950920244,0.50920245398773
5057885,0.36942675159235666,0.28662420382165604
5057887,0.37579617834394907,0.49056603773584906
5057888,0.45,0.3717948717948718
5057889,0.43373493975903615,0.41714285714285715
6096942,0.36585365853658536,0.43373493975903615
5057891,0.4025974025974026,0.4411764705882353
5057892,0.3463687150837989,0.43529411764705883
5057893,0.3941176470588235,0.37209302325581395
5057894,0.20512820512820512,0.2781065088757396
5057899,0.30666666666666664,0.3184713375796178
5057895,0.379746835443038,0.3630952380952381
5057896,0.40425531914893614,0.4860335195530726
5057897,0.35714285714285715,0.4853801169590643
5057898,0.3503184713375796,0.3
5057900,0.3888888888888889,0.36585365853658536
5057901,0.34591194968553457,0.38095238095238093
5057902,0.3128834355828221,0.36
5057903,0.39204545454545453,0.34355828220858897
5057904,0.3333333333333333,0.4519774011299435
5057905,0.345679012345679,0.5838150289017341
5057906,0.35714285714285715,0.375
5057907,0.20394736842105263,0.2275449101796407
5057908,0.3125,0.39644970414201186
6127497,0.3108108108108108,0.2549019607843137
5057909,0.4573170731707317,0.25949367088607594
5057910,0.3742690058479532,0.27564102564102566
5057911,0.3310344827586207,0.39156626506024095
5057912,0.4502923976608187,0.3488372093023256
5057913,0.45625,0.3795180722891566
5057914,0.3902439024390244,0.42168674698795183
5057915,0.38764044943820225,0.24050632911392406
5057916,0.28901734104046245,0.5439560439560439
5057917,0.2919254658385093,0.3592814371257485
5057918,0.3333333333333333,0.44025157232704404
5057919,0.3953488372093023,0.23668639053254437
5057920,0.29012345679012347,0.5307262569832403
5057921,0.24050632911392406,0.4180790960451977
5057922,0.2641509433962264,0.44886363636363635
5057923,0.38620689655172413,0.3630952380952381
5057932,0.2848101265822785,0.35185185185185186
5057931,0.42702702702702705,0.29931972789115646
5057924,0.40236686390532544,0.3057324840764331
5057925,0.39766081871345027,0.3430232558139535
5057926,0.3860759493670886,0.4152046783625731
5057927,0.4260355029585799,0.40350877192982454
5057928,0.47191011235955055,0.2716049382716049
5057929,0.3860759493670886,0.44047619047619047
5057930,0.24260355029585798,0.6282722513089005
5057933,0.33962264150943394,0.43670886075949367
5057934,0.32298136645962733,0.24550898203592814
5057935,0.32727272727272727,0.532967032967033
5057936,0.2727272727272727,0.43258426966292135
5057937,0.3170731707317073,0.44751381215469616
5057938,0.37341772151898733,0.3614457831325301
5057939,0.35135135135135137,0.36419753086419754
5057940,0.38509316770186336,0.375
5057941,0.30864197530864196,0.3312883435582822
5057942,0.3161290322580645,0.25595238095238093
5057943,0.25903614457831325,0.6142131979695431
5057944,0.39375,0.48333333333333334
5057945,0.3128834355828221,0.3793103448275862
5057946,0.48314606741573035,0.345679012345679
5057947,0.3076923076923077,0.36046511627906974
5057951,0.43333333333333335,0.2848101265822785
5057948,0.38823529411764707,0.36585365853658536
5057949,0.3,0.3275862068965517
5057950,0.4140127388535032,0.41317365269461076
5057952,0.30246913580246915,0.43209876543209874
5057953,0.3448275862068966,0.29651162790697677
5057954,0.36129032258064514,0.41379310344827586
5057955,0.3048780487804878,0.4117647058823529
5057956,0.42162162162162165,0.30625
5057957,0.34782608695652173,0.3076923076923077
5057958,0.4,0.4620253164556962
5057959,0.4036144578313253,0.36419753086419754
5057961,0.26666666666666666,0.37349397590361444
5057962,0.3,0.35119047619047616
5057960,0.30994152046783624,0.3625
5057964,0.25308641975308643,0.3575757575757576
5057965,0.3463687150837989,0.36046511627906974
5057966,0.3575757575757576,0.2709677419354839
5057963,0.3148148148148148,0.3619631901840491
5057967,0.3815028901734104,0.3974358974358974
5057968,0.2962962962962963,0.25
5057969,0.3090909090909091,0.4269005847953216
5057970,0.3803680981595092,0.325
5057971,0.4065934065934066,0.49700598802395207
5057972,0.225,0.47282608695652173
5057973,0.5080213903743316,0.272108843537415
5057974,0.29878048780487804,0.3815028901734104
5057975,0.3076923076923077,0.3374233128834356
5057976,0.42011834319526625,0.34177215189873417
5057977,0.3532934131736527,0.40606060606060607
5057978,0.2994011976047904,0.4107142857142857
5057979,0.2982456140350877,0.38857142857142857
5057980,0.3076923076923077,0.19607843137254902
5057981,0.36419753086419754,0.27564102564102566
5057982,0.30864197530864196,0.4269005847953216
5057983,0.48066298342541436,0.43636363636363634
5057984,0.3614457831325301,0.4619883040935672
5057985,0.36363636363636365,0.3
5057986,0.3898305084745763,0.43529411764705883
5057987,0.56353591160221,0.35294117647058826
5057988,0.275,0.39655172413793105
5057989,0.3125,0.3546511627906977
5057990,0.4036144578313253,0.4685714285714286
5057991,0.3855421686746988,0.3950617283950617
5057992,0.32335329341317365,0.37888198757763975
5057993,0.3136094674556213,0.3728813559322034
5057994,0.3413173652694611,0.35542168674698793
5057995,0.345679012345679,0.2830188679245283
5057996,0.2534246575342466,0.2077922077922078
5057997,0.2229299363057325,0.42011834319526625
5057998,0.3696969696969697,0.27672955974842767
5057999,0.3539325842696629,0.30538922155688625
5058000,0.42441860465116277,0.44970414201183434
5058001,0.3092105263157895,0.4180790960451977
5058002,0.5428571428571428,0.36423841059602646
5058003,0.45930232558139533,0.42168674698795183
5058004,0.33766233766233766,0.3630952380952381
5058005,0.40236686390532544,0.3712574850299401
5058006,0.32075471698113206,0.4010989010989011
5058007,0.34911242603550297,0.36627906976744184
5058008,0.2625,0.3869047619047619
5058009,0.5248618784530387,0.3875
5058010,0.40993788819875776,0.2795031055900621
5058011,0.34355828220858897,0.43023255813953487
5058012,0.375,0.3782051282051282
5058013,0.4329268292682927,0.2891566265060241
5058014,0.4550898203592814,0.41420118343195267
5058015,0.41566265060240964,0.3575418994413408
5058016,0.39520958083832336,0.25165562913907286
5058017,0.3373493975903614,0.45930232558139533
5058018,0.40229885057471265,0.3668639053254438
5058019,0.4117647058823529,0.43352601156069365
5058020,0.4915254237288136,0.38922155688622756
5058021,0.4876543209876543,0.32941176470588235
5058022,0.2565789473684211,0.3148148148148148
5058023,0.27388535031847133,0.4294117647058823
5058024,0.3271604938271605,0.4742857142857143
5058025,0.36470588235294116,0.3772455089820359
5058026,0.514792899408284,0.3974358974358974
5058027,0.37058823529411766,0.41818181818181815
5058028,0.46875,0.2641509433962264
5058029,0.42424242424242425,0.4117647058823529
5058030,0.375,0.42613636363636365
5058031,0.524390243902439,0.3236994219653179
5058032,0.4556213017751479,0.3763440860215054
5058033,0.37254901960784315,0.23333333333333334
5058034,0.32903225806451614,0.42105263157894735
5058035,0.4350282485875706,0.4186046511627907
5058036,0.4418604651162791,0.5141242937853108
5058037,0.4772727272727273,0.3475609756097561
5058038,0.2679738562091503,0.36585365853658536
5058039,0.3392857142857143,0.4858757062146893
5058040,0.4093567251461988,0.4
5058041,0.5153374233128835,0.41025641025641024
5058042,0.3496932515337423,0.40476190476190477
5058043,0.47096774193548385,0.25477707006369427
5058044,0.4318181818181818,0.36904761904761907
5058045,0.40789473684210525,0.3930635838150289
5058046,0.4066666666666667,0.26
5058047,0.4444444444444444,0.5
5058048,0.3433734939759036,0.45977011494252873
5058049,0.2838709677419355,0.44642857142857145
5058050,0.3836477987421384,0.37423312883435583
5058051,0.4277456647398844,0.40476190476190477
5058052,0.41566265060240964,0.3575757575757576
5058053,0.554140127388535,0.41875
5058054,0.4512820512820513,0.267515923566879
5058055,0.4327485380116959,0.34146341463414637
5058056,0.44642857142857145,0.4624277456647399
5058057,0.4689265536723164,0.4277456647398844
5058058,0.36363636363636365,0.3132530120481928
5058059,0.47878787878787876,0.30625
5058061,0.38235294117647056,0.36419753086419754
5058060,0.38764044943820225,0.47435897435897434
5058062,0.509090909090909,0.38095238095238093
5058063,0.3246753246753247,0.38509316770186336
5058064,0.3878787878787879,0.45161290322580644
5058065,0.550561797752809,0.51875
5058066,0.3333333333333333,0.3584905660377358
5058067,0.3597560975609756,0.39285714285714285
5058068,0.4748603351955307,0.3630952380952381
5058069,0.484472049689441,0.2909090909090909
5058070,0.4695121951219512,0.3219178082191781
5058071,0.5502645502645502,0.2564102564102564
5058073,0.4745762711864407,0.40828402366863903
5058072,0.36046511627906974,0.3953488372093023
5058074,0.3246753246753247,0.4294117647058823
5058075,0.367816091954023,0.42138364779874216
5058076,0.4186046511627907,0.38596491228070173
5058077,0.4117647058823529,0.3374233128834356
5058078,0.36645962732919257,0.4397590361445783
5058079,0.4152046783625731,0.5363128491620112
5058080,0.3393939393939394,0.4393063583815029
5058081,0.3018867924528302,0.4782608695652174
5058082,0.49171270718232046,0.37058823529411766
5058083,0.5777777777777777,0.4240506329113924
5058085,0.46496815286624205,0.3313253012048193
5058086,0.34806629834254144,0.4052631578947368
5058087,0.3989071038251366,0.39572192513368987
5058088,0.37888198757763975,0.2822085889570552
5058089,0.3898305084745763,0.33532934131736525
5058090,0.44642857142857145,0.3469387755102041
5058091,0.39622641509433965,0.4470588235294118
5058092,0.5245901639344263,0.29559748427672955
5058093,0.35,0.50920245398773
5058094,0.3765432098765432,0.4375
5058095,0.5287356321839081,0.3475609756097561
5058096,0.32098765432098764,0.42196531791907516
5058097,0.5028248587570622,0.3567251461988304
5058084,0.31736526946107785,0.37579617834394907
5058098,0.375,0.4659090909090909
5058099,0.3048780487804878,0.43452380952380953
5058100,0.3741935483870968,0.3836477987421384
5058101,0.372972972972973,0.32298136645962733
5058102,0.34523809523809523,0.40804597701149425
5058103,0.3407821229050279,0.47752808988764045
5058104,0.35542168674698793,0.2909090909090909
5058105,0.5084745762711864,0.3128834355828221
5058106,0.3670886075949367,0.5028901734104047
5058107,0.4171779141104294,0.3668639053254438
5058108,0.39759036144578314,0.39644970414201186
5058109,0.36075949367088606,0.43529411764705883
5058110,0.30601092896174864,0.28313253012048195
5058111,0.4318181818181818,0.27388535031847133
5058112,0.3597560975609756,0.3488372093023256
5058113,0.34444444444444444,0.4692737430167598
5058114,0.3473053892215569,0.532051282051282
5058115,0.3253012048192771,0.35294117647058826
5058116,0.3611111111111111,0.25903614457831325
5058117,0.49700598802395207,0.2839506172839506
5058118,0.42528735632183906,0.42162162162162165
5058119,0.4268292682926829,0.30434782608695654
5058120,0.3558282208588957,0.4
5058121,0.41317365269461076,0.42857142857142855
5058122,0.45454545454545453,0.5027932960893855
5058123,0.39378238341968913,0.601063829787234
5058124,0.3475609756097561,0.3672316384180791
5058125,0.3149171270718232,0.4067796610169492
5058126,0.38125,0.46511627906976744
5058127,0.3563218390804598,0.31952662721893493
5058128,0.2838709677419355,0.4093567251461988
5058129,0.437125748502994,0.4659090909090909
5058130,0.3620689655172414,0.34911242603550297
5058131,0.3793103448275862,0.441340782122905
5058132,0.275,0.55
5058133,0.3192771084337349,0.3
5058134,0.4723926380368098,0.2804878048780488
5058135,0.43103448275862066,0.41578947368421054
5058136,0.375,0.25157232704402516
5058137,0.47126436781609193,0.5913978494623656
5058138,0.37967914438502676,0.5027624309392266
5058139,0.40782122905027934,0.43103448275862066
5058140,0.43103448275862066,0.32
5058141,0.4601226993865031,0.2934131736526946
5058142,0.47058823529411764,0.25
5058143,0.5352941176470588,0.6105263157894737
5058144,0.40641711229946526,0.4090909090909091
5058145,0.2795031055900621,0.5157232704402516
5058146,0.34355828220858897,0.3
5058147,0.4176470588235294,0.3858695652173913
5058148,0.4067796610169492,0.4619883040935672
5058149,0.36416184971098264,0.29375
5058150,0.4057142857142857,0.34810126582278483
5058151,0.36645962732919257,0.5337078651685393
5058152,0.3539325842696629,0.36312849162011174
5058153,0.4659090909090909,0.3390804597701149
5058154,0.42696629213483145,0.27631578947368424
5058155,0.33727810650887574,0.33879781420765026
5058156,0.5815217391304348,0.4121212121212121
5058157,0.38650306748466257,0.49444444444444446
5058158,0.42857142857142855,0.5029940119760479
5058159,0.31976744186046513,0.4913294797687861
5058160,0.37714285714285717,0.5166666666666667
5058161,0.28901734104046245,0.32515337423312884
5058164,0.453551912568306,0.3067484662576687
5058162,0.28402366863905326,0.44970414201183434
5058163,0.4393063583815029,0.39880952380952384
5058165,0.2848101265822785,0.4319526627218935
5058166,0.36809815950920244,0.4550561797752809
5058167,0.3987341772151899,0.38764044943820225
5058168,0.5838150289017341,0.4024390243902439
5058169,0.5088757396449705,0.3411764705882353
5058170,0.35625,0.5310734463276836
5058171,0.4124293785310734,0.2875816993464052
5058172,0.4540229885057471,0.5
5058173,0.28484848484848485,0.3563218390804598
5058174,0.4692737430167598,0.4970414201183432
5058175,0.4715909090909091,0.3595505617977528
5058176,0.3575757575757576,0.5652173913043478
5058177,0.45054945054945056,0.391812865497076
5058178,0.47191011235955055,0.4
5058179,0.40828402366863903,0.391812865497076
5058180,0.390625,0.45390070921985815
5058181,0.5664739884393064,0.5178571428571429
5058182,0.432258064516129,0.3620689655172414
5058183,0.4619883040935672,0.5174418604651163
5058184,0.2916666666666667,0.2857142857142857
5058185,0.4941860465116279,0.39880952380952384
5058186,0.40718562874251496,0.49162011173184356
5058187,0.36942675159235666,0.5168539325842697
5058188,0.38461538461538464,0.40236686390532544
5058189,0.4885057471264368,0.35714285714285715
5058190,0.3148148148148148,0.5767195767195767
5058191,0.45604395604395603,0.3333333333333333
6978332,0.390625,0.48951048951048953
5058192,0.38823529411764707,0.48366013071895425
5058193,0.27485380116959063,0.4411764705882353
5058194,0.41317365269461076,0.43352601156069365
5058195,0.3592814371257485,0.40804597701149425
5058196,0.3583815028901734,0.4715909090909091
5058197,0.34177215189873417,0.5058139534883721
5058198,0.4342857142857143,0.5217391304347826
5058199,0.37423312883435583,0.36470588235294116
5058200,0.35502958579881655,0.46710526315789475
5058201,0.46285714285714286,0.4268292682926829
5058202,0.5764705882352941,0.3925925925925926
5058203,0.3701657458563536,0.4276729559748428
5058204,0.25748502994011974,0.41566265060240964
5058205,0.38650306748466257,0.4602272727272727
5058206,0.35384615384615387,0.3493975903614458
5058207,0.48295454545454547,0.5964912280701754
5058208,0.32926829268292684,0.47282608695652173
5058209,0.24203821656050956,0.5536723163841808
5058210,0.4034090909090909,0.46511627906976744
5058211,0.3291139240506329,0.5517241379310345
5058212,0.5,0.47802197802197804
5058213,0.4689265536723164,0.5257142857142857
5058214,0.39759036144578314,0.36904761904761907
5058215,0.3674698795180723,0.4258064516129032
5058216,0.36645962732919257,0.43783783783783786
5058217,0.36627906976744184,0.47674418604651164
5058218,0.2875,0.5529411764705883
5058219,0.36363636363636365,0.4406779661016949
5058220,0.375,0.3532934131736527
5058221,0.4860335195530726,0.41040462427745666
5058224,0.3954802259887006,0.3821656050955414
5058222,0.4367816091954023,0.44970414201183434
5058223,0.5389221556886228,0.3208955223880597
5058225,0.3391812865497076,0.48255813953488375
5058226,0.2992125984251969,0.2484076433121019
5058227,0.4685714285714286,0.5581395348837209
5058228,0.32098765432098764,0.4883720930232558
5058229,0.3942857142857143,0.5027932960893855
5058230,0.45121951219512196,0.5086705202312138
5058231,0.40875912408759124,0.48175182481751827
5058232,0.3313953488372093,0.5058139534883721
5058234,0.37410071942446044,0.45384615384615384
5058233,0.5730994152046783,0.427536231884058
5058235,0.3125,0.3136094674556213
5058236,0.30246913580246915,0.43859649122807015
5058237,0.41379310344827586,0.436046511627907
7345140,0.312,0.4316546762589928
7364165,0.3851851851851852,0.4108527131782946
5058238,0.34104046242774566,0.3576158940397351
5058239,0.3953488372093023,0.4235294117647059
5058241,0.4540229885057471,0.2838709677419355
5058240,0.3630952380952381,0.536144578313253
5058242,0.313953488372093,0.4152046783625731
5058243,0.43636363636363634,0.336
5058244,0.4293785310734463,0.4527027027027027
5058245,0.27388535031847133,0.4296875
5058246,0.3291139240506329,0.3235294117647059
5058247,0.3941176470588235,0.31543624161073824
5058248,0.4514285714285714,0.3630952380952381
5058249,0.4127906976744186,0.4268292682926829
5058250,0.44919786096256686,0.33125
5058251,0.4431137724550898,0.33532934131736525
5058252,0.36627906976744184,0.3128834355828221
5058253,0.49142857142857144,0.4715909090909091
5058254,0.42424242424242425,0.3333333333333333
5058255,0.41040462427745666,0.34177215189873417
5058256,0.3609467455621302,0.4425287356321839
5058257,0.4857142857142857,0.41818181818181815
5058258,0.30303030303030304,0.43820224719101125
5058259,0.3930635838150289,0.3353658536585366
5058260,0.35365853658536583,0.44155844155844154
5058261,0.3018867924528302,0.47761194029850745
5058262,0.3141025641025641,0.2740740740740741
5058263,0.4046242774566474,0.31875
5058264,0.48314606741573035,0.2962962962962963
5058265,0.43103448275862066,0.46296296296296297
5058266,0.42011834319526625,0.38414634146341464
5058267,0.4230769230769231,0.35
5058268,0.4457831325301205,0.4632768361581921
5058269,0.36470588235294116,0.4397590361445783
5058270,0.49693251533742333,0.3089430894308943
5058271,0.5513513513513514,0.44047619047619047
5058272,0.3231707317073171,0.45751633986928103
5058273,0.31547619047619047,0.4098360655737705
5058274,0.3558282208588957,0.3953488372093023
5058275,0.2967741935483871,0.302158273381295
5058276,0.5056818181818182,0.25766871165644173
5058277,0.40963855421686746,0.32335329341317365
5058278,0.41954022988505746,0.4879518072289157
5058279,0.42613636363636365,0.4235294117647059
5058280,0.37640449438202245,0.36363636363636365
5058281,0.3374233128834356,0.4161490683229814
5058282,0.40119760479041916,0.37714285714285717
5058283,0.3431952662721893,0.33540372670807456
5058292,0.45930232558139533,0.3668639053254438
5058284,0.3630952380952381,0.3333333333333333
5058285,0.36363636363636365,0.41566265060240964
5058286,0.2857142857142857,0.46285714285714286
5058287,0.5357142857142857,0.3076923076923077
5058288,0.45180722891566266,0.3803680981595092
5058289,0.3216374269005848,0.42105263157894735
5058290,0.42441860465116277,0.34285714285714286
5058291,0.4385026737967914,0.2822085889570552
5058293,0.3023255813953488,0.4025157232704403
5058294,0.375,0.5174418604651163
5058295,0.30057803468208094,0.3141025641025641
5058296,0.38095238095238093,0.5
5058297,0.35365853658536583,0.2795031055900621
5058298,0.3413173652694611,0.3815028901734104
5058299,0.32903225806451614,0.4245810055865922
5058300,0.35714285714285715,0.38323353293413176
5058301,0.5748502994011976,0.31901840490797545
5058302,0.4782608695652174,0.39263803680981596
5058303,0.3620689655172414,0.43352601156069365
5058304,0.4393063583815029,0.3743016759776536
5058305,0.43646408839779005,0.35714285714285715
5058306,0.3780487804878049,0.3496932515337423
5058307,0.27380952380952384,0.40828402366863903
5058308,0.35403726708074534,0.547486033519553
5058309,0.38372093023255816,0.48295454545454547
5058310,0.3313253012048193,0.3202614379084967
5058311,0.36774193548387096,0.430939226519337
5058312,0.41353383458646614,0.30985915492957744
5058313,0.40718562874251496,0.34911242603550297
5058315,0.33125,0.38414634146341464
5058316,0.30864197530864196,0.4152046783625731
5058317,0.3248407643312102,0.5568181818181818
5058318,0.4127906976744186,0.436046511627907
5058319,0.3652694610778443,0.2994011976047904
5058320,0.31097560975609756,0.4180790960451977
5058321,0.2830188679245283,0.40718562874251496
5058322,0.6627218934911243,0.3353658536585366
5058323,0.43478260869565216,0.35502958579881655
5058324,0.3254437869822485,0.4176470588235294
5058314,0.38461538461538464,0.33587786259541985
5058325,0.3515151515151515,0.4550898203592814
5058326,0.5975609756097561,0.3668639053254438
5058327,0.40853658536585363,0.36904761904761907
5058328,0.2625,0.36363636363636365
5058329,0.46060606060606063,0.4114285714285714
7612500,0.4264705882352941,0.43478260869565216
5058330,0.3271604938271605,0.4491017964071856
5058331,0.436046511627907,0.4186046511627907
5058332,0.3515151515151515,0.35502958579881655
5058333,0.3693181818181818,0.3333333333333333
5058334,0.41818181818181815,0.31496062992125984
5058336,0.38285714285714284,0.37037037037037035
5058335,0.4715909090909091,0.47794117647058826
5058337,0.36627906976744184,0.48863636363636365
5058338,0.3793103448275862,0.36024844720496896
5058340,0.3693181818181818,0.36809815950920244
5058341,0.3231707317073171,0.4785276073619632
5058339,0.30864197530864196,0.40119760479041916
5058342,0.33544303797468356,0.3
5058343,0.32116788321167883,0.5621301775147929
5058344,0.3630952380952381,0.3076923076923077
5058345,0.33532934131736525,0.4578313253012048
5058346,0.29411764705882354,0.4351145038167939
5058347,0.41875,0.30708661417322836
5058348,0.4406779661016949,0.49122807017543857
5058349,0.325,0.3696969696969697
5058350,0.2804878048780488,0.33986928104575165
5058351,0.37058823529411766,0.43352601156069365
5058352,0.37640449438202245,0.41975308641975306
5058353,0.35502958579881655,0.35
5058354,0.3006134969325153,0.48427672955974843
5058355,0.45555555555555555,0.4413793103448276
5058356,0.32298136645962733,0.42441860465116277
5058357,0.29012345679012347,0.41916167664670656
5058358,0.36477987421383645,0.29375
5058359,0.3533834586466165,0.42857142857142855
5058360,0.41379310344827586,0.4025157232704403
5058361,0.3141025641025641,0.4015151515151515
5058362,0.33121019108280253,0.34615384615384615
5058363,0.36645962732919257,0.28289473684210525
5058364,0.4514285714285714,0.42011834319526625
5058365,0.42073170731707316,0.5272727272727272
5058366,0.378698224852071,0.4057142857142857
5058367,0.5274725274725275,0.4383561643835616
5058368,0.3384615384615385,0.33070866141732286
5058369,0.36257309941520466,0.3741935483870968
5058370,0.32941176470588235,0.4140127388535032
5058371,0.27439024390243905,0.37714285714285717
5058372,0.36428571428571427,0.3803680981595092
5058373,0.45664739884393063,0.4050632911392405
5058374,0.34810126582278483,0.3630952380952381
5058375,0.36875,0.3727810650887574
5058376,0.4393063583815029,0.34705882352941175
5058377,0.27450980392156865,0.37404580152671757
5058378,0.34394904458598724,0.3
5058379,0.3741935483870968,0.24375
5058380,0.2958579881656805,0.445859872611465
5058381,0.3584905660377358,0.32298136645962733
5058382,0.3433734939759036,0.33064516129032256
5058383,0.34868421052631576,0.22727272727272727
5058384,0.38311688311688313,0.36645962732919257
5058385,0.37037037037037035,0.3854748603351955
5058386,0.3076923076923077,0.3902439024390244
5058387,0.3051948051948052,0.34355828220858897
5058388,0.4065934065934066,0.39106145251396646
5058389,0.36363636363636365,0.5398773006134969
5058390,0.28,0.5028248587570622
5058391,0.3515151515151515,0.39097744360902253
5058392,0.33540372670807456,0.3151515151515151
5058393,0.3176470588235294,0.3312883435582822
5058394,0.4177215189873418,0.3782051282051282
5058395,0.3815028901734104,0.375
5058396,0.3181818181818182,0.26174496644295303
5058397,0.2857142857142857,0.2721518987341772
5058398,0.36024844720496896,0.38181818181818183
5058399,0.41379310344827586,0.27607361963190186
5058400,0.4036144578313253,0.39344262295081966
5058402,0.2903225806451613,0.31446540880503143
5058401,0.27044025157232704,0.38461538461538464
5058403,0.4088397790055249,0.32941176470588235
5058404,0.3313253012048193,0.5365853658536586
5058405,0.29133858267716534,0.4624277456647399
5058406,0.3508771929824561,0.38405797101449274
5058407,0.25308641975308643,0.3473053892215569
5058408,0.36257309941520466,0.2645161290322581
5058409,0.45806451612903226,0.43373493975903615
5058410,0.38823529411764707,0.34394904458598724
5058411,0.3575757575757576,0.24
5058412,0.3443708609271523,0.2721518987341772
5058413,0.35185185185185186,0.39644970414201186
5058414,0.4152046783625731,0.2982456140350877
5058415,0.3032258064516129,0.45789473684210524
5058416,0.4022346368715084,0.375
5058417,0.3151515151515151,0.5314285714285715
5058418,0.23952095808383234,0.3583815028901734
5058419,0.3953488372093023,0.3803680981595092
5058420,0.32926829268292684,0.26282051282051283
5058421,0.26993865030674846,0.34523809523809523
5058422,0.3855421686746988,0.29545454545454547
5058423,0.3467741935483871,0.4502923976608187
5058424,0.4269005847953216,0.21153846153846154
5058425,0.5189873417721519,0.37888198757763975
5058426,0.3503184713375796,0.4148936170212766
5058427,0.44324324324324327,0.4311377245508982
5058428,0.37058823529411766,0.3815028901734104
5058429,0.5057471264367817,0.3141025641025641
5058430,0.26282051282051283,0.4411764705882353
5058431,0.3958333333333333,0.36645962732919257
5058435,0.3795180722891566,0.35542168674698793
5058432,0.30120481927710846,0.3161290322580645
5058433,0.39880952380952384,0.3543307086614173
5058434,0.4966887417218543,0.17647058823529413
5058436,0.2710843373493976,0.4012738853503185
5058437,0.32571428571428573,0.36875
5058438,0.32298136645962733,0.3
5058439,0.3878787878787879,0.3717948717948718
5058440,0.4375,0.3006134969325153
5058441,0.4251497005988024,0.3967391304347826
5058442,0.3869047619047619,0.26582278481012656
5058443,0.3701657458563536,0.3176470588235294
5058444,0.32075471698113206,0.3392857142857143
5058445,0.46706586826347307,0.2922077922077922
5058446,0.4222222222222222,0.3953488372093023
5058447,0.4514285714285714,0.27607361963190186
5058448,0.33974358974358976,0.49162011173184356
5058449,0.48366013071895425,0.24074074074074073
5058450,0.3987730061349693,0.3674698795180723
5058451,0.30120481927710846,0.3116883116883117
5058452,0.4146341463414634,0.3625
5058453,0.31547619047619047,0.3375796178343949
5058454,0.42613636363636365,0.2874251497005988
5058455,0.3375,0.4382716049382716
5058456,0.43125,0.39080459770114945
5868557,0.43243243243243246,0.3563218390804598
5868558,0.5402298850574713,0.3333333333333333
5868559,0.38125,0.36875
5868560,0.40588235294117647,0.35428571428571426
5868561,0.35714285714285715,0.4576271186440678
5868562,0.3431952662721893,0.3333333333333333
5868563,0.3392857142857143,0.2857142857142857
5868564,0.5605095541401274,0.30538922155688625
5868565,0.3765432098765432,0.3668639053254438
5868566,0.36477987421383645,0.27388535031847133
5868567,0.4011299435028249,0.32748538011695905
5868568,0.3710691823899371,0.3588235294117647
5868569,0.4601226993865031,0.4406779661016949
5868570,0.2839506172839506,0.4444444444444444
5868571,0.42696629213483145,0.3392857142857143
5058472,0.4111111111111111,0.37341772151898733
5058473,0.43820224719101125,0.4152046783625731
5058474,0.39325842696629215,0.49714285714285716
5058475,0.28313253012048195,0.4810126582278481
5058476,0.4411764705882353,0.35502958579881655
5058477,0.32926829268292684,0.29012345679012347
5058478,0.3072289156626506,0.39634146341463417
5058479,0.41358024691358025,0.3630573248407643
5058480,0.3559322033898305,0.37209302325581395
5058481,0.39263803680981596,0.3395061728395062
5058482,0.2611464968152866,0.43209876543209874
5058483,0.3431952662721893,0.5644171779141104
5058484,0.38235294117647056,0.4523809523809524
5058485,0.41714285714285715,0.42777777777777776
5058486,0.4147727272727273,0.3018867924528302
5058487,0.4915254237288136,0.4772727272727273
5058488,0.4342857142857143,0.48823529411764705
5058489,0.29559748427672955,0.5151515151515151
5058490,0.4157303370786517,0.42473118279569894
5058491,0.3780487804878049,0.34375
5058492,0.30357142857142855,0.38823529411764707
5058493,0.40384615384615385,0.32
5058494,0.39444444444444443,0.4367816091954023
5058495,0.3764705882352941,0.3727810650887574
5058496,0.3270440251572327,0.31097560975609756
5058497,0.2080536912751678,0.35185185185185186
5058498,0.3575757575757576,0.5214723926380368
5058499,0.38414634146341464,0.3855421686746988
5058500,0.4972677595628415,0.4585635359116022
5058501,0.4251497005988024,0.39263803680981596
5058502,0.5380116959064327,0.44508670520231214
5058503,0.389937106918239,0.31333333333333335
5058504,0.3018867924528302,0.37058823529411766
5058505,0.5251396648044693,0.5026737967914439
5058506,0.23717948717948717,0.4727272727272727
5058507,0.4444444444444444,0.3619631901840491
5058508,0.2670807453416149,0.50920245398773
5058509,0.4696132596685083,0.42245989304812837
5058510,0.4311377245508982,0.3313253012048193
5058511,0.2994011976047904,0.42857142857142855
5058512,0.3867403314917127,0.4222222222222222
5058513,0.4311377245508982,0.3672316384180791
5058514,0.41358024691358025,0.39520958083832336
5058515,0.2578616352201258,0.3869047619047619
5058516,0.24390243902439024,0.48484848484848486
5058517,0.37423312883435583,0.366120218579235
5058518,0.5136612021857924,0.4497354497354497
5058519,0.40804597701149425,0.39156626506024095
5058520,0.39634146341463417,0.33727810650887574
5058521,0.34545454545454546,0.3430232558139535
5058522,0.5290697674418605,0.3006134969325153
5058523,0.32934131736526945,0.2875816993464052
5058524,0.40384615384615385,0.47560975609756095
5058525,0.4176470588235294,0.3375796178343949
5058527,0.3630573248407643,0.47337278106508873
5058528,0.3630952380952381,0.3611111111111111
5058529,0.4550561797752809,0.42948717948717946
5058530,0.38181818181818183,0.4263157894736842
5058526,0.4745762711864407,0.2484472049689441
5058531,0.4678362573099415,0.4180790960451977
5058532,0.41899441340782123,0.4146341463414634
5058533,0.3393939393939394,0.304635761589404
5058534,0.3312883435582822,0.45054945054945056
5058535,0.3924050632911392,0.3163841807909605
5058536,0.49700598802395207,0.2608695652173913
5058537,0.4810810810810811,0.44047619047619047
8128168,0.44285714285714284,0.3359375
5058538,0.4125,0.48148148148148145
5058539,0.2865853658536585,0.2422360248447205
5058540,0.34545454545454546,0.3611111111111111
5058541,0.3576158940397351,0.3522012578616352
5058542,0.5112359550561798,0.294478527607362
5058543,0.398876404494382,0.3333333333333333
5058544,0.4431818181818182,0.44375
5058545,0.3670886075949367,0.4022346368715084
5058546,0.4175824175824176,0.42162162162162165
5058547,0.294478527607362,0.29931972789115646
5058548,0.3787878787878788,0.42962962962962964
5058549,0.4463276836158192,0.3503184713375796
5058550,0.3935483870967742,0.33519553072625696
5058551,0.44047619047619047,0.5351351351351351
5058552,0.4375,0.25308641975308643
5058553,0.38271604938271603,0.35911602209944754
5058555,0.4788732394366197,0.291044776119403
5058554,0.3013698630136986,0.2948717948717949
5058556,0.4176470588235294,0.4319526627218935
5058557,0.33858267716535434,0.4696969696969697
5058558,0.36774193548387096,0.3184713375796178
5058559,0.4172661870503597,0.34965034965034963
5058560,0.3953488372093023,0.3885350318471338
5058561,0.2777777777777778,0.32432432432432434
5058562,0.2222222222222222,0.2839506172839506
5058563,0.4425287356321839,0.28402366863905326
5058564,0.40331491712707185,0.4418604651162791
5058565,0.30344827586206896,0.3333333333333333
5058566,0.3821656050955414,0.2545454545454545
8158336,0.43609022556390975,0.2740740740740741
5058567,0.47126436781609193,0.5081081081081081
5058568,0.40601503759398494,0.34146341463414637
5058575,0.3872832369942196,0.2185430463576159
5058569,0.30120481927710846,0.4090909090909091
5058570,0.3192771084337349,0.39285714285714285
5058571,0.294478527607362,0.328
5058572,0.22875816993464052,0.44036697247706424
5058573,0.4857142857142857,0.41509433962264153
5058574,0.3167701863354037,0.3941176470588235
5058576,0.34,0.27631578947368424
5058577,0.47752808988764045,0.35365853658536583
5058578,0.37735849056603776,0.3881578947368421
5058579,0.422360248447205,0.2710843373493976
5058580,0.2857142857142857,0.33766233766233766
5058581,0.3333333333333333,0.46111111111111114
5058582,0.3873239436619718,0.35714285714285715
5058583,0.3088235294117647,0.41566265060240964
5058584,0.3597560975609756,0.22818791946308725
5058585,0.4619883040935672,0.3595505617977528
5058586,0.3902439024390244,0.4430379746835443
5058587,0.22077922077922077,0.37373737373737376
5058588,0.34545454545454546,0.4114285714285714
5058589,0.32515337423312884,0.373015873015873
5058590,0.33962264150943394,0.32710280373831774
5058591,0.36809815950920244,0.3905325443786982
5058592,0.2905405405405405,0.2913907284768212
5058593,0.30538922155688625,0.463855421686747
5058594,0.4588235294117647,0.40963855421686746
5058595,0.4088050314465409,0.2822085889570552
5058596,0.43373493975903615,0.3821656050955414
5058597,0.3184713375796178,0.5
5058598,0.4012738853503185,0.2978723404255319
5058599,0.3105590062111801,0.42441860465116277
5058600,0.5117647058823529,0.47058823529411764
5058601,0.32666666666666666,0.3181818181818182
5058602,0.29927007299270075,0.3448275862068966
5058603,0.34814814814814815,0.45348837209302323
5058604,0.38922155688622756,0.2611464968152866
5058605,0.4556213017751479,0.3522727272727273
5058606,0.24183006535947713,0.39855072463768115
5058607,0.31952662721893493,0.3825136612021858
5058608,0.30625,0.6054421768707483
5058609,0.3717948717948718,0.47953216374269003
5058610,0.4879518072289157,0.3588235294117647
5058611,0.3712121212121212,0.4311377245508982
5058612,0.4186046511627907,0.36
5058613,0.4444444444444444,0.2558139534883721
5058614,0.3977272727272727,0.44171779141104295
5058615,0.4251497005988024,0.3373493975903614
5058616,0.3051948051948052,0.5059523809523809
5058617,0.4041095890410959,0.3273809523809524
5058618,0.4578313253012048,0.3235294117647059
5058619,0.47337278106508873,0.2709677419354839
5058620,0.39106145251396646,0.38509316770186336
5058621,0.3424657534246575,0.37349397590361444
5058622,0.33962264150943394,0.4476744186046512
5058623,0.28205128205128205,0.391304347826087
5058627,0.25,0.3657142857142857
5058624,0.4251497005988024,0.34782608695652173
5058625,0.2866666666666667,0.32075471698113206
5058626,0.5029585798816568,0.34838709677419355
5058628,0.3128834355828221,0.5180722891566265
5058629,0.30864197530864196,0.5763888888888888
5058630,0.46703296703296704,0.4502923976608187
5058631,0.5748502994011976,0.3419354838709677
5058632,0.44,0.34810126582278483
5058633,0.4491017964071856,0.32934131736526945
5058634,0.4619883040935672,0.3333333333333333
5058635,0.45652173913043476,0.463855421686747
5058636,0.38064516129032255,0.310126582278481
5058637,0.4022346368715084,0.3668639053254438
5058638,0.36645962732919257,0.47191011235955055
5058639,0.33540372670807456,0.39766081871345027
5058640,0.45294117647058824,0.358974358974359
5058641,0.4097222222222222,0.4057142857142857
5058642,0.296875,0.3791208791208791
5058643,0.38922155688622756,0.4666666666666667
5058644,0.3333333333333333,0.5815217391304348
5058645,0.5572916666666666,0.45251396648044695
5058646,0.5962732919254659,0.33974358974358976
5058647,0.46987951807228917,0.47878787878787876
5058648,0.5116279069767442,0.3546511627906977
5058649,0.48554913294797686,0.3496932515337423
5058650,0.4143646408839779,0.4689265536723164
5058651,0.40229885057471265,0.48
5058652,0.34782608695652173,0.4419889502762431
5058653,0.42592592592592593,0.3508771929824561
5058654,0.48863636363636365,0.34810126582278483
5058655,0.47337278106508873,0.35668789808917195
5058656,0.47619047619047616,0.3067484662576687
5058657,0.45714285714285713,0.4484848484848485
5058658,0.3625,0.544973544973545
5058659,0.5945945945945946,0.3485714285714286
5058660,0.588957055214724,0.3503184713375796
5058661,0.27388535031847133,0.4105263157894737
5058662,0.3855421686746988,0.2903225806451613
5058663,0.4049079754601227,0.2994011976047904
5058664,0.42528735632183906,0.30120481927710846
5058665,0.3712574850299401,0.503030303030303
5058666,0.3116883116883117,0.5945945945945946
5058667,0.31210191082802546,0.4550898203592814
5058668,0.4069767441860465,0.45555555555555555
5058669,0.2916666666666667,0.6586826347305389
5058670,0.5580110497237569,0.45962732919254656
5058671,0.42168674698795183,0.3765432098765432
5058672,0.3416149068322981,0.36645962732919257
5058673,0.43169398907103823,0.503030303030303
5058674,0.37888198757763975,0.38596491228070173
5058675,0.5416666666666666,0.35119047619047616
5058676,0.39520958083832336,0.3684210526315789
5058677,0.4619883040935672,0.42073170731707316
5058678,0.39285714285714285,0.49101796407185627
5058679,0.34591194968553457,0.5414364640883977
5058680,0.3269230769230769,0.437125748502994
5058681,0.41798941798941797,0.40963855421686746
5058682,0.38181818181818183,0.4817073170731707
5058683,0.46153846153846156,0.4463276836158192
5058684,0.2909090909090909,0.5125
5058685,0.550561797752809,0.453416149068323
5058686,0.38181818181818183,0.43023255813953487
5058687,0.4110429447852761,0.46706586826347307
5058688,0.41916167664670656,0.4678362573099415
5058689,0.5697674418604651,0.45
5058690,0.31210191082802546,0.36419753086419754
5058691,0.39655172413793105,0.44025157232704404
5058692,0.39325842696629215,0.4093567251461988
5058693,0.4294478527607362,0.3522727272727273
5058694,0.5059523809523809,0.4294117647058823
5058695,0.40853658536585363,0.5668449197860963
5058696,0.35185185185185186,0.4588235294117647
5058697,0.3389830508474576,0.4166666666666667
5058698,0.3592814371257485,0.5238095238095238
5058699,0.4444444444444444,0.5483870967741935
5058700,0.33727810650887574,0.4909090909090909
5058701,0.35668789808917195,0.35403726708074534
5058702,0.46368715083798884,0.4375
5058703,0.4,0.4482758620689655
5058704,0.37888198757763975,0.5376344086021505
5058705,0.4876543209876543,0.4367816091954023
5058706,0.36363636363636365,0.3867403314917127
5058707,0.39325842696629215,0.43352601156069365
5058708,0.39655172413793105,0.5542857142857143
5058709,0.25806451612903225,0.47191011235955055
5058710,0.4228571428571429,0.5736040609137056
5058711,0.39375,0.4797687861271676
5058712,0.5348837209302325,0.4909090909090909
5058713,0.32298136645962733,0.4602272727272727
5058714,0.40555555555555556,0.40993788819875776
5058715,0.40718562874251496,0.325
5058716,0.44871794871794873,0.5536723163841808
5058718,0.40804597701149425,0.4827586206896552
5058717,0.3869047619047619,0.40350877192982454
5058719,0.4074074074074074,0.4010989010989011
5058720,0.3393939393939394,0.40993788819875776
5058721,0.5027624309392266,0.46060606060606063
5058722,0.32903225806451614,0.4491017964071856
5058723,0.34782608695652173,0.32075471698113206
5058724,0.45977011494252873,0.4810810810810811
5058725,0.5838150289017341,0.4411764705882353
5058726,0.4329268292682927,0.39444444444444443
5058727,0.391812865497076,0.3939393939393939
5058728,0.40476190476190477,0.581151832460733
5058729,0.3977272727272727,0.44571428571428573
5058730,0.43125,0.4606741573033708
5058731,0.4129032258064516,0.46153846153846156
5058732,0.38414634146341464,0.3575757575757576
5058733,0.37349397590361444,0.43352601156069365
5058734,0.3719512195121951,0.42011834319526625
5058735,0.3765432098765432,0.43859649122807015
5058736,0.3522012578616352,0.4161849710982659
5058737,0.48066298342541436,0.4514285714285714
5058738,0.3614457831325301,0.384180790960452
5058739,0.24516129032258063,0.43529411764705883
5058740,0.368,0.4253731343283582
5058741,0.45,0.4945652173913043
5058742,0.4155844155844156,0.4327485380116959
5058743,0.44508670520231214,0.4406779661016949
5058744,0.5906432748538012,0.4294117647058823
5058745,0.43902439024390244,0.3333333333333333
5058746,0.5,0.3532934131736527
5058747,0.40993788819875776,0.32954545454545453
5058748,0.4375,0.3592814371257485
5058749,0.2903225806451613,0.42441860465116277
5058750,0.4602272727272727,0.4576271186440678
5058751,0.2883435582822086,0.4176470588235294
5058752,0.40236686390532544,0.36257309941520466
5058753,0.2549019607843137,0.3869047619047619
5058754,0.4226190476190476,0.5618556701030928
5058755,0.449438202247191,0.4425287356321839
5058756,0.2795031055900621,0.41605839416058393
5058757,0.35119047619047616,0.42276422764227645
5058758,0.47126436781609193,0.4878048780487805
5058759,0.3988439306358382,0.46706586826347307
5058760,0.26143790849673204,0.4069767441860465
5058761,0.5159574468085106,0.4107142857142857
5058762,0.38823529411764707,0.5161290322580645
