game_pk,home_pitching_whip_rolling_5,away_pitching_whip_rolling_5,home_pitching_whip_rolling_10,away_pitching_whip_rolling_10
5057771,,,,
5057772,,,,
5057773,,,,
5057774,,,,
5057775,,,,
5057776,,,,
5057777,,,,
5057778,,,,
5057779,,,,
5057780,,,,
5057781,,,,
5057782,,,,
5057783,1.4444444444444444,0.5555555555555556,1.4444444444444444,0.5555555555555556
5057784,,,,
5057785,,,,
5057786,,,,
5057787,1.6666666666666667,1.0,1.6666666666666667,1.0
5057788,1.5555555555555556,0.8888888888888888,1.5555555555555556,0.8888888888888888
5057789,1.7777777777777777,0.8888888888888888,1.7777777777777777,0.8888888888888888
5057790,0.6666666666666666,1.875,0.6666666666666666,1.875
5057791,2.5555555555555554,1.875,2.5555555555555554,1.875
5057792,1.4444444444444444,1.5555555555555556,1.4444444444444444,1.5555555555555556
5057793,0.5555555555555556,1.26922588759274,0.5555555555555556,1.26922588759274
5057794,1.0,1.0,1.0,1.0
5057795,1.0,1.375,1.0,1.375
5057796,1.6666666666666667,0.7777777777777778,1.6666666666666667,0.7777777777777778
5057797,1.0,1.25,1.0,1.25
5057798,1.1111111111111112,2.5,1.1111111111111112,2.5
5057799,1.7777777777777777,1.1111111111111112,1.7777777777777777,1.1111111111111112
5057800,1.0,2.75,1.0,2.75
5057801,0.8888888888888888,1.875,0.8888888888888888,1.875
5057802,1.3333333333333333,0.4444444444444444,1.3333333333333333,0.4444444444444444
5057803,1.6666666666666667,1.0,1.6666666666666667,1.0
5057804,1.0,1.375,1.0,1.375
5057805,1.1666666666666667,1.0588235294117647,1.1666666666666667,1.0588235294117647
5057806,0.8888888888888888,1.7142892128351281,0.8888888888888888,1.7142892128351281
5057807,0.9444444444444444,1.1176470588235294,0.9444444444444444,1.1176470588235294
5057808,1.1578947368421053,1.0555555555555556,1.1578947368421053,1.0555555555555556
5057809,0.9,1.736842105263158,0.9,1.736842105263158
5057810,1.4,1.2413814506576735,1.4,1.2413814506576735
5057811,0.8888888888888888,1.3125,0.8888888888888888,1.3125
5057812,1.3,1.7222222222222223,1.3,1.7222222222222223
5057813,1.7037037037037037,1.4615384615384615,1.7037037037037037,1.4615384615384615
5057814,1.1111111111111112,2.4375,1.1111111111111112,2.4375
5057815,1.736842105263158,1.3269256287031321,1.736842105263158,1.3269256287031321
5057816,1.1666666666666667,1.7058823529411764,1.1666666666666667,1.7058823529411764
5057817,1.1428571428571428,1.2592592592592593,1.1428571428571428,1.2592592592592593
5057818,1.381580765237849,1.44,1.381580765237849,1.44
5057819,1.2592592592592593,1.1111111111111112,1.2592592592592593,1.1111111111111112
5057820,0.8888888888888888,2.375,0.8888888888888888,2.375
5057821,1.4137931034482758,1.5,1.4137931034482758,1.5
5057822,1.1785714285714286,1.3461538461538463,1.1785714285714286,1.3461538461538463
5057823,0.8275862068965517,1.3783765157074113,0.8275862068965517,1.3783765157074113
5057824,0.9629629629629629,1.5555555555555556,0.9629629629629629,1.5555555555555556
5057825,1.2962962962962963,1.588235294117647,1.2962962962962963,1.588235294117647
5057826,1.2592592592592593,1.40506506970262,1.2592592592592593,1.40506506970262
5057827,1.9285714285714286,1.3666666666666667,1.9285714285714286,1.3666666666666667
5057828,1.6944444444444444,1.2804893664504469,1.6944444444444444,1.2804893664504469
5057829,0.9459459459459459,0.7407407407407407,0.9459459459459459,0.7407407407407407
5057830,1.3333333333333333,1.2222222222222223,1.3333333333333333,1.2222222222222223
5057831,0.8888888888888888,1.3714285714285714,0.8888888888888888,1.3714285714285714
5057832,1.2916666666666667,1.1153846153846154,1.2916666666666667,1.1153846153846154
5057833,1.3333333333333333,1.0555555555555556,1.3333333333333333,1.0555555555555556
5057834,0.9722222222222222,2.090909090909091,0.9722222222222222,2.090909090909091
5057835,1.3157894736842106,1.4166666666666667,1.3157894736842106,1.4166666666666667
5057836,1.4864864864864864,1.2571428571428571,1.4864864864864864,1.2571428571428571
5057837,1.1842105263157894,1.3366323399679803,1.1842105263157894,1.3366323399679803
5057838,0.9444444444444444,1.6,0.9444444444444444,1.6
5057839,1.1388888888888888,1.6666666666666667,1.1388888888888888,1.6666666666666667
5057840,1.1944444444444444,1.2735861071567047,1.1944444444444444,1.2735861071567047
5057841,1.864864864864865,1.2564102564102564,1.864864864864865,1.2564102564102564
5057842,1.488888888888889,1.415095674618561,1.488888888888889,1.415095674618561
5057843,1.3636363636363635,1.3529411764705883,1.3636363636363635,1.3529411764705883
5057844,0.9130434782608695,0.905661231755879,0.9130434782608695,0.905661231755879
5057845,1.25,1.0833333333333333,1.25,1.0833333333333333
5057846,1.0,1.2954545454545454,1.0,1.2954545454545454
5057847,1.0,1.5,1.0,1.5
5057848,1.4222222222222223,1.0666666666666667,1.4222222222222223,1.0666666666666667
5057849,1.297872340425532,1.4444444444444444,1.297872340425532,1.4444444444444444
5057850,1.4130434782608696,1.2325581395348837,1.4130434782608696,1.2325581395348837
5057851,1.127659574468085,1.5119987904009677,1.127659574468085,1.5119987904009677
5057852,0.9333333333333333,1.975609756097561,0.9333333333333333,1.975609756097561
5057853,1.6521739130434783,1.2553191489361701,1.6521739130434783,1.2553191489361701
5057854,1.1555555555555554,1.3153856272197133,1.1555555555555554,1.3153856272197133
5057855,1.3111111111111111,1.5230780946754574,1.3703703703703705,1.5230780946754574
5057856,1.1777777777777778,1.6428571428571428,1.1777777777777778,1.5294117647058822
5057857,1.2619047619047619,1.380952380952381,1.2619047619047619,1.380952380952381
5057858,0.8695652173913043,0.8345870936745065,0.9818181818181818,0.8345870936745065
5057859,1.4,1.0888888888888888,1.4,1.0888888888888888
5057860,1.223302158545785,1.3636363636363635,1.223302158545785,1.3636363636363635
5057861,0.9555555555555556,1.441860465116279,0.9555555555555556,1.3461538461538463
5057862,1.3846164497049613,1.5853658536585367,1.3846164497049613,1.5853658536585367
5057864,1.0465116279069768,0.9111111111111111,1.1764705882352942,0.9074074074074074
5057865,1.1590909090909092,1.191780005630133,1.2075471698113207,1.1791900698323297
5057866,1.302325581395349,1.0222222222222221,1.3461538461538463,0.9629629629629629
5057867,1.4146341463414633,1.2916666666666667,1.32,1.4912280701754386
5057868,0.9022563174859529,0.8,0.8437505273440795,0.8333333333333334
5057869,1.629922543246097,1.2,1.4805204418963909,1.2962962962962963
6041984,1.853658536585366,1.1875,2.0,1.087719298245614
5057870,1.2222222222222223,1.2765957446808511,1.2452830188679245,1.3392857142857142
5057871,1.3636363636363635,1.0222222222222221,1.278688524590164,1.0925925925925926
5057873,1.3969454985148866,1.4893617021276595,1.374192661811186,1.4107142857142858
5057874,1.1521739130434783,1.4444444444444444,1.3518518518518519,1.3703703703703705
5057872,1.5714285714285714,1.2000009230776332,1.48,1.3051956527244497
5057876,1.7804878048780488,0.9130434782608695,1.576271186440678,0.984375
5057877,1.4090909090909092,0.9111111111111111,1.4,0.9047619047619048
5057878,1.5461550355038733,1.1555555555555554,1.5,1.3333333333333333
5057879,1.0909090909090908,1.2919698598760148,1.1612903225806452,1.2944155865910727
5057880,1.3658536585365855,1.391304347826087,1.2542372881355932,1.4923076923076923
5057881,1.558139534883721,1.2642848112251348,1.7966101694915255,1.1549994225002886
5057886,1.263158844480334,1.1333333333333333,1.3566887622221415,1.1111111111111112
5057882,1.2444444444444445,1.5681818181818181,1.380952380952381,1.3870967741935485
5057883,1.4090909090909092,1.1111111111111112,1.4918032786885247,1.0793650793650793
5057884,1.3333333333333333,1.3181818181818181,1.459016393442623,1.4647887323943662
5057885,1.3902439024390243,1.1363636363636365,1.3425421782000984,1.2903225806451613
5057887,0.9248127254231018,1.0454545454545454,0.7860966770570466,1.0
5057888,1.2954545454545454,1.2666666666666666,1.2258064516129032,1.3076923076923077
5057889,1.5714285714285714,1.3571428571428572,1.4406779661016949,1.3483153642221146
6096942,1.3111111111111111,1.2,1.4184790317820826,1.1746031746031746
5057891,1.3333333333333333,0.8,1.318840579710145,0.8611111111111112
5057892,1.4776108376038526,1.391304347826087,1.4340651461180516,1.323076923076923
5057893,1.3636363636363635,1.1641782356878838,1.3098591549295775,1.2455351582432328
5057894,1.5813953488372092,0.717391304347826,1.536231884057971,0.8783783783783784
5057899,1.186046511627907,1.1590909090909092,1.2142857142857142,1.1612903225806452
5057895,1.3181818181818181,1.5230780946754574,1.3888888888888888,1.4218016217069298
5057896,1.7045454545454546,1.2,1.5714285714285714,1.0833333333333333
5057897,1.1052639889202924,1.255813953488372,0.9672901716309213,1.1142857142857143
5057898,1.380952380952381,1.2045454545454546,1.3413467987244225,1.2535211267605635
5057900,1.3333333333333333,1.2954545454545454,1.3507115406215833,1.2816901408450705
5057901,1.4883720930232558,1.1904761904761905,1.4705882352941178,1.2731713527665136
5057902,1.3636363636363635,1.4014588310519482,1.7205882352941178,1.178570902423704
5057903,1.25,1.1777777777777778,1.1971830985915493,1.2702702702702702
5057904,1.4222222222222223,1.3043478260869565,1.4066978915321091,1.2567567567567568
5057905,1.813953488372093,1.1590909090909092,1.7142857142857142,1.4
5057906,1.5454545454545454,1.0970141067058905,1.3375,1.171314274376783
5057907,1.3636363636363635,0.8222222222222222,1.4615384615384615,0.8780487804878049
5057908,1.1777777777777778,0.75,1.2564102564102564,0.8375
6127497,0.9318181818181818,1.0,1.1265822784810127,1.1126760563380282
5057909,1.3790333701882018,1.3555555555555556,1.2772283550635422,1.5753424657534247
5057910,1.0930232558139534,1.186046511627907,1.174468584880249,1.1645569620253164
5057911,1.0227272727272727,1.5777777777777777,1.1590909090909092,1.4243703463740953
5057912,1.372093023255814,1.1777777777777778,1.1898734177215189,1.2409638554216869
5057913,1.2666666666666666,1.2954545454545454,1.3333333333333333,1.275
5057914,1.3488372093023255,1.3863636363636365,1.3787239909463793,1.3
5057915,1.8636363636363635,1.3111111111111111,1.5949367088607596,1.5609756097560976
5057916,1.2313423646698771,1.2,1.2096769315818823,1.1111111111111112
5057917,1.2954545454545454,1.5826784115578043,1.6363636363636365,1.4680857311003113
5057918,1.511111111111111,1.1574812263631704,1.4487179487179487,1.2445420281842918
5057919,1.3636363636363635,0.9428564693882362,1.225,0.928057220123302
5057920,1.3333333333333333,1.5909090909090908,1.3347451971418656,1.5393258426966292
5057921,1.2553191489361701,0.75,1.449438202247191,0.8764044943820225
5057922,1.6590909090909092,1.0444444444444445,1.3707865168539326,1.2439024390243902
5057923,1.0,1.3555555555555556,1.2159090909090908,1.3698118376648445
5057932,1.1777777777777778,1.41732395064878,1.558139534883721,1.419847870170943
5057931,1.0510941232889612,1.2826086956521738,1.1546758436417828,1.2727272727272727
5057924,0.9772727272727273,1.1666666666666667,1.1450386049765668,1.1724137931034482
5057925,1.4186046511627908,1.0444444444444445,1.1704545454545454,1.173913043478261
5057926,1.3111111111111111,1.1590909090909092,1.3777777777777778,1.2808988764044944
5057927,1.3863636363636365,1.4772727272727273,1.45419902832024,1.3146067415730338
5057928,1.9777777777777779,1.6136363636363635,1.6136363636363635,1.6333333333333333
5057929,1.0888888888888888,1.9111111111111112,1.008299173568122,1.775
5057930,1.544774966585846,1.2666666666666666,1.3309086069423246,1.1111111111111112
5057933,1.2826086956521738,1.275591555583902,1.4252873563218391,1.3280637660331092
5057934,1.2272727272727273,0.8978095636426543,1.146067415730337,0.8836360423141664
5057935,1.2608695652173914,1.8372093023255813,1.3802276120807557,1.5681818181818181
5057936,1.2127659574468086,0.8372093023255814,1.4157303370786516,0.875
5057937,1.6666666666666667,1.0888888888888888,1.4157303370786516,1.2527472527472527
5057938,1.2444444444444445,1.3488372093023255,1.1978021978021978,1.2727272727272727
5057939,1.0222222222222221,1.3759408841660785,1.1910112359550562,1.3195498643232062
5057940,1.3111111111111111,1.5116279069767442,1.4656494143700056,1.3181818181818181
5057941,1.1304347826086956,1.346457753116341,1.471264367816092,1.3969470980714116
5057942,1.0222222222222221,0.8507456337719151,1.1222222222222222,0.8823526167821262
5057943,1.6259529572878189,1.2666666666666666,1.3963631285952258,1.1444444444444444
5057944,1.2,1.9285714285714286,1.2969919936120324,1.528735632183908
5057945,1.6666666666666667,1.1162790697674418,1.3820224719101124,1.3111111111111111
5057946,1.9782608695652173,1.7674418604651163,1.651685393258427,1.5164835164835164
5057947,1.1875,0.8837209302325582,1.4606741573033708,0.8977272727272727
5057951,1.1333333333333333,1.381295957766876,1.1637006534873118,1.2201497090110855
5057948,1.1555555555555554,1.2380952380952381,1.1773589348524283,1.1264367816091954
5057949,1.5681818181818181,1.0,1.1797752808988764,1.1397849462365592
5057950,1.2,2.0,1.018657096513842,1.75
5057952,1.3478260869565217,1.3937018848046336,1.4545454545454546,1.4040005616002247
5057953,1.4,1.1111111111111112,1.2247191011235956,1.1888888888888889
5057954,1.288888888888889,1.9333333333333333,1.0970153347072145,1.7433968843007113
5057955,1.4130434782608696,1.6451626170666267,1.4886363636363635,1.5060734842402772
5057956,1.065217391304348,1.0575547176652644,1.1781813897522218,1.2287827412482442
5057957,1.5000011538470417,1.2444444444444445,1.4037741146317413,1.3977272727272727
5057958,1.3181818181818181,1.0666666666666667,1.2272727272727273,1.2713749920539061
5057959,1.069767441860465,1.1777777777777778,1.1149425287356323,1.211111111111111
5057961,1.2142857142857142,1.079137467005372,1.3068181818181819,1.2043800015985409
5057962,1.7073170731707317,1.2608695652173914,1.5425107459557676,1.2584269662921348
5057960,1.3181818181818181,1.2340425531914894,1.247191011235955,1.4
5057964,1.627906976744186,1.2608695652173914,1.4386611752188938,1.3707865168539326
5057965,1.1304347826086956,1.7777777777777777,1.147058401816764,1.5632183908045978
5057966,1.108695652173913,1.3777777777777778,1.2272727272727273,1.1529855048453377
5057963,1.3384625680481292,1.4,1.45419902832024,1.3820224719101124
5057967,1.0,1.0444444444444445,0.8977272727272727,1.1136363636363635
5057968,1.5461550355038736,1.2,1.4377363915986383,1.2808988764044944
5057969,1.5714285714285714,1.8478260869565217,1.3793103448275863,1.6333333333333333
5057970,1.5681818181818181,1.3555555555555556,1.4777777777777779,1.372093023255814
5057971,1.297872340425532,1.09859232295234,1.2527472527472527,1.256318143075142
5057972,1.0546866760260343,1.9047619047619047,0.8796989174064219,1.6046511627906976
5057973,1.2045454545454546,0.8888888888888888,1.1573033707865168,1.0898876404494382
5057974,1.2857142857142858,1.1223029656855867,1.2954545454545454,1.1496354560713344
5057975,1.5853658536585367,1.1333333333333333,1.368000547200219,1.25
5057976,1.0,1.1777777777777778,1.0,1.247191011235955
5057977,1.5454545454545454,1.3863636363636365,1.4721184118518915,1.449438202247191
5057978,1.5227272727272727,1.2553191489361701,1.348314606741573,1.3076923076923077
5057979,1.2826086956521738,1.2444444444444445,1.1911760326558702,1.5227272727272727
5057980,1.2000009230776334,1.2045454545454546,1.3924533556427756,1.25
5057981,1.108695652173913,1.2727272727272727,1.1477272727272727,1.188679693841394
5057982,1.441860465116279,1.6304347826086956,1.367816091954023,1.6666666666666667
5057983,1.1590909090909092,1.3863636363636365,0.9545454545454546,1.1590909090909092
5057984,1.3409090909090908,1.3555555555555556,1.4312982562207086,1.449438202247191
5057985,1.2444444444444445,1.4318181818181819,1.3,1.4069767441860466
5057986,1.2127659574468086,1.157144510206443,1.2527472527472527,1.2436372680998315
5057987,1.25,1.1194021496998883,1.2247191011235956,1.1842100811240295
5057988,1.1450372938646611,2.2195121951219514,0.9812026386456245,1.6705882352941177
5057989,1.2790697674418605,1.0601511730459947,1.1590909090909092,1.173432167318143
5057990,1.2222222222222223,1.3409090909090908,1.3969470980714116,1.5
5057991,1.511111111111111,1.2954545454545454,1.3717467019528988,1.288888888888889
5057992,1.7272727272727273,1.4090909090909092,1.3820224719101124,1.3296703296703296
5057993,1.5,1.0909090909090908,1.2763631722315736,1.5056179775280898
5057994,1.3571428571428572,1.1818181818181819,1.3162060538363851,1.2988505747126438
5057995,1.326086956521739,1.2180460286060366,1.2134831460674158,1.1529855048453375
5057996,1.1307701005923851,1.1627906976744187,1.245283488786222,1.1704545454545454
5057997,1.441860465116279,1.4565217391304348,1.4137931034482758,1.6555555555555554
5057998,1.288888888888889,1.2727272727272727,1.3,1.3103448275862069
5057999,1.0434782608695652,1.297872340425532,1.1123595505617978,1.2826086956521738
5058000,1.2340425531914894,1.2043813202647011,1.1978021978021978,1.2327281692568506
5058001,1.3571428571428572,1.9834727136138128,1.1390973161288285,1.7786568295086285
5058002,1.1136363636363635,1.1908387856192477,1.1573033707865168,1.2775660541573939
5058003,1.25,1.2727272727272727,1.0,1.1477272727272727
5058004,1.255813953488372,2.0082661225339855,1.0714281686360267,1.9200007680003073
5058005,1.1777777777777778,1.0681818181818181,1.2938936236235206,1.2287827412482442
5058006,1.255813953488372,1.0212765957446808,1.1704545454545454,1.0898876404494382
5058007,1.3381304590866612,1.3478260869565217,1.3248180017583948,1.6593406593406594
5058008,1.2923086863912974,1.5454545454545454,1.245283488786222,1.3736263736263736
5058009,1.288888888888889,1.3333333333333333,1.0681818181818181,1.4534883720930232
5058010,1.3863636363636365,1.0454545454545454,1.3666666666666667,1.2159090909090908
5058011,1.173913043478261,1.4883720930232558,1.3888888888888888,1.2386363636363635
5058012,0.9111111111111111,1.3740447526375934,1.449438202247191,1.3003797336959186
5058013,1.3409090909090908,1.4222222222222223,1.303370786516854,1.2777777777777777
5058014,1.2666666666666666,1.1627906976744187,1.3053440096732862,1.108209368734839
5058015,1.2954545454545454,1.2826086956521738,1.206896551724138,1.2613636363636365
5058016,1.2093023255813953,1.1363636363636365,1.3007817581178744,1.2566042477751878
5058017,1.9069767441860466,1.3488372093023255,1.4382022471910112,1.5113636363636365
5058018,1.4460442057871983,1.5,1.3467158199692775,1.7444444444444445
5058019,1.3615395088765454,1.7209302325581395,1.3245288017089816,1.4395604395604396
5058020,1.488888888888889,1.4285714285714286,1.1931818181818181,1.4137931034482758
5058021,1.3863636363636365,1.255813953488372,1.4,1.2840909090909092
5058022,1.069767441860465,1.3478260869565217,1.101123595505618,1.1666666666666667
5058023,1.4651162790697674,1.2444444444444445,1.471264367816092,1.3940515263748972
5058024,1.2444444444444445,1.5813953488372092,1.5,1.2954545454545454
5058025,2.057852940374331,1.5000022388093115,1.9919036404468182,1.3494433824857863
5058026,1.0,1.2954545454545454,1.164835164835165,1.0714281686360267
5058027,1.0222222222222221,1.3053425150057139,1.4777777777777779,1.161653698626429
5058028,1.2045454545454546,1.4090909090909092,1.2359550561797752,1.2333333333333334
5058029,1.2222222222222223,1.2790697674418605,1.2792457657531193,1.175373572900587
5058030,1.3695652173913044,1.6384627988175375,1.4666666666666666,1.3358495606979475
5058031,1.3636363636363635,1.4047619047619047,1.3111111111111111,1.3793103448275863
5058032,1.511111111111111,1.326086956521739,1.367816091954023,1.202247191011236
5058033,0.9318181818181818,0.9090909090909091,1.2773442489625972,1.202290535225395
5058034,1.7272727272727273,1.380952380952381,1.4157303370786516,1.528735632183908
5058035,1.4892097044674133,1.4318181818181819,1.3357669108638361,1.6444444444444444
5058036,1.5923089171607057,1.5116279069767442,1.4830194275545008,1.3666666666666667
5058037,1.5333333333333334,1.4390243902439024,1.2727272727272727,1.3448275862068966
5058038,1.2093023255813953,1.1956521739130435,1.2272727272727273,1.1758241758241759
5058039,1.5555555555555556,1.391304347826087,1.5340909090909092,1.505575648484889
5058040,1.93548543184309,1.5572542858844058,1.9200007680003073,1.308271660354632
5058041,0.9375,1.3636363636363635,1.1195652173913044,1.2115379955623093
5058042,1.1111111111111112,1.523436309815383,1.4444444444444444,1.1977181757725566
5058043,1.0222222222222221,1.3488372093023255,1.1123595505617978,1.2359550561797752
5058044,1.3165477097465537,1.441860465116279,1.248175638020306,1.5393258426966292
5058045,1.5555555555555556,1.5853658536585367,1.4382022471910112,1.4883720930232558
5058046,0.8,0.8837209302325582,1.2325581395348837,1.2162166857979482
5058047,1.443610107977525,1.5826784115578043,1.3584910786758786,1.4104482874807043
5058048,1.3695652173913044,1.3111111111111111,1.4659090909090908,1.4659090909090908
5058049,1.3255813953488371,1.1956521739130435,1.2613636363636365,1.1521739130434783
5058050,1.1777777777777778,1.4047619047619047,1.211111111111111,1.257691823964683
5058051,1.5923089171607054,1.173913043478261,1.488550186469537,1.2555555555555555
5058052,1.629922543246097,1.5867781708910502,1.9200007680003073,1.3231949225816904
5058053,1.1111111111111112,1.3740447526375932,1.2065217391304348,1.2595410232511273
5058054,1.3695652173913044,1.4285714285714286,1.1910112359550562,1.3522727272727273
5058055,1.5461550355038733,1.2222222222222223,1.4083974841211773,1.2222222222222223
5058056,1.6666666666666667,1.511111111111111,1.4827586206896552,1.3370786516853932
5058057,1.3014715451996655,1.3043478260869565,1.299639458353595,1.2065217391304348
5058058,1.6363636363636365,1.3902439024390243,1.5444444444444445,1.372093023255814
5058059,1.5909090909090908,1.2421865295417736,1.4037741146317413,1.2209302325581395
5058061,1.4878048780487805,1.2391304347826086,1.302325581395349,1.3370786516853932
5058060,1.2790697674418605,1.0222222222222221,1.3563218390804597,1.2906976744186047
5058062,1.3555555555555556,1.3333333333333333,1.3707865168539326,1.4269662921348314
5058063,1.627906976744186,1.4782608695652173,1.800000720000288,1.3626373626373627
5058064,1.6097560975609757,0.9111111111111111,1.368822333705197,1.0786516853932584
5058065,1.4076933905333773,1.1111111111111112,1.4083974841211773,1.1630434782608696
5058066,1.2666666666666666,1.4772727272727273,1.1797752808988764,1.3409090909090908
5058067,1.2187490478523062,1.4186046511627908,1.2874010679523356,1.3038456523670567
5058068,1.3181818181818181,1.3636363636363635,1.2177126264622238,1.4545454545454546
5058069,1.4444444444444444,1.3919988864008908,1.3698118376648443,1.2588235294117647
5058070,1.3111111111111111,1.2444444444444445,1.303370786516854,1.4831460674157304
5058071,1.3863636363636365,1.4390243902439024,1.211111111111111,1.471264367816092
5058073,1.065217391304348,1.3863636363636365,1.2021664989770755,1.3555555555555556
5058072,1.7954545454545454,1.3095238095238095,1.5666666666666667,1.3255813953488371
5058074,1.5777777777777777,1.511111111111111,1.2444444444444445,1.3409090909090908
5058075,1.2045454545454546,0.9705889489624626,1.2386363636363635,1.1564889910263323
5058076,1.5348837209302326,1.2127659574468086,1.3563218390804597,1.3222222222222222
5058077,1.3308280682917806,1.3777777777777778,1.4083974841211773,1.2777777777777777
5058078,1.5227272727272727,1.3695652173913044,1.75494140511518,1.3296703296703296
5058079,1.8,1.3777777777777778,1.5454545454545454,1.3146067415730338
5058080,1.476561346436448,1.3953488372093024,1.3657582234403802,1.3846148520712107
5058081,1.5476190476190477,0.8888888888888888,1.368822333705197,1.0
5058082,1.2666666666666666,1.3953488372093024,1.1641795388729623,1.4545454545454546
5058083,1.2923086863912971,1.2045454545454546,1.419847870170943,1.2197802197802199
5058085,1.288888888888889,1.5737692018285228,1.3245288017089816,1.3464561628125344
5058086,1.5208333333333333,1.173913043478261,1.5108695652173914,1.2584269662921348
5058087,1.16,1.3958333333333333,1.2975783036603128,1.372340425531915
5058088,1.1503768047945901,1.2727272727272727,1.3625959399221146,1.2696629213483146
5058089,1.5454545454545454,1.1063829787234043,1.441860465116279,1.2777777777777777
5058090,1.2444444444444445,1.1333333333333333,1.3146067415730338,1.5113636363636365
5058091,1.4666666666666666,1.3043478260869565,1.7460944320681377,1.2391304347826086
5058092,1.4090909090909092,1.5,1.2087912087912087,1.4588235294117646
5058093,1.372093023255814,0.6590909090909091,1.4372634503904567,1.0
5058094,1.5106382978723405,1.6285702653069534,1.2717391304347827,1.3605942897418997
5058095,1.1052639889202924,1.3409090909090908,1.4083974841211773,1.1630434782608696
5058096,1.7109361633311222,1.5952380952380953,1.4999994230771452,1.4474702539026247
5058097,1.2666666666666666,1.4285714285714286,1.1685393258426966,1.3333333333333333
5058084,1.2727272727272727,0.9485301092133157,1.1590909090909092,1.0754721039517372
5058098,1.8666666666666667,1.288888888888889,1.5681818181818181,1.288888888888889
5058099,1.2222222222222223,1.0147066284607564,1.2386363636363635,0.9738809604033434
5058100,1.1136363636363635,1.326086956521739,1.3740463259718803,1.6145044330169593
5058101,1.446808510638298,1.2608695652173914,1.3225806451612903,1.488888888888889
5058102,1.3863636363636365,1.1702127659574468,1.4069767441860466,1.2065217391304348
5058103,1.4583333333333333,1.0888888888888888,1.4456521739130435,1.288888888888889
5058104,1.7459002082785176,1.3255813953488371,1.3110231058964152,1.2727272727272727
5058105,1.0434782608695652,1.7777777777777777,1.1630434782608696,1.5393258426966292
5058106,1.4772727272727273,1.0232558139534884,1.5171114198565931,1.1149425287356323
5058107,1.172933212731739,1.2682926829268293,1.3396951678225832,1.3333333333333333
5058108,1.5343499737786457,1.6170212765957446,1.4486686506963307,1.3695652173913044
5058109,1.0888888888888888,1.4565217391304348,1.3358495606979475,1.5396232224993294
5058110,1.3829787234042554,1.2608695652173914,1.2903225806451613,1.4065934065934067
5058111,1.2857152524174833,1.1111111111111112,1.0410451645690912,1.3333333333333333
5058112,1.288888888888889,1.2222222222222223,1.3604651162790697,1.2967032967032968
5058113,1.489795918367347,0.9333333333333333,1.4673913043478262,1.2333333333333334
5058114,1.2391304347826086,1.0666666666666667,1.3181818181818181,1.3245288017089816
5058115,1.3679989056008752,1.2173913043478262,1.3891045178581645,1.3
5058116,1.7238793105378278,1.4,1.3117865734651812,1.2857142857142858
5058117,1.0869565217391304,1.6363636363636365,1.2065217391304348,1.5730337078651686
5058118,1.5952380952380953,1.02,1.55905450430925,1.2456751715139003
5058119,1.6222222222222222,1.3863636363636365,1.6054693771364756,1.1521739130434783
5058120,1.1555555555555554,1.2380952380952381,1.3625959399221146,1.2758620689655173
5058121,1.5909090909090908,1.6382978723404256,1.482889170004118,1.4130434782608696
5058122,1.3695652173913044,1.4142847040823543,1.2696629213483146,1.315984640897903
5058123,1.173913043478261,1.186046511627907,1.2727272727272727,1.1022727272727273
5058124,1.2826086956521738,1.2666666666666666,1.3793103448275863,1.3736263736263736
5058125,1.553191489361702,1.4130434782608696,1.4301075268817205,1.3736263736263736
5058126,1.2444444444444445,1.5777777777777777,1.3924533556427758,1.6022727272727273
5058127,1.6,1.4338245836945471,1.4258549711578057,1.3284137743224258
5058128,1.1333333333333333,1.1395348837209303,1.2679250067641537,1.2528735632183907
5058129,1.6444444444444444,1.4893617021276595,1.4372618109270683,1.3804347826086956
5058130,1.3984972921032273,1.2444444444444445,1.2089556749834607,1.3076923076923077
5058131,1.375,1.1818181818181819,1.5,1.348314606741573
5058132,1.326086956521739,1.0222222222222221,1.303370786516854,1.23134374303871
5058133,1.3828114196785781,1.2173913043478262,1.3657582234403802,1.288888888888889
5058134,1.1304347826086956,1.7906976744186047,1.25,1.7272727272727273
5058135,1.4186046511627908,1.2040816326530612,1.411764705882353,1.2587416988607338
5058136,1.5333333333333334,1.0681818181818181,1.569767441860465,1.0898876404494382
5058137,1.5217391304347827,1.4357132602048142,1.404494382022472,1.382899114163898
5058138,1.0212765957446808,1.2619047619047619,1.2840909090909092,1.0804597701149425
5058139,1.2291666666666667,1.2954545454545454,1.5,1.3370786516853932
5058140,1.5,1.3863636363636365,1.23134374303871,1.3111111111111111
5058141,0.9782608695652174,1.7857142857142858,1.1777777777777778,1.793103448275862
5058142,1.4,1.3255813953488371,1.471264367816092,1.2159090909090908
5058143,1.6444444444444444,1.5985389791686284,1.4831460674157304,1.5390328851178865
5058144,1.0851063829787233,1.3658536585365855,1.2272727272727273,1.1162790697674418
5058145,1.4,0.8222222222222222,1.303370786516854,1.202247191011236
5058146,1.259541023251127,1.1555555555555554,1.3424119290225958,1.2555555555555555
5058147,1.2790697674418605,1.125,1.3488372093023255,1.2107147181123994
5058148,1.488888888888889,1.6136363636363635,1.3666666666666667,1.2761198791492085
5058149,1.3897069041962533,1.4,1.3837643482525268,1.3370786516853932
5058150,1.2325581395348837,1.1555555555555554,1.313953488372093,1.2425377770663348
5058151,1.2537304076638747,1.5777777777777777,1.3424119290225958,1.4772727272727273
5058152,1.3125,1.3333333333333333,1.3478260869565217,1.3222222222222222
5058153,1.3181818181818181,1.984253530908292,1.303370786516854,1.9236648563606322
5058154,1.6521739130434783,1.2666666666666666,1.5285165290811678,1.2792457657531193
5058155,1.3700798189604873,1.297872340425532,1.2873139131768334,1.1827956989247312
5058156,1.620436773403815,1.288888888888889,1.5661758947882738,1.4086021505376345
5058157,1.186046511627907,1.4142847040823543,1.2906976744186047,1.4945449110745777
5058158,1.4666666666666666,0.7777777777777778,1.4943820224719102,1.1111111111111112
5058159,1.4090909090909092,1.5333333333333334,1.3888888888888888,1.505702849542643
5058160,1.1666666666666667,1.0,0.9069767441860465,1.1978021978021978
5058161,1.0851063829787233,1.1111111111111112,1.1910112359550562,1.3181818181818181
5058164,1.5107924538075208,1.5909090909090908,1.3948344630385472,1.404494382022472
5058162,1.3409090909090908,1.3111111111111111,1.3222222222222222,1.505702849542643
5058163,1.2954545454545454,1.288888888888889,1.3604651162790697,1.2201497090110855
5058165,1.2727272727272727,1.0222222222222221,1.2222222222222223,1.2808988764044944
5058166,1.3576632425815747,1.4444444444444444,1.4241239594848407,1.4606741573033708
5058167,1.3409090909090908,1.2954545454545454,1.3695652173913044,1.2696629213483146
5058168,1.4772727272727273,1.4090909090909092,1.5551464870784972,1.434782608695652
5058169,1.7555555555555555,1.3181818181818181,1.511111111111111,1.2613636363636365
5058170,1.0681818181818181,1.3208945366458682,1.3255813953488371,1.4181813024795262
5058171,1.5319148936170213,1.25,1.5513302086196927,1.1773589348524283
5058172,1.6,0.8888888888888888,1.5333333333333334,1.0888888888888888
5058173,1.4409460164929264,1.0232558139534884,1.2649258451215841,1.096774193548387
5058174,1.5555555555555556,1.8091589243061643,1.3444444444444446,1.404494382022472
5058175,1.4090909090909092,2.0564532713332833,1.247191011235955,1.9111976491110616
5058176,1.0232558139534884,1.0869565217391304,1.0232558139534884,1.065217391304348
5058177,1.6901420353112926,1.4545454545454546,1.5166057256847696,1.3444444444444446
5058178,1.5777777777777777,1.9615399704153618,1.2555555555555555,1.79771060981321
5058179,1.2727272727272727,1.4090909090909092,1.2705882352941176,1.2613636363636365
5058180,1.4444444444444444,1.2777777777777777,1.4034328740631443,1.4691358024691359
5058181,1.5227272727272727,1.7404566866742848,1.3888888888888888,1.5113636363636365
5058182,1.1777777777777778,1.2857142857142858,1.315217391304348,1.25
5058183,1.8863636363636365,0.9111111111111111,1.6,0.9888888888888889
5058184,1.3308280682917806,1.0909090909090908,1.2201497090110855,1.053191489361702
5058185,1.6222222222222222,1.3777777777777778,1.516363084958878,1.4361702127659575
5058186,1.627906976744186,1.5333333333333334,1.3888888888888888,1.5338340098368386
5058187,1.0,1.213739531496541,1.2873563218390804,1.4227935945611785
5058188,1.3111111111111111,1.2272727272727273,1.2417582417582418,1.3068181818181819
5058189,1.7333333333333334,1.2954545454545454,1.5,1.3181818181818181
5058190,1.0,1.3111111111111111,1.0930232558139534,1.1978021978021978
5058191,1.3125,1.6511627906976745,1.511277627339238,1.4083974841211773
6978332,1.4722222222222223,1.2777777777777777,1.423728210284657,1.4197530864197532
5058192,1.2325581395348837,1.1777777777777778,1.1590909090909092,1.2826086956521738
5058193,1.0,1.5,1.10752688172043,1.3595505617977528
5058194,1.3636363636363635,1.2954545454545454,1.302325581395349,1.3111111111111111
5058195,1.3695652173913044,1.7862581784288716,1.4028771932096427,1.4661648623440366
5058196,1.4634146341463414,1.4222222222222223,1.3333333333333333,1.5056179775280898
5058197,1.1555555555555554,1.0,1.2840909090909092,1.0112359550561798
5058198,1.5348837209302326,1.3863636363636365,1.4597701149425288,1.2555555555555555
5058199,1.0,1.372093023255814,1.127906976744186,1.3295454545454546
5058200,1.1627906976744187,0.9111111111111111,1.2045454545454546,1.2391304347826086
5058201,1.6240613714747156,1.75,1.5111945937293259,1.6
5058202,1.6590909090909092,1.25,1.4555555555555555,1.3333333333333333
5058203,1.7538475029596177,1.1777777777777778,1.772201456448439,1.0978260869565217
5058204,0.9772727272727273,1.4545454545454546,1.0543478260869565,1.3595505617977528
5058205,1.5,1.1818181818181819,1.3218390804597702,1.2921348314606742
5058206,1.4722222222222223,1.2608695652173914,1.3556479683481306,1.3191489361702127
5058207,1.1521739130434783,1.5114492279013525,1.1666666666666667,1.4545454545454546
5058208,1.2127659574468086,1.8046860900889923,1.4028771932096427,1.4600754904655928
5058209,1.1503768047945901,1.6222222222222222,1.1977616409558363,1.4945054945054945
5058210,1.3571428571428572,1.5,1.2528735632183907,1.5730337078651686
5058211,1.1777777777777778,1.0909090909090908,1.2272727272727273,0.9550561797752809
5058212,1.744186046511628,1.6046511627906976,1.4022988505747127,1.2808988764044944
5058213,1.213739531496541,1.5217391304347827,1.433823002270955,1.621322933337157
5058214,1.0666666666666667,1.4296863830575133,1.2093023255813953,1.3533829498560337
5058215,1.186046511627907,0.9555555555555556,1.1704545454545454,1.1397849462365592
5058216,1.2765957446808511,1.8479985216011827,1.446042645308401,1.5461532514795187
5058217,1.380952380952381,1.4090909090909092,1.3563218390804597,1.4719101123595506
5058218,1.1333333333333333,1.2272727272727273,1.1590909090909092,1.0
5058219,1.2222222222222223,1.186046511627907,1.2272727272727273,1.2954545454545454
5058220,1.2666666666666666,1.4765613464364482,1.2183908045977012,1.2889728939266563
5058221,1.5909090909090908,1.5,1.4597701149425288,1.2359550561797752
5058224,1.4436101079775248,1.4090909090909092,1.610039231675379,1.2417582417582418
5058222,1.5777777777777777,1.5681818181818181,1.5055356108987492,1.5730337078651686
5058223,1.6136363636363635,1.1142857142857143,1.511111111111111,1.375
5058225,1.0222222222222221,1.4,1.1630434782608696,1.404494382022472
5058226,1.0833333333333333,1.288888888888889,1.1776854637663374,1.2580645161290323
5058227,1.0869565217391304,1.5468737915048503,1.1888888888888889,1.523076337278332
5058228,1.036765468209903,1.6818181818181819,1.208955674983461,1.6
5058229,1.1865662786818816,1.5106382978723405,1.3418176938844748,1.5543478260869565
5058230,1.1304347826086956,1.5119987904009675,1.2222222222222223,1.5642017259915464
5058231,1.6388888888888888,1.7142857142857142,1.50000061475435,1.575
5058232,1.2444444444444445,1.488888888888889,1.1363636363636365,1.4157303370786516
5058234,1.1714285714285715,1.457142857142857,1.616380007060348,1.2439024390243902
5058233,1.7777777777777777,1.1714285714285715,1.6333333333333333,1.325
5058235,1.2777777777777777,1.2,1.3224484398169636,1.2444444444444445
5058236,1.1304347826086956,1.5454545454545454,1.2452834887862223,1.595505617977528
5058237,1.0666666666666667,1.565217391304348,1.243635911405123,1.608695652173913
7345140,1.6666666666666667,1.588235294117647,1.578948007671258,1.5949367088607596
7364165,1.0833333333333333,1.2403834227082475,1.6034489670038652,1.2584740430194732
5058238,1.3953488372093024,1.1555555555555554,1.3448275862068966,1.2247191011235956
5058239,1.4523809523809523,1.744186046511628,1.2613636363636365,1.75
5058241,1.3095238095238095,1.0444444444444445,1.5642017259915464,1.0561797752808988
5058240,1.4318181818181819,1.6666666666666667,1.2613636363636365,1.6111111111111112
5058242,1.0869565217391304,1.0434782608695652,1.2444444444444445,1.2339627297972566
5058243,1.2093023255813953,1.5555555555555556,1.0454545454545454,1.6320006528002609
5058244,0.9767441860465116,1.3529411764705883,1.2873563218390804,1.6538461538461537
5058245,1.4765613464364482,1.2222222222222223,1.2433455348496065,1.6260511033828167
5058246,0.9772727272727273,1.3301861694600576,1.1590909090909092,1.3195009796672368
5058247,1.3181818181818181,1.1818181818181819,1.302325581395349,1.2272727272727273
5058248,1.288888888888889,1.2666666666666666,1.4545454545454546,1.1477272727272727
5058249,1.2325581395348837,1.2608695652173914,1.2531645569620253,1.3333333333333333
5058250,1.8372093023255813,1.2444444444444445,1.5402298850574712,1.3333333333333333
5058251,1.5227272727272727,1.1458333333333333,1.4204545454545454,1.3043478260869565
5058252,1.1777777777777778,1.069767441860465,1.2490701676319078,1.1818181818181819
5058253,1.5454545454545454,1.6,1.4269662921348314,1.565217391304348
5058254,1.1162790697674418,1.7428571428571429,1.0113636363636365,1.6764712926349967
5058255,1.288888888888889,1.1590909090909092,1.372093023255814,1.2613636363636365
5058256,1.255813953488372,1.8095238095238095,1.2840909090909092,1.7701149425287357
5058257,1.288888888888889,1.8863636363636365,1.146067415730337,1.7045454545454546
5058258,1.2444444444444445,0.9777777777777777,1.3111111111111111,1.1529855048453377
5058259,1.4130434782608696,1.0909090909090908,1.315984640897903,1.25
5058260,1.0930232558139534,1.4848484848484849,1.2758620689655173,1.6363636363636365
5058261,1.3511440067603002,1.162162162162162,1.2889728939266563,1.4813284154889692
5058262,0.9545454545454546,1.3980555377562374,1.0674157303370786,1.2731081738586774
5058263,1.186046511627907,1.0666666666666667,1.465384051775365,1.0333333333333334
5058264,1.3555555555555556,1.3409090909090908,1.4269662921348314,1.1724137931034482
5058265,1.3953488372093024,1.2444444444444445,1.3417721518987342,1.4111111111111112
5058266,1.6590909090909092,1.0425531914893618,1.4772727272727273,1.326086956521739
5058267,1.5,1.0888888888888888,1.5747126436781609,1.2592592592592593
5058268,1.4545454545454546,1.6666666666666667,1.4943820224719102,1.4838709677419355
5058269,1.3777777777777778,1.0454545454545454,1.367816091954023,1.2727272727272727
5058270,1.0681818181818181,1.9411764705882353,1.0340909090909092,1.7341772151898733
5058271,1.4,2.2325581395348837,1.1910112359550562,1.9425287356321839
5058272,1.302325581395349,1.5588235294117647,1.2988505747126438,1.564102564102564
5058273,1.4090909090909092,1.0666666666666667,1.3333333333333333,1.108209368734839
5058274,1.0970141067058905,1.5833333333333333,1.231938695080344,1.50622469137954
5058275,0.9318181818181818,1.3398032236830608,1.0561797752808988,1.3787222308746971
5058276,1.4,1.3488372093023255,1.4269662921348314,1.1724137931034482
5058277,1.1136363636363635,1.7560975609756098,1.25,1.686046511627907
5058278,1.5348837209302326,1.3111111111111111,1.4050632911392404,1.2307692307692308
5058279,1.608695652173913,1.2666666666666666,1.4163563507968955,1.25
5058280,1.3082716603546318,1.204378682935268,1.5454545454545454,1.3224484398169631
5058281,1.4444444444444444,1.1521739130434783,1.4886363636363635,1.2608695652173914
5058282,1.3777777777777778,1.4,1.4,1.4615384615384615
5058283,1.186046511627907,1.0909090909090908,1.3499994807694307,1.1235955056179776
5058292,1.6818181818181819,1.2919698598760148,1.4303797468354431,1.1999995102042815
5058284,1.1136363636363635,1.5454545454545454,1.3269225665682438,1.3636363636363635
5058285,1.0888888888888888,1.4666666666666666,1.254752374618869,1.3375
5058286,0.9111111111111111,1.255813953488372,0.9111111111111111,1.2386363636363635
5058287,1.0909090909090908,2.0,1.0909090909090908,1.8333333333333333
5058288,0.9333333333333333,2.1666666666666665,1.2613636363636365,1.8837209302325582
5058289,1.2727272727272727,1.3863636363636365,1.3956043956043955,1.2758620689655173
5058290,1.4,1.0909090909090908,1.4,1.0634332326243405
5058291,1.5,1.2790697674418605,1.5949367088607596,1.1704545454545454
5058293,1.3014715451996655,1.0666666666666667,1.5454545454545454,1.141304347826087
5058294,1.2173913043478262,1.4444444444444444,1.3555555555555556,1.2637362637362637
5058295,1.3384594792931088,1.4,1.3914881774568704,1.5681818181818181
5058296,1.3777777777777778,1.6222222222222222,1.2469135802469136,1.4052039385858963
5058297,1.0666666666666667,2.1707317073170733,1.2661592143881313,1.9350649350649352
5058298,1.2222222222222223,1.3777777777777778,1.361537937870024,1.2840909090909092
5058299,1.0,1.3095238095238095,0.9777777777777777,1.2298850574712643
5058300,1.2666666666666666,1.3777777777777778,1.2777777777777777,1.3793103448275863
5058301,1.1363636363636365,1.0465116279069768,1.1818181818181819,1.1136363636363635
5058302,1.0888888888888888,1.9679984256012595,1.2873563218390804,1.8692300502961343
5058303,1.0444444444444445,1.441860465116279,1.3076923076923077,1.313953488372093
5058304,1.4444444444444444,1.1162790697674418,1.4666666666666666,1.1235955056179776
5058305,1.5777777777777777,1.2093023255813953,1.5822784810126582,1.2386363636363635
5058306,1.5227272727272727,0.9416051521130276,1.3670886075949367,1.0897954735528679
5058307,1.4028787071069835,0.9111111111111111,1.6136363636363635,1.0978260869565217
5058308,1.2826086956521738,1.6363636363636365,1.3444444444444446,1.3777777777777778
5058309,1.6829268292682926,1.1555555555555554,1.6823529411764706,1.0888888888888888
5058310,1.1221365479873677,1.3181818181818181,1.1744670855599273,1.4545454545454546
5058311,0.9782608695652174,1.3571428571428572,0.9777777777777777,1.2674418604651163
5058312,1.4444444444444444,1.1764705882352942,1.3580246913580247,1.1
5058313,1.488888888888889,1.0238095238095237,1.4303797468354431,1.1494252873563218
5058315,1.1627906976744187,1.1818181818181819,1.2382968184707928,1.3522727272727273
5058316,1.3695652173913044,1.0232558139534884,1.595505617977528,1.0879120879120878
5058317,1.1304347826086956,1.3181818181818181,1.3333333333333333,1.288888888888889
5058318,1.1818181818181819,1.8181818181818181,1.2,1.4382022471910112
5058319,1.1111111111111112,2.073170731707317,1.2889728939266563,1.8311688311688312
5058320,1.3333333333333333,1.2826086956521738,1.3218390804597702,1.1348314606741574
5058321,1.3555555555555556,1.3111111111111111,1.2777777777777777,1.3522727272727273
5058322,1.2,1.2380952380952381,1.2045454545454546,1.1839080459770115
5058323,1.0869565217391304,2.0399983680013056,1.2613636363636365,1.8461531360949475
5058324,0.8478260869565217,1.5714285714285714,1.2197802197802199,1.3176470588235294
5058314,1.5277777777777777,0.8999991818189257,1.3670886075949367,1.0897954735528679
5058325,1.5609756097560976,1.2727272727272727,1.5529411764705883,1.2584269662921348
5058326,1.3777777777777778,1.1904761904761905,1.25,1.1149425287356323
5058327,1.2222222222222223,1.5681818181818181,1.1538461538461537,1.4431818181818181
5058328,0.8695652173913043,1.4285714285714286,1.2637362637362637,1.255813953488372
5058329,1.0851063829787233,1.8230741183475103,1.1666666666666667,1.8549604160607511
7612500,1.6666666666666667,1.2545443140506236,1.518987341772152,1.163264831320477
5058330,1.2619047619047619,0.9545454545454546,1.5058823529411764,1.1931818181818181
5058331,1.1590909090909092,1.8372093023255813,1.1604938271604939,1.5
5058332,1.1555555555555554,1.8571428571428572,1.2518792286168312,1.8051948051948052
5058333,1.1956521739130435,0.9565217391304348,1.146067415730337,0.9555555555555556
5058334,0.9090909090909091,1.5277777777777777,1.2840909090909092,1.4320987654320987
5058336,1.4538439171632045,1.6304347826086956,1.8416974195386722,1.5696202531645569
5058335,1.1777777777777778,1.5555555555555556,1.3580246913580247,1.5443037974683544
5058337,1.6171862365732528,1.558139534883721,1.7608687996222612,1.4831460674157304
5058338,1.3658536585365855,1.326086956521739,1.2588235294117647,1.4111111111111112
5058340,1.2173913043478262,0.9565217391304348,1.2584269662921348,0.9444444444444444
5058341,1.3777777777777778,1.1777777777777778,1.2379177554209086,1.211111111111111
5058339,1.4523809523809523,1.5813953488372092,1.3563218390804597,1.4318181818181819
5058342,1.1111111111111112,1.288888888888889,1.2555555555555555,1.2386363636363635
5058343,1.2058823529411764,1.4666666666666666,1.0759493670886076,1.2696629213483146
5058344,1.1428571428571428,1.0,1.0898876404494382,1.2222222222222223
5058345,1.4390243902439024,1.3404255319148937,1.244186046511628,1.2307692307692308
5058346,1.186046511627907,1.2571428571428571,1.4941176470588236,1.2272722201354462
5058347,0.9090909090909091,1.3888888888888888,1.1797752808988764,1.3950617283950617
5058348,0.813953488372093,1.3255813953488371,1.0804597701149425,1.2840909090909092
5058349,1.25,1.0681818181818181,1.3148924979638315,1.1797752808988764
5058350,1.3170731707317074,1.3636363636363635,1.1764705882352942,1.3358495606979475
5058351,1.3969454985148866,1.2790697674418605,1.69260634528936,1.449438202247191
5058352,1.578944994067678,1.434782608695652,1.8648634248158882,1.4875
5058353,1.0222222222222221,1.0,1.2808988764044944,0.9550561797752809
5058354,1.3333333333333333,1.0444444444444445,1.211111111111111,1.2247191011235956
5058355,1.2765957446808511,1.368421052631579,1.3695652173913044,1.5365853658536586
5058356,1.441860465116279,1.5476190476190477,1.4137931034482758,1.4597701149425288
5058357,1.4285714285714286,1.2765957446808511,1.255813953488372,1.108695652173913
5058358,1.2444444444444445,1.343282579639866,1.2584269662921348,1.2661592143881313
5058359,1.0588235294117647,1.4772727272727273,1.0632911392405062,1.2840909090909092
5058360,1.2857142857142858,1.1333333333333333,1.2159090909090908,1.2555555555555555
5058361,1.0666666666666667,1.1944444444444444,1.3953488372093024,1.2489790820493543
5058362,1.0,1.0833333333333333,1.202247191011236,1.2592592592592593
5058363,1.1777777777777778,1.069767441860465,1.2478981110099907,1.2386363636363635
5058364,0.8636363636363636,1.3095238095238095,1.103448275862069,1.3103448275862069
5058365,1.4666666666666666,1.2727272727272727,1.2666666666666666,1.2696629213483146
5058366,1.2985064936518704,1.3488372093023255,1.7159526397071443,1.4886363636363635
5058367,1.297872340425532,1.6216216216216217,1.3369565217391304,1.5679012345679013
5058368,1.1388888888888888,0.9142857142857143,1.271604938271605,0.9625
5058369,1.2619047619047619,1.6744186046511629,1.2588235294117647,1.483019427554501
5058370,1.4552227946098546,1.3863636363636365,1.7027013878753763,1.4431818181818181
5058371,1.2173913043478262,1.4090909090909092,1.3258426966292134,1.3932584269662922
5058372,1.1666666666666667,1.3432825796398657,1.125,1.2406010373680312
5058373,1.186046511627907,1.1136363636363635,1.125,1.1666666666666667
5058374,1.4186046511627908,1.2826086956521738,1.2325581395348837,1.1868131868131868
5058375,1.4666666666666666,1.1627906976744187,1.4037725254546978,1.1590909090909092
5058376,1.0227272727272727,1.119047619047619,1.1494252873563218,1.2873563218390804
5058377,0.782608695652174,1.3714285714285714,1.206896551724138,1.1280987073972282
5058378,0.9777777777777777,0.8857142857142857,1.146067415730337,1.2
5058379,1.2444444444444445,1.3511440067603002,1.1444444444444444,1.231938695080344
5058380,1.297872340425532,1.372093023255814,1.4269662921348314,1.3880602194254552
5058381,1.1641782356878838,1.2631559952541422,1.5992211676182229,1.2313423646698771
5058382,1.1627906976744187,0.8571428571428571,1.2352941176470589,0.9259259259259259
5058383,1.1818181818181819,0.8478260869565217,1.2093023255813953,1.1839080459770115
5058384,1.3255813953488371,1.0232558139534884,1.4545454545454546,1.1573033707865168
5058385,1.0681818181818181,1.6458333333333333,1.1379310344827587,1.396363128595226
5058386,1.3617021276595744,1.5238095238095237,1.3932584269662922,1.4431818181818181
5058387,1.1194021496998883,1.1307674911269368,1.4769225088759583,1.2566028252054149
5058388,1.122302965685587,1.6,1.1955723968901832,1.5679012345679013
5058389,1.2089543216758791,1.1395348837209303,1.6100373667665122,1.25
5058390,1.1666666666666667,1.2553191489361701,1.2317073170731707,1.2197802197802199
5058391,1.1590909090909092,0.9428571428571428,1.255813953488372,0.9506172839506173
5058392,1.3255813953488371,1.2595410232511273,1.1297066402901086,1.240601037368031
5058393,0.9069767441860465,1.3636363636363635,1.2758620689655173,1.2222222222222223
5058394,1.302325581395349,1.488888888888889,1.1022727272727273,1.164835164835165
5058395,1.5909090909090908,1.3333333333333333,1.449438202247191,1.2222222222222223
5058396,1.027027027027027,0.8695652173913043,1.075,1.0222222222222221
5058397,1.2727272727272727,0.7608695652173914,1.2325581395348837,1.0
5058398,1.2790697674418605,1.1162790697674418,1.3863636363636365,1.1235955056179776
5058399,1.2093023255813953,0.9473691333602506,1.5172413793103448,1.1701249668568328
5058400,1.3555555555555556,1.5625,1.1954022988505748,1.3736263736263736
5058402,1.2444444444444445,0.992306165682822,1.4258549711578057,1.2339613328593715
5058401,1.2553191489361701,1.5365853658536586,1.348314606741573,1.4252873563218391
5058403,1.1438857150256945,1.5,1.0516609046719205,1.575
5058404,1.3181818181818181,1.372093023255814,1.568701092594586,1.2954545454545454
5058405,1.1111111111111112,1.1914893617021276,1.1585365853658536,1.1758241758241759
5058406,1.2826086956521738,0.9444444444444444,1.3218390804597702,0.9512195121951219
5058407,1.255813953488372,1.406248901368046,1.2552296003223429,1.3688207723114934
5058408,0.9069767441860465,1.4047619047619047,1.1149425287356323,1.2359550561797752
5058409,1.3636363636363635,1.5,1.1954022988505748,1.1777777777777778
5058410,1.1777777777777778,1.2727272727272727,1.3707865168539326,1.2134831460674158
5058411,1.065217391304348,1.1111111111111112,1.1125,1.0112359550561798
5058412,0.9777777777777777,0.8444444444444444,1.197674418604651,1.0113636363636365
5058413,1.2325581395348837,1.1627906976744187,1.4382022471910112,1.0786516853932584
5058414,1.2045454545454546,0.8796999095488042,1.5172413793103448,1.1701249668568328
5058415,1.488888888888889,1.5416666666666667,1.1590909090909092,1.4021739130434783
5058416,1.230216712386124,1.4545454545454546,1.1512919377461024,1.5
5058417,1.2608695652173914,1.3181818181818181,1.354476601136865,1.247191011235955
5058418,1.1777777777777778,1.3488372093023255,1.2125,1.3181818181818181
5058419,1.2391304347826086,1.25,1.404494382022472,1.3146067415730338
5058420,1.0434782608695652,1.1333333333333333,1.1125,1.0224719101123596
5058421,1.3863636363636365,1.2093023255813953,1.4111111111111112,1.1704545454545454
5058422,1.3636363636363635,1.084616218935553,1.4597701149425288,1.2226895893653738
5058423,0.8055555555555556,1.0,1.0365853658536586,1.0879120879120878
5058424,0.8409090909090909,1.2195121951219512,1.0804597701149425,1.2840909090909092
5058425,1.2666666666666666,1.4186046511627908,1.206896551724138,1.2613636363636365
5058426,1.4,1.574468085106383,1.1348314606741574,1.3804347826086956
5058427,1.1408458738351226,0.8863636363636364,1.1070114786020215,1.0879120879120878
5058428,1.4409460164929264,1.4042553191489362,1.3908045977011494,1.3636363636363635
5058429,1.6046511627906976,1.1555555555555554,1.3181818181818181,1.274435611114432
5058430,1.1063829787234043,1.065217391304348,1.2666666666666666,1.3173422012234677
5058431,1.1250010044651828,1.3488372093023255,1.057377482531755,1.3409090909090908
5058435,1.148936170212766,1.1521739130434783,1.3370786516853932,1.1125
5058432,1.25,1.0384599408308604,1.225,1.2595410232511273
5058433,0.9111111111111111,0.9444444444444444,1.103448275862069,0.9876543209876543
5058434,1.1333333333333333,1.1951219512195121,1.206896551724138,1.2386363636363635
5058436,1.5333333333333334,1.0444444444444445,1.4606741573033708,1.2298850574712643
5058437,1.3153856272197133,1.4523809523809523,1.2100845420523287,1.3448275862068966
5058438,1.5365853658536586,0.9389305809690222,1.4556962025316456,1.003759021143225
5058439,1.5365853658536586,1.1555555555555554,1.4470588235294117,1.0898876404494382
5058440,1.1590909090909092,1.2272727272727273,1.1363636363636365,1.1136363636363635
5058441,1.4545454545454546,1.326086956521739,1.367816091954023,1.3956043956043955
5058442,1.3846164497049613,1.414284704082354,1.367816091954023,1.3421047586072337
5058443,1.381295957766876,1.648853703165112,1.168033265587404,1.4436084798464361
5058444,1.5952380952380953,0.8931290892144358,1.6075949367088607,0.8364309158249383
5058445,1.4772727272727273,1.0454545454545454,1.375,1.1729318898752294
5058446,1.2413801664690804,1.0222222222222221,1.2043800015985406,1.1630434782608696
5058447,1.0575547176652647,1.4047619047619047,0.995902047500839,1.4367816091954022
5058448,1.3555555555555556,1.2608695652173914,1.2857142857142858,1.3566171483025191
5058449,1.4,1.1428571428571428,1.2954545454545454,1.2159090909090908
5058450,1.1777777777777778,1.0666666666666667,1.2921348314606742,1.1111111111111112
5058451,1.3043478260869565,1.0227272727272727,1.3146067415730338,1.2183908045977012
5058452,0.9347826086956522,0.9111111111111111,1.0227272727272727,1.0123456790123457
5058453,1.3111111111111111,1.0546866760260343,1.3375,1.2022891585578943
5058454,1.2222222222222223,1.25,1.125,1.1123595505617978
5058455,1.2142857142857142,1.0666666666666667,1.4470588235294117,1.0674157303370786
5058456,1.4318181818181819,1.3333333333333333,1.3908045977011494,1.5
5868557,1.2253529756006871,1.4651162790697674,1.06882634365439,1.3977272727272727
5868558,1.511111111111111,1.2790697674418605,1.3295454545454546,1.2205318553110818
5868559,0.9130434782608695,0.8222222222222222,0.9101123595505618,0.9753086419753086
5868560,1.2608695652173914,1.0222222222222221,1.191336170157462,1.141304347826087
5868561,1.2444444444444445,1.5777777777777777,1.2717391304347827,1.3940515263748974
5868562,1.3478260869565217,1.119047619047619,1.3370786516853932,1.1930492717766241
5868563,1.2406024365431854,1.3846144163535548,1.25,1.2794112943340832
5868564,1.4,1.1666666666666667,1.3522727272727273,1.2674418604651163
5868565,0.9777777777777777,1.0,1.2808988764044944,1.0121951219512195
5868566,1.434782608695652,1.1162790697674418,1.3595505617977528,1.1494252873563218
5868567,1.391304347826087,1.4999988281259156,1.173432167318143,1.4942960097733802
5868568,1.6046511627906976,1.031249194336567,1.6022727272727273,0.9360898736504234
5868569,1.511111111111111,1.2619047619047619,1.3636363636363635,1.4222222222222223
5868570,1.5238095238095237,0.9333333333333333,1.4470588235294117,1.1444444444444444
5868571,1.2,1.4651162790697674,1.1590909090909092,1.1573033707865168
5058472,1.5348837209302326,1.0,1.4022988505747127,0.9550561797752809
5058473,1.3521136282490342,1.3953488372093024,1.1781381288008617,1.2547523746188691
5058474,0.9777777777777777,1.5681818181818181,1.0869565217391304,1.4431818181818181
5058475,0.9705889489624624,1.2666666666666666,1.1818181818181819,1.315217391304348
5058476,1.488888888888889,1.3617021276595744,1.4318181818181819,1.3111111111111111
5058477,1.2923086863912971,1.2797193848116188,1.2115379955623096,1.2218177375208228
5058478,1.3740447526375934,1.0,1.437261810927068,1.05
5058479,1.2666666666666666,1.2608695652173914,1.2222222222222223,1.247191011235955
5058480,1.176923982249217,0.9772727272727273,1.289063003540236,1.0222222222222221
5058481,1.6363636363636365,1.0930232558139534,1.5681818181818181,1.1839080459770115
5058482,1.4883720930232558,1.5555555555555556,1.5058823529411764,1.3820224719101124
5058483,1.3333333333333333,1.4782608695652173,1.25,1.4222222222222223
5058484,1.2727272727272727,0.8,1.1910112359550562,1.1444444444444444
5058485,1.2187490478523064,1.2857142857142858,0.9812026386456245,1.4222222222222223
5058486,1.441860465116279,1.2,1.3448275862068966,1.0224719101123596
5058487,1.5107924538075208,1.6666666666666667,1.2631584061370065,1.4482758620689655
5058488,0.9782608695652174,1.5714285714285714,0.9891304347826086,1.4090909090909092
5058489,1.1333333333333333,1.1777777777777778,1.2386363636363635,1.2173913043478262
5058490,1.5957446808510638,1.469387755102041,1.4615384615384615,1.3297872340425532
5058491,1.4076933905333773,1.2481742714056412,1.1999995384617161,1.2654540852894236
5058492,1.2985064936518704,1.0227272727272727,1.357413932542231,0.925
5058493,1.2,1.2727272727272727,1.2197802197802199,1.3295454545454546
5058494,1.3533844762289295,1.0454545454545454,1.289063003540236,1.0444444444444445
5058495,1.391304347826087,1.3695652173913044,1.1402218229600825,1.2563181430751418
5058496,1.75,1.1904761904761905,1.6022727272727273,1.0804597701149425
5058497,1.5227272727272727,1.3409090909090908,1.5294117647058822,1.3522727272727273
5058498,1.2,1.4666666666666666,1.2045454545454546,1.3666666666666667
5058499,1.25,0.7727272727272727,1.1910112359550562,1.0898876404494382
5058500,1.0992358021100748,1.4285714285714286,0.9699244473968243,1.5056179775280898
5058501,1.0434782608695652,1.5238095238095237,0.9666666666666667,1.2840909090909092
5058502,1.3043478260869565,1.8048780487804879,1.2240004896001957,1.4651162790697674
5058503,1.1333333333333333,1.1136363636363635,1.141304347826087,1.3258426966292134
5058504,1.8666666666666667,0.9047619047619048,1.7093023255813953,0.9770114942528736
5058505,1.1363636363636365,1.4531238647469806,1.0380224190028824,1.3872175236024347
5058506,1.1333333333333333,1.3777777777777778,1.146067415730337,1.2555555555555555
5058507,1.4772727272727273,1.2666666666666666,1.4137931034482758,1.0888888888888888
5058508,0.9782608695652174,1.288888888888889,1.2000004528303596,1.1956521739130435
5058509,1.3958333333333333,1.5208333333333333,1.4945054945054945,1.391304347826087
5058510,1.3533844762289295,1.2824417691284205,1.1977181757725568,1.3455877405927426
5058511,1.4014588310519482,1.0,1.4258549711578055,0.975
5058512,1.53383573972612,1.0227272727272727,1.3710942855837054,1.0888888888888888
5058513,1.3541666666666667,1.3695652173913044,1.2262778198094233,1.2996394583535948
5058514,1.0222222222222221,0.8863636363636364,1.1235955056179776,1.0224719101123596
5058515,1.711111111111111,1.3636363636363635,1.627906976744186,1.4090909090909092
5058516,1.0638297872340425,1.1304347826086956,1.2177126264622238,1.2417582417582418
5058517,1.4583333333333333,1.326086956521739,1.3905114563910426,1.2321432971940347
5058518,1.3333333333333333,1.5106382978723405,1.4021739130434783,1.4130434782608696
5058519,1.4,1.1590909090909092,1.4022988505747127,1.0444444444444445
5058520,1.398497292103227,1.1363636363636365,1.2298850574712643,1.2794112943340832
5058521,1.6956521739130435,1.288888888888889,1.4659090909090908,1.3595505617977528
5058522,1.25,1.8,1.0722429383106697,1.7011494252873562
5058523,1.53383573972612,1.2325581395348837,1.3436298624053524,1.2696629213483146
5058524,1.0666666666666667,1.1304347826086956,1.0444444444444445,1.1868131868131868
5058525,1.3571428571428572,1.4782608695652173,1.3068181818181819,1.4296034041889547
5058527,1.3014715451996655,1.4130434782608696,1.2137409212751609,1.2346574854359151
5058528,1.0930232558139534,1.2222222222222223,1.2463230712047533,1.2321432971940347
5058529,1.0454545454545454,1.0222222222222221,0.9775280898876404,1.1
5058530,1.4545454545454546,1.446808510638298,1.4597701149425288,1.3978494623655915
5058526,1.829268292682927,1.108695652173913,1.423529411764706,1.173432167318143
5058531,1.1818181818181819,1.25,1.0444444444444445,1.3763440860215055
5058532,0.9090909090909091,0.9090909090909091,0.9887640449438202,0.9887640449438202
5058533,1.3863636363636365,1.2444444444444445,1.5171096893119052,1.2333333333333334
5058534,1.5319148936170213,0.9302325581395349,1.5280898876404494,0.9770114942528736
5058535,1.1555555555555554,1.0434782608695652,1.202247191011236,1.2747252747252746
5058536,1.1111111111111112,1.7686553965258236,1.0722429383106697,1.6882122858508417
5058537,1.429686383057513,1.2045454545454546,1.3818892197286536,1.303370786516854
8128168,1.1764705882352942,1.5405405405405406,1.4050632911392404,1.4578313253012047
5058538,1.2444444444444445,1.3333333333333333,1.2679250067641537,1.2779788007143684
5058539,1.5661776221894281,1.1162790697674418,1.3740463259718803,1.2808988764044944
5058540,1.1162790697674418,1.1590909090909092,1.202205440365647,1.211111111111111
5058541,1.1111111111111112,0.9347826086956522,1.0666666666666667,1.098901098901099
5058542,1.5476190476190477,1.3333333333333333,1.411764705882353,1.1512919377461026
5058543,1.4531238647469804,1.2045454545454546,1.358267181784574,1.303370786516854
5058544,1.2045454545454546,1.1111111111111112,1.0112359550561798,1.0444444444444445
5058545,1.2222222222222223,1.3333333333333333,1.375,1.3478260869565217
5058546,1.173913043478261,1.2483213098514698,1.0869565217391304,1.3626755765226843
5058547,1.3333333333333333,1.1333333333333333,1.414448131388543,1.1666666666666667
5058548,1.2571428571428571,1.3783783783783783,1.4303797468354431,1.3855421686746987
5058549,0.9318181818181818,0.9302325581395349,0.9662921348314607,0.9318181818181818
5058550,1.1777777777777778,0.9333333333333333,1.3181818181818181,1.2444444444444445
5058551,1.4680851063829787,1.186046511627907,1.4777777777777779,1.1511627906976745
5058552,1.0666666666666667,1.5895510525738414,1.1406839769262445,1.6127813485784404
5058553,0.9318181818181818,1.255813953488372,1.0929363966779195,1.3146067415730338
5058555,1.5757575757575757,1.2222222222222223,1.4736842105263157,1.1728395061728396
5058554,1.0666666666666667,1.0666666666666667,1.0222222222222221,1.1222222222222222
5058556,1.1555555555555554,1.0222222222222221,1.0786516853932584,1.1444444444444444
5058557,1.2222222222222223,1.2777777777777777,1.3235299678697345,1.3200005280002112
5058558,1.2,1.1951219512195121,1.3181818181818181,1.3444444444444446
5058559,1.236842105263158,1.3392869100775986,1.4125,1.3476567764284282
5058560,1.1777777777777778,1.0465116279069768,1.0786516853932584,0.9204545454545454
5058561,1.288888888888889,1.0909090909090908,1.3308265673584332,1.2134831460674158
5058562,1.4666666666666666,1.0465116279069768,1.3245288017089818,1.1573033707865168
5058563,1.476561346436448,1.2380952380952381,1.3818892197286536,1.3636363636363635
5058564,0.9787234042553191,0.8999993571433164,1.0869565217391304,1.24910987576161
5058565,1.288888888888889,1.0888888888888888,1.2808988764044944,1.2134831460674158
5058566,1.1111111111111112,1.6259529572878189,1.1052627423824275,1.6882122858508417
8158336,1.1176470588235294,1.2897184208239059,1.4210526315789473,1.1142852594754042
5058567,1.5106382978723405,1.3095238095238095,1.5164835164835164,1.2
5058568,1.0857142857142856,1.1428571428571428,1.4736842105263157,1.3524595706801519
5058575,1.186046511627907,1.3333333333333333,1.2808988764044944,1.3432840833149566
5058569,1.3333333333333333,1.0,1.4022988505747127,1.1
5058570,1.2222222222222223,1.129413093427169,1.1348314606741574,1.336245124997871
5058571,1.3333333333333333,1.2222222222222223,1.315984640897903,1.2946063463096873
5058572,1.2580655306980086,1.4827586206896552,1.3992542534530796,1.5070422535211268
5058573,1.3053425150057136,1.0666666666666667,1.3657582234403798,1.101123595505618
5058574,1.0,0.8785708010208564,1.1444444444444444,1.1408446687166658
5058576,1.4444444444444444,1.1111111111111112,1.348314606741573,1.043956043956044
5058577,1.1718740844733713,1.0681818181818181,1.1811018972039775,1.1704545454545454
5058578,0.8666666666666667,1.0222222222222221,1.071428168636027,1.247191011235955
5058579,1.0681818181818181,1.4531238647469806,0.9204545454545454,1.665398606312317
5058580,1.0888888888888888,1.255813953488372,1.2247191011235956,1.2272727272727273
5058581,1.2045454545454546,0.9214279132657762,1.1666666666666667,1.1302812921544745
5058582,1.1,1.3565229187155814,1.4691358024691359,1.3280637660331092
5058583,1.2115372965987534,1.1914893617021276,1.1265301524366724,1.4456521739130435
5058584,1.2325581395348837,1.2727272727272727,1.2808988764044944,1.4037741146317415
5058585,1.3777777777777778,0.9361702127659575,1.202247191011236,1.0978260869565217
5058586,1.0,1.0,1.0674157303370786,1.2
5058587,1.1811032922073166,1.4827586206896552,1.3544781173425813,1.408450704225352
5058588,1.4047619047619047,1.0909090909090908,1.3908045977011494,1.1123595505617978
5058589,1.1555555555555554,1.2222222222222223,1.279411294334083,1.3195026222002584
5058590,1.0888888888888888,1.2804893664504469,1.0561797752808988,1.4045460929754967
5058591,1.3359364562996434,0.9772727272727273,1.1220468023437786,1.0454545454545454
5058592,1.4222222222222223,1.0222222222222221,1.2222222222222223,1.032967032967033
5058593,1.1818181818181819,1.302325581395349,1.2359550561797752,1.2159090909090908
5058594,1.3181818181818181,1.0222222222222221,1.3846148520712107,1.1348314606741574
5058595,1.0227272727272727,1.391998886400891,0.9545454545454546,1.6038455369824858
5058596,1.0444444444444445,1.0,1.0681818181818181,1.2272727272727273
5058597,1.3409090909090908,0.985713581633156,1.2333333333333334,1.1197179155922832
5058598,1.1777777777777778,1.3867937611261898,1.0449438202247192,1.4654384633356972
5058599,1.3488372093023255,1.0930232558139534,1.1910112359550562,1.1704545454545454
5058600,1.3777777777777778,1.1111111111111112,1.4030412916192807,1.1111111111111112
5058601,1.3333333333333333,0.8444444444444444,1.2444444444444445,0.9555555555555556
5058602,1.2,1.3125011718760462,1.3780487804878048,1.368000547200219
5058603,1.4999985576936945,1.2826086956521738,1.276858976504555,1.4891304347826086
5058604,1.2325581395348837,1.4186046511627908,1.2272727272727273,1.4770998004197713
5058605,1.4444444444444444,1.1063829787234043,1.2247191011235956,1.1318681318681318
5058606,1.4409460164929264,1.3157894736842106,1.4440303895635782,1.25
5058607,1.288888888888889,1.108695652173913,1.247191011235955,1.065934065934066
5058608,1.488888888888889,1.1388888888888888,1.4382022471910112,1.22950870061832
5058609,1.3593739379891108,1.0227272727272727,1.1439684264714296,1.1264367816091954
5058610,1.1818181818181819,1.5609756097560976,1.0454545454545454,1.6692600508715754
