game_pk,date,home_era_rolling_5,away_era_rolling_5,home_era_rolling_10,away_era_rolling_10
5057771,2026-03-25,0.0,0.0,0.0,0.0
5057772,2026-03-26,0.0,0.0,0.0,0.0
5057773,2026-03-26,0.0,0.0,0.0,0.0
5057774,2026-03-26,0.0,0.0,0.0,0.0
5057775,2026-03-26,0.0,0.0,0.0,0.0
5057776,2026-03-26,0.0,0.0,0.0,0.0
5057777,2026-03-26,0.0,0.0,0.0,0.0
5057778,2026-03-26,0.0,0.0,0.0,0.0
5057779,2026-03-26,0.0,0.0,0.0,0.0
5057780,2026-03-26,0.0,0.0,0.0,0.0
5057781,2026-03-26,0.0,0.0,0.0,0.0
5057782,2026-03-26,0.0,0.0,0.0,0.0
5057783,2026-03-27,0.0,0.0,0.0,0.0
5057784,2026-03-27,0.0,0.0,0.0,0.0
5057785,2026-03-27,0.0,0.0,0.0,0.0
5057786,2026-03-27,0.0,0.0,0.0,0.0
5057787,2026-03-27,0.0,0.0,0.0,0.0
5057788,2026-03-27,0.0,0.0,0.0,0.0
5057789,2026-03-27,0.0,0.0,0.0,0.0
5057790,2026-03-27,0.0,0.0,0.0,0.0
5057791,2026-03-28,0.0,0.0,0.0,0.0
5057792,2026-03-28,0.0,0.0,0.0,0.0
5057793,2026-03-28,0.0,0.0,0.0,0.0
5057794,2026-03-28,0.0,0.0,0.0,0.0
5057795,2026-03-28,0.0,0.0,0.0,0.0
5057796,2026-03-28,0.0,0.0,0.0,0.0
5057797,2026-03-28,0.0,0.0,0.0,0.0
5057798,2026-03-28,0.0,0.0,0.0,0.0
5057799,2026-03-28,0.0,0.0,0.0,0.0
5057800,2026-03-28,0.0,0.0,0.0,0.0
5057801,2026-03-28,0.0,0.0,0.0,0.0
5057802,2026-03-28,0.0,0.0,0.0,0.0
5057803,2026-03-28,0.0,0.0,0.0,0.0
5057804,2026-03-28,0.0,0.0,0.0,0.0
5057805,2026-03-28,0.0,0.0,0.0,0.0
5057806,2026-03-29,0.0,0.0,0.0,0.0
5057807,2026-03-29,0.0,0.0,0.0,0.0
5057808,2026-03-29,0.0,0.0,0.0,0.0
5057809,2026-03-29,0.0,0.0,0.0,0.0
5057810,2026-03-29,0.0,0.0,0.0,0.0
5057811,2026-03-29,0.0,0.0,0.0,0.0
5057812,2026-03-29,0.0,0.0,0.0,0.0
5057813,2026-03-29,0.0,0.0,0.0,0.0
5057814,2026-03-29,0.0,0.0,0.0,0.0
5057815,2026-03-29,0.0,0.0,0.0,0.0
5057816,2026-03-29,0.0,0.0,0.0,0.0
5057817,2026-03-29,0.0,0.0,0.0,0.0
5057818,2026-03-30,0.0,0.0,0.0,0.0
5057819,2026-03-30,0.0,0.0,0.0,0.0
5057820,2026-03-30,0.0,0.0,0.0,0.0
5057821,2026-03-30,0.0,0.0,0.0,0.0
5057822,2026-03-30,0.0,0.0,0.0,0.0
5057823,2026-03-30,0.0,0.0,0.0,0.0
5057824,2026-03-30,0.0,0.0,0.0,0.0
5057825,2026-03-30,0.0,0.0,0.0,0.0
5057826,2026-03-30,0.0,0.0,0.0,0.0
5057827,2026-03-30,0.0,0.0,0.0,0.0
5057828,2026-03-30,0.0,0.0,0.0,0.0
5057829,2026-03-30,0.0,0.0,0.0,0.0
5057830,2026-03-30,0.0,0.0,0.0,0.0
5057831,2026-03-30,0.0,0.0,0.0,0.0
5057832,2026-03-30,0.0,0.0,0.0,0.0
5057833,2026-03-31,0.0,0.0,0.0,0.0
5057834,2026-03-31,0.0,0.0,0.0,0.0
5057835,2026-03-31,0.0,0.0,0.0,0.0
5057836,2026-03-31,0.0,0.0,0.0,0.0
5057837,2026-03-31,0.0,0.0,0.0,0.0
5057838,2026-03-31,0.0,0.0,0.0,0.0
5057839,2026-03-31,0.0,0.0,0.0,0.0
5057840,2026-03-31,0.0,0.0,0.0,0.0
5057841,2026-03-31,0.0,0.0,0.0,0.0
5057842,2026-03-31,0.0,0.0,0.0,0.0
5057843,2026-03-31,0.0,0.0,0.0,0.0
5057844,2026-03-31,5.062531640822755,0.0,5.062531640822755,0.0
5057845,2026-03-31,0.0,10.8,0.0,10.8
5057846,2026-03-31,0.0,5.4,0.0,5.4
5057847,2026-04-01,0.0,3.6,0.0,3.6
5057848,2026-04-01,0.0,9.642788265798103,0.0,9.642788265798103
5057849,2026-04-01,0.0,67.49662516874157,0.0,67.49662516874157
5057850,2026-04-01,0.0,4.909046281397441,0.0,4.909046281397441
5057851,2026-04-01,1.5,4.153878106754667,1.5,4.153878106754667
5057852,2026-04-01,0.0,16.19967600647987,0.0,16.19967600647987
5057853,2026-04-01,1.8,7.2,1.8,7.2
5057854,2026-04-01,1.8,1.8,1.8,1.8
5057855,2026-04-01,7.941129758060248,0.0,7.941129758060248,0.0
5057856,2026-04-01,14.727138844192325,4.153878106754667,14.727138844192325,4.153878106754667
5057857,2026-04-01,9.0,0.0,9.0,0.0
5057858,2026-04-01,1.5,0.0,1.5,0.0
5057859,2026-04-01,18.0,0.0,18.0,0.0
5057860,2026-04-01,0.0,0.0,0.0,0.0
5057861,2026-04-01,3.0,5.4,3.0,5.4
5057862,2026-04-02,9.0,2.0769390533773335,9.0,2.0769390533773335
5057864,2026-04-02,7.714230612638482,1.5,7.714230612638482,1.5
5057865,2026-04-02,3.3750210938818364,0.0,3.3750210938818364,0.0
5057866,2026-04-03,7.2,10.80010800108001,7.2,10.80010800108001
5057867,2026-04-03,1.5,0.0,1.5,0.0
5057868,2026-04-03,2.0769390533773335,3.857142857142857,2.0769390533773335,3.857142857142857
5057869,2026-04-03,6.75,0.0,6.75,0.0
5057870,2026-04-03,3.3750210938818364,6.75,3.3750210938818364,6.75
5057871,2026-04-03,4.909046281397441,2.842120221685377,4.909046281397441,2.842120221685377
5057872,2026-04-03,6.75,3.0,6.75,3.0
5057873,2026-04-03,6.230817160132,5.4,6.230817160132,5.4
5057874,2026-04-03,0.0,3.857115306319241,0.0,3.857115306319241
5057876,2026-04-03,5.785672959478862,3.0,5.785672959478862,3.0
5057877,2026-04-03,0.0,5.4,0.0,5.4
5057878,2026-04-03,3.3750210938818364,11.571345918957723,3.3750210938818364,11.571345918957723
5057879,2026-04-03,4.5,3.6,4.5,3.6
5057880,2026-04-04,4.153878106754667,13.5,4.153878106754667,13.5
5057881,2026-04-04,0.0,0.0,0.0,0.0
5057882,2026-04-04,4.153878106754667,6.750042187763673,4.153878106754667,6.750042187763673
5057883,2026-04-04,3.6,3.0,3.6,3.0
5057884,2026-04-04,10.384695266886668,13.499831252109349,10.384695266886668,13.499831252109349
5057885,2026-04-04,1.6875105469409182,0.0,1.6875105469409182,0.0
5057886,2026-04-04,0.0,2.0769390533773335,0.0,2.0769390533773335
5057887,2026-04-04,2.0769390533773335,5.4,2.0769390533773335,5.4
5057888,2026-04-04,0.0,3.6,0.0,3.6
5057889,2026-04-04,0.0,7.2,0.0,7.2
5057891,2026-04-04,0.0,0.0,0.0,0.0
5057892,2026-04-04,0.0,9.0,0.0,9.0
5057893,2026-04-04,0.0,3.1764519032240988,0.0,3.1764519032240988
5057894,2026-04-04,11.25,0.0,11.25,0.0
5057895,2026-04-05,3.0,8.307756213509334,3.0,8.307756213509334
5057896,2026-04-05,3.6,2.25,3.6,2.25
5057897,2026-04-05,0.0,0.0,0.0,0.0
5057898,2026-04-05,8.307756213509334,6.75,8.307756213509334,6.75
5057899,2026-04-05,12.461634320264,0.0,12.461634320264,0.0
5057900,2026-04-05,1.5,1.8,1.5,1.8
5057901,2026-04-05,3.6,3.0,3.6,3.0
5057902,2026-04-05,5.4,3.3750210938818364,5.4,3.3750210938818364
5057903,2026-04-05,3.0,0.0,3.0,0.0
5057904,2026-04-05,1.9285576531596205,11.571345918957723,1.9285576531596205,11.571345918957723
5057905,2026-04-05,6.75,1.2857142857142858,6.75,1.2857142857142858
5057906,2026-04-05,7.363636363636363,3.0,7.363636363636363,3.0
5057907,2026-04-05,0.0,0.0,0.0,0.0
5057908,2026-04-05,7.5,0.0,7.5,0.0
5057909,2026-04-05,0.0,7.2,0.0,7.2
5057910,2026-04-06,3.857115306319241,0.0,3.857115306319241,0.0
5057911,2026-04-06,4.0,0.0,4.0,0.0
5057912,2026-04-06,4.153878106754667,11.571345918957723,4.153878106754667,11.571345918957723
5057913,2026-04-06,0.0,12.0,0.0,12.0
5057914,2026-04-06,9.642788265798103,3.6,9.642788265798103,3.6
5057915,2026-04-06,0.0,0.0,0.0,0.0
5057916,2026-04-06,1.5,0.0,1.5,0.0
5057917,2026-04-06,0.0,0.0,0.0,0.0
5057918,2026-04-06,4.821445790877824,1.5,4.821445790877824,1.5
5057919,2026-04-06,5.785672959478862,6.750042187763673,5.785672959478862,6.750042187763673
5057920,2026-04-06,0.0,0.0,0.0,0.0
5057921,2026-04-06,0.0,0.75,0.0,0.75
5057922,2026-04-06,1.6875105469409182,1.6875105469409182,1.6875105469409182,1.6875105469409182
5057923,2026-04-07,2.25,1.8,2.25,1.8
5057924,2026-04-07,0.0,0.0,0.0,0.0
5057925,2026-04-07,0.0,3.085705469412945,0.0,3.085705469412945
5057926,2026-04-07,9.529355709672297,6.75,9.529355709672297,6.75
5057927,2026-04-07,3.272727272727273,2.4545454545454546,3.272727272727273,2.4545454545454546
5057928,2026-04-07,2.7930938169178727,1.6363636363636365,2.7930938169178727,1.6363636363636365
5057929,2026-04-07,0.0,3.6,0.0,3.6
5057930,2026-04-07,0.75,3.0,0.75,3.0
5057931,2026-04-07,4.35485275758954,3.6,4.35485275758954,3.6
5057932,2026-04-07,19.285576531596202,1.3846153846153846,19.285576531596202,1.3846153846153846
5057933,2026-04-07,0.870970551517908,0.6923076923076923,0.870970551517908,0.6923076923076923
5057934,2026-04-07,11.423032988334661,3.75,11.423032988334661,3.75
5057935,2026-04-07,2.8928674745266942,5.906231543026429,2.8928674745266942,5.906231543026429
5057936,2026-04-07,6.517286326112593,1.6363636363636365,6.517286326112593,1.6363636363636365
5057937,2026-04-07,3.3750210938818364,0.7941199827058314,3.3750210938818364,0.7941199827058314
5057938,2026-04-08,1.5,3.3749894531579594,1.5,3.3749894531579594
5057939,2026-04-08,3.0,3.6,3.0,3.6
5057940,2026-04-08,4.5,0.0,4.5,0.0
5057941,2026-04-08,6.75,6.230745266364361,6.75,6.230745266364361
5057942,2026-04-08,3.970599913529157,1.3846153846153846,3.970599913529157,1.3846153846153846
5057943,2026-04-08,2.7931227111911117,0.0,2.7931227111911117,0.0
5057944,2026-04-08,14.72733966972577,12.959896320829435,14.72733966972577,12.959896320829435
5057945,2026-04-08,7.0,3.1764799308233256,7.0,3.1764799308233256
5057946,2026-04-08,14.464337372633471,2.5312420898684693,14.464337372633471,2.5312420898684693
5057947,2026-04-08,2.382338927418074,2.4545454545454546,2.382338927418074,2.4545454545454546
5057948,2026-04-08,3.1764799308233256,0.0,3.1764799308233256,0.0
5057949,2026-04-08,5.7272727272727275,5.0,5.7272727272727275,5.0
5057950,2026-04-08,2.7,6.480025920103681,2.7,6.480025920103681
5057951,2026-04-08,4.6552045186518525,5.785672959478862,4.6552045186518525,5.785672959478862
5057952,2026-04-08,6.75,0.75,6.75,0.75
5057953,2026-04-09,4.655156361529788,1.6363636363636365,4.655156361529788,1.6363636363636365
5057954,2026-04-09,4.5,2.3823599481174944,4.5,2.3823599481174944
5057955,2026-04-09,9.0,7.560030240120959,9.0,7.560030240120959
5057956,2026-04-09,2.612911654553724,0.0,2.612911654553724,0.0
5057957,2026-04-09,1.5882399654116628,3.857115306319241,1.5882399654116628,3.857115306319241
5057958,2026-04-09,0.75,0.0,0.75,0.0
5057959,2026-04-10,4.5,4.0,4.5,4.0
5057960,2026-04-10,0.8181818181818182,4.655156361529788,0.8181818181818182,4.655156361529788
5057961,2026-04-10,4.973671121918101,0.9,4.973671121918101,0.9
5057962,2026-04-10,4.153878106754667,18.0,4.153878106754667,18.0
5057963,2026-04-10,3.272727272727273,4.218736816447449,3.272727272727273,4.218736816447449
5057964,2026-04-10,0.0,2.3142791020597087,0.0,2.3142791020597087
5057965,2026-04-10,1.4210488919766002,0.0,1.4210488919766002,0.0
5057966,2026-04-10,4.090909090909091,0.0,4.090909090909091,0.0
5057967,2026-04-10,0.0,5.225823309107448,0.0,5.225823309107448
5057968,2026-04-10,4.090909090909091,2.4545454545454546,4.090909090909091,2.4545454545454546
5057969,2026-04-10,0.0,8.0,0.0,8.0
5057970,2026-04-10,15.954617975536253,2.8928674745266942,15.954617975536253,2.8928674745266942
5057971,2026-04-10,9.449952750236248,1.6874947265789797,9.449952750236248,1.6874947265789797
5057972,2026-04-10,0.7105244459883001,4.319965440276478,0.7105244459883001,4.319965440276478
5057973,2026-04-10,3.0,3.6,3.0,3.6
5057974,2026-04-11,9.310312723059576,6.749978906315919,9.310312723059576,6.749978906315919
5057975,2026-04-11,5.225823309107448,3.085731918468105,5.225823309107448,3.085731918468105
5057976,2026-04-11,0.0,2.25,0.0,2.25
5057977,2026-04-11,4.909113223241923,4.395359058974555,4.909113223241923,4.395359058974555
5057978,2026-04-11,4.764677854836148,6.749915626054674,4.764677854836148,6.749915626054674
5057979,2026-04-11,3.085705469412945,6.48002592010368,3.085705469412945,6.48002592010368
5057980,2026-04-11,0.6923076923076923,5.4,0.6923076923076923,5.4
5057981,2026-04-11,2.25,1.35,2.25,1.35
5057982,2026-04-11,2.612911654553724,2.7,2.612911654553724,2.7
5057983,2026-04-11,7.2,0.8181818181818182,7.2,0.8181818181818182
5057984,2026-04-11,14.210601108426886,5.0,14.210601108426886,5.0
5057985,2026-04-11,5.4,8.64003456013824,5.4,8.64003456013824
5057986,2026-04-11,4.5,4.32001728006912,4.5,4.32001728006912
5057987,2026-04-11,8.0,2.4545454545454546,8.0,2.4545454545454546
5057988,2026-04-11,2.7930938169178727,3.272727272727273,2.7930938169178727,3.272727272727273
5057989,2026-04-12,0.0,3.0,0.0,3.0
5057990,2026-04-12,0.0,3.970599913529157,0.0,3.970599913529157
5057991,2026-04-12,3.375,1.08000432001728,3.375,1.08000432001728
5057992,2026-04-12,3.176470588235294,0.45,3.176470588235294,0.45
5057993,2026-04-12,4.8,2.7,4.8,2.7
5057994,2026-04-12,2.5471650053490467,0.7397270407219736,2.5471650053490467,0.7397270407219736
5057995,2026-04-12,1.8,1.62000648002592,1.8,1.62000648002592
5057996,2026-04-12,1.6874947265789797,0.0,1.6874947265789797,0.0
5057997,2026-04-12,4.218736816447449,1.8,4.218736816447449,1.8
5057998,2026-04-12,1.8,9.0,1.8,9.0
5057999,2026-04-12,2.5312420898684693,3.115408580066,2.5312420898684693,3.115408580066
5058000,2026-04-12,5.538461538461538,0.0,5.538461538461538,0.0
5058001,2026-04-12,5.4000216000864,4.153878106754667,5.4000216000864,4.153878106754667
5058002,2026-04-12,7.0,3.724125089223831,7.0,3.724125089223831
5058003,2026-04-12,3.9375,3.2926748959148884,3.9375,3.2926748959148884
5058004,2026-04-13,3.6,5.625,3.6,5.625
5058005,2026-04-13,0.0,4.199972000186666,0.0,4.199972000186666
5058006,2026-04-13,1.6530645980910164,0.0,1.6530645980910164,0.0
5058007,2026-04-13,5.25,2.5116162250408136,5.25,2.5116162250408136
5058008,2026-04-13,3.0681748450571704,6.750030681957645,3.0681748450571704,6.750030681957645
5058009,2026-04-13,2.5471650053490467,5.0625,2.5471650053490467,5.0625
5058010,2026-04-13,5.268279833463821,3.115390606520397,5.268279833463821,3.115390606520397
5058011,2026-04-13,3.375,2.0377320042792375,3.375,2.0377320042792375
5058012,2026-04-13,5.40001350003375,7.977254597148644,5.40001350003375,7.977254597148644
5058013,2026-04-13,1.8,6.136391529052404,1.8,6.136391529052404
5058014,2026-04-14,1.894736842105263,0.0,1.894736842105263,0.0
5058015,2026-04-14,3.634622374273796,0.0,3.634622374273796,0.0
5058016,2026-04-14,4.764705882352941,5.906231543026427,4.764705882352941,5.906231543026427
5058017,2026-04-14,7.714263673532361,2.076927071013598,7.714263673532361,2.076927071013598
5058018,2026-04-14,1.0,0.0,1.0,0.0
5058019,2026-04-14,2.8125,4.595734902691697,2.8125,4.595734902691697
5058020,2026-04-14,1.1489337256729242,3.681809814068605,1.1489337256729242,3.681809814068605
5058021,2026-04-14,3.6,2.755107663485027,3.6,2.755107663485027
5058022,2026-04-14,0.0,4.153830177576241,0.0,4.153830177576241
5058023,2026-04-14,3.3061291961820327,2.076927071013598,3.3061291961820327,2.076927071013598
5058024,2026-04-14,2.15999568000864,2.454539876045736,2.15999568000864,2.454539876045736
5058025,2026-04-14,0.0,9.0,0.0,9.0
5058026,2026-04-14,3.2399935200129604,1.5,3.2399935200129604,1.5
5058027,2026-04-14,1.4727299504180915,2.755107663485027,1.4727299504180915,2.755107663485027
5058028,2026-04-14,2.5,2.7000108000432,2.5,2.7000108000432
5058029,2026-04-15,5.268279833463821,0.5,5.268279833463821,0.5
5058030,2026-04-15,9.450023625059062,5.744705296618283,9.450023625059062,5.744705296618283
5058031,2026-04-15,4.595734902691697,2.634159191020444,4.595734902691697,2.634159191020444
5058032,2026-04-15,6.230745266364361,2.8125,6.230745266364361,2.8125
5058033,2026-04-15,5.142857142857143,1.5283076539911469,5.142857142857143,1.5283076539911469
5058034,2026-04-15,3.3061291961820327,4.295444783080039,3.3061291961820327,4.295444783080039
5058035,2026-04-15,0.0,7.071428571428571,0.0,7.071428571428571
5058036,2026-04-15,6.75,3.2399935200129604,6.75,3.2399935200129604
5058037,2026-04-15,1.0188660021396188,9.0,1.0188660021396188,9.0
5058038,2026-04-15,5.0,0.0,5.0,0.0
5058039,2026-04-15,0.9642891581755648,2.4545566116209616,0.9642891581755648,2.4545566116209616
5058040,2026-04-15,0.0,4.153878106754667,0.0,4.153878106754667
5058041,2026-04-15,1.0188660021396188,2.0377320042792375,1.0188660021396188,2.0377320042792375
5058042,2026-04-15,0.0,4.5,0.0,4.5
5058043,2026-04-15,0.0,1.5,0.0,1.5
5058044,2026-04-16,2.1176470588235294,1.7608733932030285,2.1176470588235294,1.7608733932030285
5058045,2026-04-16,3.3061291961820327,3.2399935200129604,3.3061291961820327,3.2399935200129604
5058046,2026-04-16,1.741941103035816,2.5,1.741941103035816,2.5
5058047,2026-04-16,1.9285714285714286,0.0,1.9285714285714286,0.0
5058048,2026-04-16,21.0,9.0,21.0,9.0
5058049,2026-04-16,0.0,3.9375,0.0,3.9375
5058050,2026-04-16,7.425018562546406,4.909079752091472,7.425018562546406,4.909079752091472
5058051,2026-04-16,0.5094330010698094,3.9375,0.5094330010698094,3.9375
5058052,2026-04-16,0.0,0.0,0.0,0.0
5058053,2026-04-16,4.9736711219181,6.923076923076923,4.9736711219181,6.923076923076923
5058054,2026-04-17,1.6199967600064802,7.071428571428571,1.6199967600064802,7.071428571428571
5058055,2026-04-17,6.381794975291,9.0,6.381794975291,9.0
5058056,2026-04-17,7.36361962813721,4.5,7.36361962813721,4.5
5058057,2026-04-17,3.8571704083600595,2.15999568000864,3.8571704083600595,2.15999568000864
5058058,2026-04-17,3.6,5.25,3.6,5.25
5058059,2026-04-17,2.4923153609703412,0.42857142857142855,2.4923153609703412,0.42857142857142855
5058060,2026-04-17,5.02326749597092,3.9375,5.02326749597092,3.9375
5058061,2026-04-17,4.32001728006912,0.0,4.32001728006912,0.0
5058062,2026-04-17,3.796880932626457,5.28258572788814,3.796880932626457,5.28258572788814
5058063,2026-04-17,0.0,5.142857142857143,0.0,5.142857142857143
5058064,2026-04-17,2.15999568000864,4.0,2.15999568000864,4.0
5058065,2026-04-17,0.3333333333333333,0.0,0.3333333333333333,0.0
5058066,2026-04-17,1.7234005885093864,2.5,1.7234005885093864,2.5
5058067,2026-04-17,4.183110374958802,2.8723343141823103,4.183110374958802,2.8723343141823103
5058068,2026-04-17,2.8723343141823103,0.0,2.8723343141823103,0.0
5058069,2026-04-18,2.4545365289580765,3.9375,2.4545365289580765,3.9375
5058070,2026-04-18,1.2461576804851706,5.85,1.2461576804851706,5.85
5058071,2026-04-18,4.85999028001944,3.857142857142857,4.85999028001944,3.857142857142857
5058072,2026-04-18,4.595734902691696,5.0625,4.595734902691696,5.0625
5058073,2026-04-18,4.0,1.125,4.0,1.125
5058074,2026-04-18,5.586216527959531,3.6,5.586216527959531,3.6
5058075,2026-04-18,6.136349690114341,2.219172002268487,6.136349690114341,2.219172002268487
5058076,2026-04-18,2.670332604761104,3.2399935200129604,2.670332604761104,3.2399935200129604
5058077,2026-04-18,2.382349437721415,3.6,2.382349437721415,3.6
5058078,2026-04-18,5.869577977343429,5.4,5.869577977343429,5.4
5058079,2026-04-18,2.01492838049012,3.272727272727273,2.01492838049012,3.272727272727273
5058080,2026-04-18,3.253008128905869,5.399991692320474,3.253008128905869,5.399991692320474
5058081,2026-04-18,7.297317019775728,6.6,7.297317019775728,6.6
5058082,2026-04-18,3.6,9.58067606669699,3.6,9.58067606669699
5058083,2026-04-18,7.5000416668981496,5.538461538461538,7.5000416668981496,5.538461538461538
5058084,2026-04-19,7.578947368421052,3.75,7.578947368421052,3.75
5058085,2026-04-19,4.285714285714286,3.7799924400151204,4.285714285714286,3.7799924400151204
5058086,2026-04-19,4.5,2.417914056588144,4.5,2.417914056588144
5058087,2026-04-19,2.8636363636363638,3.951209875097866,2.8636363636363638,3.951209875097866
5058088,2026-04-19,2.6128990114532074,3.0422492362686815,2.6128990114532074,3.0422492362686815
5058089,2026-04-19,5.4,3.3230871479604547,5.4,3.3230871479604547
5058090,2026-04-19,5.49151611607438,5.603763011767903,5.49151611607438,5.603763011767903
5058091,2026-04-19,6.545454545454546,4.285714285714286,6.545454545454546,4.285714285714286
5058092,2026-04-19,8.1,0.0,8.1,0.0
5058093,2026-04-19,8.61700294254693,6.230769230769231,8.61700294254693,6.230769230769231
5058094,2026-04-19,1.4594634039551457,6.230817160132,1.4594634039551457,6.230817160132
5058095,2026-04-19,0.0,2.779407677341651,0.0,2.779407677341651
5058096,2026-04-19,2.16,3.0,2.16,3.0
5058097,2026-04-19,3.5409719968131257,2.820899732686168,3.5409719968131257,2.820899732686168
5058098,2026-04-19,4.821445790877824,3.323071810658753,4.821445790877824,3.323071810658753
5058099,2026-04-20,4.426236764322565,4.05,4.426236764322565,4.05
5058100,2026-04-20,5.0339153692046406,1.5,5.0339153692046406,1.5
5058101,2026-04-20,0.0,3.5217391304347827,0.0,3.5217391304347827
5058102,2026-04-20,4.118637087055785,2.492303857994065,4.118637087055785,2.492303857994065
5058103,2026-04-20,6.157894736842105,0.7714263673532362,6.157894736842105,0.7714263673532362
5058104,2026-04-20,1.4794540814439472,5.49151611607438,1.4794540814439472,5.49151611607438
5058105,2026-04-20,1.8,4.02985676098024,1.8,4.02985676098024
5058106,2026-04-20,5.625,0.6923076923076923,5.625,0.6923076923076923
5058107,2026-04-20,3.5735241565821227,1.741941103035816,3.5735241565821227,1.741941103035816
5058108,2026-04-20,2.2816869272015112,1.9285783163511296,2.2816869272015112,1.9285783163511296
5058109,2026-04-21,1.051946685783525,4.909046281397441,1.051946685783525,4.909046281397441
5058110,2026-04-21,3.796880932626457,2.417914056588144,3.796880932626457,2.417914056588144
5058111,2026-04-21,3.3061291961820327,3.068195764526202,3.3061291961820327,3.068195764526202
5058112,2026-04-21,7.36361962813721,6.982770659949413,7.36361962813721,6.982770659949413
5058113,2026-04-21,3.048396930312678,2.177415842877673,3.048396930312678,2.177415842877673
5058114,2026-04-21,2.288143349638473,7.0,2.288143349638473,7.0
5058115,2026-04-21,2.281696568159347,6.096764360057485,2.281696568159347,6.096764360057485
5058116,2026-04-21,3.9705823962023588,4.5,3.9705823962023588,4.5
5058117,2026-04-21,2.4545454545454546,7.9411647924047175,2.4545454545454546,7.9411647924047175
5058118,2026-04-21,4.295444783080039,2.51163374798546,4.295444783080039,2.51163374798546
5058119,2026-04-21,4.5,2.492303857994065,4.5,2.492303857994065
5058120,2026-04-21,3.4714186530895628,4.655156361529788,3.4714186530895628,4.655156361529788
5058121,2026-04-21,5.400009818199669,6.381829785145063,5.400009818199669,6.381829785145063
5058122,2026-04-21,3.3750210938818364,5.651175932967285,3.3750210938818364,5.651175932967285
5058123,2026-04-21,2.382349437721415,2.10389337156705,2.382349437721415,2.10389337156705
5058124,2026-04-22,4.50002045463843,5.2105263157894735,4.50002045463843,5.2105263157894735
5058125,2026-04-22,2.4545454545454546,4.354831685755346,2.4545454545454546,4.354831685755346
5058126,2026-04-22,4.808206004915055,7.2,4.808206004915055,7.2
5058127,2026-04-22,1.0,6.1875,1.0,6.1875
5058128,2026-04-22,0.27550992294905824,7.815830609634787,0.27550992294905824,7.815830609634787
5058129,2026-04-22,4.034496670678175,3.5409719968131257,4.034496670678175,3.5409719968131257
5058130,2026-04-22,2.779407677341651,0.0,2.779407677341651,0.0
5058131,2026-04-22,7.714285714285714,0.0,7.714285714285714,0.0
5058132,2026-04-22,3.223885408784192,2.97000297000297,3.223885408784192,2.97000297000297
5058133,2026-04-22,1.9565217391304348,0.0,1.9565217391304348,0.0
5058134,2026-04-22,6.749951786058672,0.0,6.749951786058672,0.0
5058135,2026-04-22,4.868836495618048,2.382349437721415,4.868836495618048,2.382349437721415
5058136,2026-04-22,3.9193485171798113,4.584897009628284,3.9193485171798113,4.584897009628284
5058137,2026-04-22,1.9565217391304348,1.7419242456500281,1.9565217391304348,1.7419242456500281
5058138,2026-04-22,7.232129942625103,0.5,7.232129942625103,0.5
5058139,2026-04-23,4.118637087055785,0.0,4.118637087055785,0.0
5058140,2026-04-23,2.076918512267006,7.448250178447662,2.076918512267006,7.448250178447662
5058141,2026-04-23,2.382349437721415,1.588237162631956,2.382349437721415,1.588237162631956
5058142,2026-04-23,6.0,14.727138844192325,6.0,14.727138844192325
5058143,2026-04-23,2.779407677341651,2.16,2.779407677341651,2.16
5058144,2026-04-23,5.4,3.24,5.4,3.24
5058145,2026-04-23,0.0,1.9518119320769445,0.0,1.9518119320769445
5058146,2026-04-23,0.0,3.292686942301149,0.0,3.292686942301149
5058147,2026-04-23,2.2881317150309917,3.1500157500787505,2.2881317150309917,3.1500157500787505
5058148,2026-04-24,5.837829948878448,3.3,5.837829948878448,3.3
5058149,2026-04-24,0.0,6.749987946450096,0.0,6.749987946450096
5058150,2026-04-24,7.163279925061071,2.1235931195582927,7.163279925061071,2.1235931195582927
5058151,2026-04-24,4.049994937506328,7.8386970343596225,4.049994937506328,7.8386970343596225
5058152,2026-04-24,2.74575805803719,1.626509943397454,2.74575805803719,1.626509943397454
5058153,2026-04-24,3.417712866549705,5.40001350003375,3.417712866549705,5.40001350003375
5058154,2026-04-24,5.4,5.625023437597656,5.4,5.625023437597656
5058155,2026-04-24,2.6619680817350964,3.272727272727273,2.6619680817350964,3.272727272727273
5058156,2026-04-24,0.0,3.374957813027337,0.0,3.374957813027337
5058157,2026-04-24,5.06249367188291,6.20271946680937,5.06249367188291,6.20271946680937
5058158,2026-04-24,6.19673147005159,2.4868355609590505,6.19673147005159,2.4868355609590505
5058159,2026-04-24,4.5,2.96999406001188,4.5,2.96999406001188
5058160,2026-04-24,5.85,3.9705823962023588,5.85,3.9705823962023588
5058161,2026-04-24,5.399991692320474,3.0566066571760917,5.399991692320474,3.0566066571760917
5058162,2026-04-25,3.6666666666666665,2.25,3.6666666666666665,2.25
5058163,2026-04-25,2.858826892737521,3.19736000694735,2.858826892737521,3.19736000694735
5058164,2026-04-25,4.081390603034182,7.875,4.081390603034182,7.875
5058165,2026-04-25,2.858826892737521,4.153846153846154,2.858826892737521,4.153846153846154
5058167,2026-04-25,5.0,4.153846153846154,5.0,4.153846153846154
5058168,2026-04-25,3.8571566327022593,6.0,3.8571566327022593,6.0
5058169,2026-04-25,3.50648895261175,3.857135969400055,3.50648895261175,3.857135969400055
5058170,2026-04-25,4.153846153846154,3.3370861507553946,4.153846153846154,3.3370861507553946
5058171,2026-04-25,6.0,3.0,6.0,3.0
5058172,2026-04-25,6.749991562510547,3.176474325263912,6.749991562510547,3.176474325263912
5058173,2026-04-25,3.037507593768984,2.793103448275862,3.037507593768984,2.793103448275862
5058174,2026-04-25,5.323936163470193,3.471433530619329,5.323936163470193,3.471433530619329
5058175,2026-04-25,1.4999950000166666,0.0,1.4999950000166666,0.0
5058176,2026-04-25,6.113196012837712,1.5428527347064724,6.113196012837712,1.5428527347064724
5058177,2026-04-26,4.68,2.88001152004608,4.68,2.88001152004608
5058178,2026-04-26,2.793103448275862,5.0625126562816405,2.793103448275862,5.0625126562816405
5058179,2026-04-26,3.681809814068605,6.202719466809369,3.681809814068605,6.202719466809369
5058180,2026-04-26,2.670332604761104,6.230769230769231,2.670332604761104,6.230769230769231
5058181,2026-04-26,3.103448275862069,3.6818181818181817,3.103448275862069,3.6818181818181817
5058182,2026-04-26,0.0,5.961031219439975,0.0,5.961031219439975
5058183,2026-04-26,2.4545454545454546,4.1087045841404,2.4545454545454546,4.1087045841404
5058184,2026-04-26,3.0566153079822937,4.339301211790041,3.0566153079822937,4.339301211790041
5058185,2026-04-26,0.0,3.3750084375210934,0.0,3.3750084375210934
5058186,2026-04-26,3.2926748959148884,2.825578109792896,3.2926748959148884,2.825578109792896
5058187,2026-04-26,3.4838653486042768,3.068195764526202,3.4838653486042768,3.068195764526202
5058188,2026-04-26,2.2771056902341082,3.96,2.2771056902341082,3.96
5058189,2026-04-26,6.9677306972085535,2.2771056902341082,6.9677306972085535,2.2771056902341082
5058190,2026-04-26,0.9,2.1724137931034484,0.9,2.1724137931034484
5058191,2026-04-26,1.1489373924865878,4.081390603034182,1.1489373924865878,4.081390603034182
5058192,2026-04-27,1.760867651230814,4.808225764692828,1.760867651230814,4.808225764692828
5058193,2026-04-27,0.0,5.837853615820584,0.0,5.837853615820584
5058194,2026-04-27,2.1039015685755027,4.0,2.1039015685755027,4.0
5058195,2026-04-27,6.428525510532068,3.103437574353192,6.428525510532068,3.103437574353192
5058196,2026-04-27,4.5,5.014292877561253,4.5,5.014292877561253
5058197,2026-04-27,4.973671121918101,2.8285714285714287,4.973671121918101,2.395163221905824
5058198,2026-04-27,1.8837187398619304,5.785672959478861,1.8837187398619304,5.785672959478861
5058199,2026-04-27,2.479589306541524,7.91376581460064,2.479589306541524,7.91376581460064
5058200,2026-04-28,4.263146675929801,2.1,4.450539669143585,2.1
5058201,2026-04-28,4.764711487895868,0.0,4.764711487895868,0.0
5058202,2026-04-28,2.5714285714285716,2.2978821186473133,2.5714285714285716,2.2978821186473133
5058203,2026-04-28,6.914617281421266,5.259733428917625,6.914617281421266,5.259733428917625
5058204,2026-04-28,2.426963565209477,5.625,2.426963565209477,5.625
5058205,2026-04-28,0.0,1.5,0.0,1.5
5058206,2026-04-28,2.1,8.1,2.1,8.1
5058207,2026-04-28,2.8125,2.511624986482574,2.8125,2.511624986482574
5058208,2026-04-28,2.0106404368515283,0.28421022714712935,2.0106404368515283,0.23893784164792775
5058209,2026-04-28,1.125,9.310409037303705,1.125,9.310409037303705
5058210,2026-04-28,4.666666666666667,4.22892585283338,3.896911233929107,4.363649586816929
5058211,2026-04-28,2.1315733379649004,2.0769253592586363,2.1315733379649004,1.76635844179148
5058212,2026-04-28,5.754079494821328,2.730334010860662,5.754079494821328,2.730334010860662
5058213,2026-04-28,3.857137847872925,4.081390603034182,3.857137847872925,4.081390603034182
5058214,2026-04-28,0.375,3.6666802469638777,0.375,3.6666802469638777
5058215,2026-04-29,2.934779418718023,2.454542266828225,3.28037076600863,2.454542266828225
5058216,2026-04-29,4.295444783080039,6.567585317798157,4.295444783080039,6.2069179548895
5058217,2026-04-29,3.0337146825049044,3.2399935200129604,2.911773269921382,2.974571229540289
5058218,2026-04-29,5.142857142857143,0.0,5.785708381930223,0.0
5058219,2026-04-29,7.132102385292019,9.0,7.132102385292019,9.0
5058220,2026-04-29,2.4545454545454546,3.9320426524685943,2.4545454545454546,3.2661316662352147
5058221,2026-04-29,12.46149053272872,4.5542113804682165,12.46149053272872,4.5542113804682165
5058223,2026-04-29,5.4,3.417712866549705,5.4,3.417712866549705
5058225,2026-04-29,4.875020312584636,4.618427129509381,4.875020312584636,4.618427129509381
5058226,2026-04-29,6.4068013789877245,3.857142857142857,6.4068013789877245,4.013508089853933
5058227,2026-04-29,2.5714285714285716,3.2637290907052954,2.5714285714285716,2.7247656426318487
5058228,2026-04-29,6.6,2.892857142857143,6.6,2.892857142857143
5058229,2026-04-29,5.468361352356142,2.5051572218115687,5.170218266189645,2.5051572218115687
5058230,2026-04-30,2.322573152989829,3.8117691903166944,1.945940686646793,3.407770298806115
5058231,2026-04-30,6.750010546891479,3.272727272727273,6.750010546891479,3.272727272727273
5058232,2026-04-30,0.9529422975791736,0.0,2.4827586206896552,0.0
5058233,2026-04-30,8.338223032024953,6.17141093882589,6.593015589516757,6.180715444921151
5058234,2026-04-30,3.5783218754743986,4.21875,2.9405998823760044,5.108108108108108
5058235,2026-04-30,3.2926748959148884,12.405438933618738,3.896899181651172,12.405438933618738
5058236,2026-04-30,3.1395312331032175,2.602406503124695,3.1395312331032175,2.602406503124695
5058237,2026-04-30,3.857147095766039,5.1265887678338835,3.7850538038388852,5.1265887678338835
5058238,2026-04-30,3.5357142857142856,3.103448275862069,3.9375,2.8285714285714287
5058239,2026-05-01,4.8,2.189186230829418,4.8,3.1395312331032175
5058240,2026-05-01,3.857142857142857,4.68,3.176470588235294,4.9655172413793105
5058241,2026-05-01,5.571428571428571,4.558435638395275,5.328954380203132,4.354838709677419
5058242,2026-05-01,5.108101205268642,3.5783218754743986,4.853927130418954,3.3061291961820327
5058243,2026-05-01,2.6666567901600366,1.34999325003375,2.5851008827640793,1.34999325003375
5058244,2026-05-01,0.0,5.884615384615385,0.0,6.252624997236845
5058245,2026-05-01,4.808225764692828,3.6,4.595749569946351,3.6
5058246,2026-05-01,3.9130434782608696,2.5714285714285716,3.9130434782608696,2.7000027000027
5058247,2026-05-01,6.84,3.724125089223831,6.3,3.724125089223831
5058248,2026-05-01,5.328954380203132,4.784816183311624,4.747257964019741,4.784816183311624
5058249,2026-05-01,4.909099834726972,3.2926748959148884,4.909099834726972,3.61854924010466
5058250,2026-05-01,5.5861876338357455,6.750168754218856,5.5861876338357455,6.750168754218856
5058251,2026-05-01,4.378372461658836,3.521746786406057,4.378372461658836,3.521746786406057
5058252,2026-05-01,2.5000138889660497,3.374995781255273,2.5000138889660497,3.560431735314867
5058253,2026-05-01,4.0344827586206895,4.304347826086956,3.857142857142857,5.0
5058254,2026-05-02,3.375003835231631,4.973690754856256,3.2079271444101867,4.8
5058255,2026-05-02,4.0,3.1153846153846154,4.0,2.872343481216469
5058256,2026-05-02,2.4545482438048225,7.714285714285714,3.145634121974876,7.71427569574585
5058257,2026-05-02,5.238813789274312,3.103448275862069,5.238813789274312,3.176470588235294
5058258,2026-05-02,2.51163374798546,2.281696568159347,2.6732726203418222,2.281696568159347
5058259,2026-05-02,5.7042414203983665,5.1923076923076925,5.7042414203983665,6.23077607777591
5058260,2026-05-02,3.07595326070033,2.0,2.8421112465499925,2.0
5058261,2026-05-02,2.88,6.157894736842105,3.3,6.157894736842105
5058262,2026-05-02,0.0,3.0681748450571704,0.0,2.5471650053490467
5058263,2026-05-02,4.0,3.3749957812552736,4.0,3.3749957812552736
5058264,2026-05-02,3.6219423855063773,6.352931833923774,2.96999406001188,6.352931833923774
5058265,2026-05-02,13.499325033748313,2.793103448275862,13.499325033748313,2.3142857142857145
5058266,2026-05-02,2.825578109792896,4.868860440754821,2.4059382119423645,4.868860440754821
5058267,2026-05-02,4.0344827586206895,2.3736289820098704,4.277223487897537,2.5471722143134095
5058268,2026-05-02,3.453484356413539,3.159577829338116,2.8557664848399185,2.628323235970329
5058269,2026-05-03,3.413793103448276,0.0,3.7565250056739177,0.0
5058270,2026-05-03,2.911764705882353,0.0,2.0915507686977244,0.0
5058271,2026-05-03,3.857142857142857,3.103448275862069,3.7058823529411766,2.6470588235294117
5058272,2026-05-03,2.3478235349744185,6.750042187763673,3.085714285714286,6.750042187763673
5058273,2026-05-03,2.076891124751927,9.0,2.076891124751927,9.0
5058274,2026-05-03,7.328550489855744,4.764694671306656,7.328550489855744,5.504843679915185
5058275,2026-05-03,3.7594984297448475,6.074992406259493,4.308515221824704,5.869558837436046
5058276,2026-05-03,4.050010125025313,0.6923076923076923,5.282620179609086,0.6923076923076923
5058277,2026-05-03,6.99996111132716,9.204587293578607,6.99996111132716,9.204587293578607
5058278,2026-05-03,3.483882206071632,0.0,3.483882206071632,0.0
5058279,2026-05-03,3.155840057350575,2.076918512267006,3.2282573605898257,1.7339417725839037
5058280,2026-05-03,2.0322515088661004,1.4835181137561688,3.085705469412945,1.75
5058281,2026-05-03,0.0,6.99996111132716,0.0,6.99996111132716
5058282,2026-05-03,8.05971352196048,4.228910567577629,6.352948650527824,3.7425705519103447
5058283,2026-05-03,0.0,5.684195567906401,0.0,5.170201765528159
5058284,2026-05-04,0.0,3.3749894531579594,0.0,3.3749894531579594
5058285,2026-05-04,2.825587966483643,6.15190652140066,3.000009090936639,6.031921310554585
5058286,2026-05-04,1.4516129032258065,6.136391529052405,1.7027027027027026,6.136391529052405
5058287,2026-05-04,2.1,3.767437479723861,1.5120024192038706,4.235294117647059
5058288,2026-05-04,3.681809814068605,0.0,3.056598006418856,0.0
5058289,2026-05-04,3.73404652558141,4.101255439859647,3.13393136958158,4.075464008558475
5058290,2026-05-04,5.178089285053815,1.7142857142857142,5.522733548560851,1.7142857142857142
5058291,2026-05-04,0.0,2.842102271471293,0.0,2.867254099775133
5058292,2026-05-04,3.0,0.0,2.842102271471293,0.0
5058293,2026-05-04,1.1739117674872093,1.40625,0.8437493408208275,1.945945945945946
5058294,2026-05-04,2.9634182480710343,2.9189268079102915,4.026326385069434,2.9189268079102915
5058295,2026-05-04,0.0,3.5783089417964558,0.0,2.9405911479295566
5058296,2026-05-05,3.7241379310344827,3.9,2.9008288436602014,4.4608734442377775
5058297,2026-05-05,4.882983918067998,4.943655008936608,3.232396642532847,5.464285714285714
5058298,2026-05-05,4.447064055369477,0.0,3.347110204223309,0.0
5058299,2026-05-05,2.8051911620894,4.395343726344504,2.641301476846221,3.319669410107041
5058300,2026-05-05,4.285714285714286,3.5217467864060574,3.8152132443334303,2.853665496745114
5058301,2026-05-05,4.5,1.3499983125021093,4.5,2.0106340199276174
5058302,2026-05-05,5.1,7.434782608695652,4.413457294752601,5.971148104665284
5058303,2026-05-05,0.0,2.8723343141823103,0.0,2.699995846160237
5058305,2026-05-05,3.521746786406057,0.6,3.521746786406057,0.6
5058307,2026-05-05,0.0,3.7384557869910973,0.0,3.7384557869910973
5058308,2026-05-05,2.7272644628349614,2.69999100003,2.9999933333481485,1.8837165494963968
5058309,2026-05-05,3.5783089417964558,5.837853615820584,3.0306091524396406,4.965534363911599
5058310,2026-05-05,3.5454545454545454,5.142832653177842,4.5,5.3999784000863995
5058311,2026-05-06,2.9589081628878944,3.64864371804903,3.103448275862069,3.64864371804903
5058312,2026-05-06,4.784816183311624,6.982770659949413,4.0212808737030565,6.982770659949413
5058313,2026-05-06,7.767133927580723,2.479589306541524,6.319155658676232,2.5603426203942927
5058314,2026-05-06,3.857137847872925,3.2142742347348765,6.2727272727272725,3.5217330056817295
5058315,2026-05-06,8.27996688013248,0.0,7.120863470629735,0.0
5058316,2026-05-06,4.295444783080038,2.5312539550843045,4.295444783080038,2.5312539550843045
5058317,2026-05-06,6.107142857142857,2.142857142857143,4.609756097560975,2.142857142857143
5058318,2026-05-06,2.4545454545454546,4.609761719221608,2.4545454545454546,3.956903373971334
5058319,2026-05-06,3.9078998788156296,6.136349690114341,4.458719686898795,6.136349690114341
5058320,2026-05-06,5.225798022906415,4.304347826086956,5.896551724137931,4.304347826086956
5058321,2026-05-06,11.020430653940108,2.7,11.020430653940108,3.5526315789473686
5058322,2026-05-06,2.2771056902341082,2.903225806451613,2.3893784164792775,4.764701878401783
5058323,2026-05-06,4.426236764322565,5.785722551032215,4.426236764322565,5.567016048470153
5058324,2026-05-06,6.04478514147036,4.61840889892395,5.288665246046645,4.194166613268712
5058325,2026-05-06,5.6103823241788,1.9058845951583472,4.695647069948837,3.176470588235294
5058326,2026-05-07,0.0,5.014271387796035,0.0,4.673072429738048
5058327,2026-05-07,3.857137847872925,8.608695652173912,4.932687564723496,6.490378374636179
5058328,2026-05-07,3.061858826658584,7.105272506937509,2.679393403654051,6.560759926654068
5058329,2026-05-07,2.0106404368515283,6.657543366497762,2.6129053329881717,5.094344428626819
5058330,2026-05-07,4.835806460279223,3.413793103448276,4.453599064744196,2.8536585365853657
5058331,2026-05-07,6.0,4.029874805222717,6.0,4.029874805222717
5058332,2026-05-07,1.9756121653806893,5.062484179736939,2.675675675675676,5.062484179736939
5058333,2026-05-07,1.8,0.0,1.8,0.0
5058334,2026-05-07,2.793103448275862,5.76,2.949577353296342,4.5
5058335,2026-05-08,5.142857142857143,0.0,5.09015976216413,0.0
5058336,2026-05-08,0.0,6.0,0.0,5.973446041198194
5058337,2026-05-08,5.328954380203132,6.480025920103681,5.5588235294117645,6.517263852633975
5058338,2026-05-08,3.1395312331032175,5.02326749597092,3.0521765671100582,4.275
5058339,2026-05-08,2.967026446095723,3.857142857142857,2.39515742716544,3.857142857142857
5058340,2026-05-08,4.101271014267106,7.941129758060248,3.7850538038388852,7.941129758060248
5058341,2026-05-08,0.0,2.123600277753433,0.0,2.2689113763216406
5058342,2026-05-08,3.0337044565118467,3.374992329562888,3.319669410107041,3.4752440839167487
5058343,2026-05-08,3.0000111111522636,3.03061842983353,2.8421127424019534,2.392408091655812
5058344,2026-05-08,3.7594984297448475,3.413793103448276,3.7594984297448475,2.591997926401659
5058345,2026-05-08,4.943655008936608,0.0,4.709296849654826,0.0
5058346,2026-05-08,6.954545454545454,3.103448275862069,6.606368922619314,2.9745787920159255
5058347,2026-05-08,1.8,2.511624986482574,1.8,2.5169448865340907
5058348,2026-05-08,4.5542113804682165,2.7,5.225806451612903,2.142857142857143
5058349,2026-05-08,2.793103448275862,6.084498472537363,2.949584789218133,5.785714285714286
5058350,2026-05-09,0.9642891581755648,2.557892044324164,0.9642891581755648,3.0483821800287423
5058351,2026-05-09,5.33720309627547,3.0374962031297463,4.764701878401783,2.9454518677710295
5058352,2026-05-09,2.7,1.9565217391304348,2.1951219512195124,1.9565217391304348
5058354,2026-05-09,2.700006750016875,0.0,2.8174011040038396,0.0
5058355,2026-05-09,5.884615384615385,5.0400201600806405,5.062504520093321,5.0400201600806405
5058356,2026-05-09,5.259733428917625,3.3287716832488816,4.576263430061983,3.7241443519730204
5058357,2026-05-09,6.666641975400091,4.55055668476777,5.447354085910301,3.2661237643165095
5058358,2026-05-09,4.0212808737030565,0.0,3.045115071515091,0.0
5058359,2026-05-09,2.1891951059327184,1.4673897093590116,2.123600277753433,1.521127831780163
5058360,2026-05-09,6.260842344163721,7.662182870764515,6.260842344163721,6.291268243949752
5058361,2026-05-09,9.94742077589882,1.8,9.94742077589882,1.687498681641655
5058362,2026-05-09,4.280477364689355,2.4545482438048225,3.203384401043388,5.15455482646332
5058363,2026-05-09,2.793103448275862,3.3370749021630313,3.176467918934522,3.0239975808019355
5058364,2026-05-09,0.0,8.100081000810007,0.0,8.100081000810007
5058365,2026-05-10,7.243911273062529,5.311484117187077,4.180650555678136,4.153842159767154
5058366,2026-05-10,0.0,3.6,0.0,4.153849349114884
5058367,2026-05-10,2.8125,4.101271014267106,2.4206913246147064,3.4054054054054053
5058368,2026-05-10,2.0377320042792375,1.5,2.0377320042792375,1.7142857142857142
5058369,2026-05-10,0.0,2.6999966250042187,0.0,1.735713045919253
5058370,2026-05-10,6.557124122502508,6.0,5.1322229219455835,6.0
5058371,2026-05-10,3.9789431800598107,0.0,3.2837793462441267,0.0
5058372,2026-05-10,4.5,0.0,4.5,0.0
5058373,2026-05-10,1.3636363636363635,3.621955636531264,1.6363636363636365,4.295464307873426
5058374,2026-05-10,2.892857142857143,4.853927130418954,3.1061919414230608,4.239662413781135
5058375,2026-05-10,4.333333333333333,5.328954380203132,5.0,4.764719896234989
5058376,2026-05-10,0.5625,2.5851008827640793,0.5625,2.0204040399917553
5058377,2026-05-10,3.5783089417964558,0.0,2.4957962220199814,0.0
5058378,2026-05-10,4.563373854403022,4.743256062854224,5.637350247581873,4.932701793657295
5058379,2026-05-10,6.075015187537968,0.0,5.400011368444986,0.0
5058380,2026-05-11,4.7432368334637385,4.5,3.889823915552686,4.5
5058381,2026-05-11,5.661281191481949,2.6413100898045427,5.661281191481949,3.025867285978079
5058382,2026-05-11,3.988627298574322,3.3749957812552736,3.2785690867363666,2.9454518677710295
5058383,2026-05-11,0.0,5.333333333333333,0.0,4.135135135135135
5058384,2026-05-11,2.417914056588144,2.5312420898684693,2.417914056588144,2.94230203403455
5058385,2026-05-11,6.567558692488253,1.2857142857142858,5.965109342896113,1.2857142857142858
5058386,2026-05-12,6.394745256243759,3.4838653486042768,6.146356454527937,3.4838653486042768
5058387,2026-05-12,6.171410938825889,3.6666666666666665,4.747242313753157,3.455997235202212
5058388,2026-05-12,1.5,6.12,2.5714285714285716,7.105263157894737
5058389,2026-05-12,4.725011812529531,9.13848965689125,5.634787508510877,9.13848965689125
5058390,2026-05-12,18.0,3.115390606520397,18.0,3.115390606520397
5058391,2026-05-12,2.769230769230769,2.076923076923077,3.6,2.5961513498544715
5058392,2026-05-12,2.223524179943106,5.85,3.115379822492581,5.5588235294117645
5058393,2026-05-12,5.126569299824558,3.8571528757217552,4.339277965575062,3.8571528757217552
5058394,2026-05-12,4.443026726514617,4.5,4.443026726514617,4.5
5058395,2026-05-12,3.6818223657072338,4.973690754856256,4.186046511627907,5.008068554893995
5058396,2026-05-12,5.785722551032215,0.0,5.785722551032215,0.0
5058397,2026-05-12,6.845060781604533,5.785697755149272,5.175,4.695644007575639
5058398,2026-05-12,7.2692028107584195,5.586206896551724,7.2692028107584195,4.0212765957446805
5058399,2026-05-12,5.610404182868008,5.5975678019119535,3.8863724690283385,4.580361232465386
5058400,2026-05-12,3.1263124986184225,7.1999712001152005,3.0916006934345854,6.192649187799656
5058401,2026-05-13,3.374992329562888,4.178571428571429,2.2978674513458484,4.3282409708084195
5058402,2026-05-13,5.268299107681838,3.8152256852732287,5.2682926829268295,2.9147760395182267
5058403,2026-05-13,4.0344827586206895,3.857137847872925,2.872340425531915,3.9
5058404,2026-05-13,6.750042187763673,4.2077867431341,6.750042187763673,5.218483009678144
5058405,2026-05-13,3.0,9.268629048868512,3.5357142857142856,7.807219509374085
5058406,2026-05-13,2.641301476846221,2.0,2.5808842506501843,2.0
5058407,2026-05-13,3.272727272727273,4.443043598789365,3.272727272727273,4.569234284026372
5058408,2026-05-13,3.634622374273796,2.2978747849731755,3.634622374273796,2.471832726642765
5058409,2026-05-13,4.68,4.2,4.68,3.209794699013565
5058410,2026-05-13,8.485726408180582,2.304880859610804,6.923076923076923,2.7857142857142856
5058411,2026-05-13,1.951811932076945,2.4827586206896552,2.4545510330705294,2.759122073633523
5058412,2026-05-13,5.238790331969158,6.6521739130434785,5.010298947837222,5.684195567906401
5058413,2026-05-13,9.391304347826088,0.0,7.411764705882353,0.0
5058414,2026-05-13,3.75951270639345,4.5,3.2637506098927904,4.071428571428571
5058415,2026-05-13,1.1612903225806452,3.176474325263912,0.972972972972973,2.7591281155154967
5058416,2026-05-14,0.0,1.4210488919766002,0.0,1.4210488919766002
5058417,2026-05-14,1.4673897093590116,2.2978747849731755,2.106382978723404,2.1214316020451456
5058418,2026-05-14,2.825578109792896,3.681809814068605,2.779413808392506,3.176467918934522
5058419,2026-05-14,0.0,0.0,0.0,0.0
5058420,2026-05-14,2.314289020412886,6.7500241072289535,2.40594535830764,6.7500241072289535
5058421,2026-05-14,4.709296849654826,6.394745256243758,5.0373096736494976,6.573918759929356
5058422,2026-05-14,5.8846380178385305,2.197671863172252,6.029149627765544,2.183820317911297
5058423,2026-05-14,1.1739117674872093,5.810133936878401,2.769230769230769,5.977094673973531
5058424,2026-05-14,1.3636363636363635,0.0,2.204081632653061,0.0
5058425,2026-05-14,5.399984571472653,4.129402048465769,5.142838775575801,3.496397846909573
5058426,2026-05-14,3.7124953593808008,3.0,4.794388042627998,3.0916006934345854
5058427,2026-05-15,3.1263124986184225,6.202694320683351,2.773970702759793,5.142857142857143
5058428,2026-05-15,0.0,0.6750016875042187,0.0,0.6750016875042187
5058429,2026-05-15,8.366185399738875,6.035279916988431,8.366185399738875,5.278187551597667
5058430,2026-05-15,2.6666666666666665,3.417712866549705,4.169111516012476,4.467619471051121
5058431,2026-05-15,0.0,2.6024159094359263,0.0,3.2481300695641186
5058432,2026-05-15,2.076918512267006,0.5684204542942587,1.862066397149797,1.3500008437505273
5058433,2026-05-15,2.8928674745266947,3.413793103448276,2.8928674745266947,3.1640674438553806
5058434,2026-05-15,4.725011812529531,5.15729757607014,4.989141280741914,3.884886496566192
5058435,2026-05-15,3.085718693883848,3.3750210938818364,3.425378246833204,3.3750210938818364
5058436,2026-05-15,1.8837187398619304,4.821411352102314,1.8837187398619304,4.851547338914567
5058437,2026-05-15,2.7613667742804253,4.153850718517273,4.8515700805782505,2.6298718375791155
5058438,2026-05-15,6.311704705726509,7.615413905438098,6.000020000066667,7.615413905438098
5058439,2026-05-15,4.395343726344504,0.0,3.9705823962023588,0.0
5058440,2026-05-15,3.9,4.387494515631856,3.2097879651832413,3.045108202844808
5058441,2026-05-15,3.1153846153846154,5.666666666666667,2.591997926401659,5.183995852803318
5058442,2026-05-16,3.24,9.0,2.903225806451613,9.0
5058443,2026-05-16,3.857152875721755,7.2000288001151995,4.310931615011118,5.551412245630365
5058444,2026-05-16,5.328954380203132,3.3,4.071428571428571,2.25
5058445,2026-05-16,3.64864371804903,3.857137847872925,4.016522286740022,5.90625
5058446,2026-05-16,5.04,2.1818181818181817,4.615396449734486,2.1144591050958463
5058447,2026-05-16,1.4516129032258065,5.5975678019119535,1.699299510979363,4.057808159315791
5058448,2026-05-16,4.013508089853932,7.363602892714124,3.3749950367720047,8.99996538474852
5058449,2026-05-16,1.125,3.413793103448276,1.62,3.9416029623336044
5058450,2026-05-16,3.3157894736842106,4.153846153846154,3.3157894736842106,4.153846153846154
5058451,2026-05-16,7.5,2.4827586206896552,7.5,2.619401030297739
5058452,2026-05-16,2.5851008827640793,2.779407677341651,1.8109711927531886,2.779407677341651
5058453,2026-05-16,9.0,6.230817160132,9.0,6.230817160132
5058454,2026-05-16,3.4177258452225887,5.323936163470193,3.78000756001512,5.201825317751711
5058455,2026-05-16,2.9634074063233995,2.0186897021591568,1.6564396853500793,1.9918016460642245
5058456,2026-05-16,3.0681853047560286,2.9189268079102915,4.068498723970855,2.9189268079102915
5058472,2026-05-18,2.5714285714285716,3.3230871479604547,3.2097879651832413,3.3230871479604547
5058473,2026-05-18,1.3846153846153846,8.437473632894896,2.2689056563818015,5.76697909324448
5058474,2026-05-18,7.714263673532362,8.678602423580083,6.887748073726455,8.678602423580083
5058475,2026-05-18,4.846153846153846,6.039481630896883,4.32,5.600012444472099
5058476,2026-05-18,5.704217318003778,3.4468011770187728,5.906245385745793,3.4468011770187728
5058477,2026-05-18,3.10345897744475,3.648658509887864,3.000006666681481,3.9320426524685943
5058478,2026-05-18,5.717653785475042,2.625,3.7594984297448475,3.176470588235294
5058479,2026-05-18,0.0,9.2368177978479,0.0,9.2368177978479
5058480,2026-05-18,2.5051572218115687,3.857152875721755,2.484664101020921,5.651175932967285
5058481,2026-05-18,3.4615384615384617,5.666666666666667,3.9705882352941178,4.5
5058482,2026-05-18,3.50648895261175,3.0000111111522636,3.50648895261175,2.724780641396849
5058483,2026-05-18,5.464285714285714,4.68,3.9056603773584904,4.909096487609645
5058484,2026-05-18,2.511624986482574,4.21875,2.6298667144588124,3.6
5058485,2026-05-18,7.434750283694418,3.5357142857142856,5.65114964848919,3.039737112408684
5058486,2026-05-19,33.75084377109428,2.3624970468786914,33.75084377109428,2.3624970468786914
5058487,2026-05-19,1.2857142857142858,3.9512243307613786,1.2857142857142858,4.595744680851064
5058488,2026-05-19,3.0,1.4673897093590116,5.255030030181188,1.8679245283018868
5058489,2026-05-19,3.8571290816818515,3.5357016582083634,3.6541298434137697,2.3478202538627237
5058490,2026-05-19,3.8571470957660394,3.453484356413539,3.5294186851346763,2.9235687411265867
5058491,2026-05-19,4.0344827586206895,2.842102271471293,3.4225303908022666,2.4076448456336594
5058492,2026-05-19,0.0,1.2,0.0,2.4360920572120732
5058493,2026-05-19,0.0,0.0,0.0,0.0
5058494,2026-05-19,0.0,1.2272741219024113,0.0,2.1176512110808057
5058495,2026-05-19,4.5,4.108691186205233,4.404255319148936,3.5886053236675166
5058496,2026-05-19,0.0,0.0,0.0,0.0
5058497,2026-05-19,5.06249367188291,4.84617248527879,4.378372461658836,5.7203583740961825
5058498,2026-05-19,3.3750210938818364,6.084498472537363,3.3750210938818364,4.764691868553327
5058499,2026-05-19,10.636363636363637,3.3749957812552736,10.636363636363637,4.535996371202903
5058500,2026-05-19,6.932423064293157,4.443043598789365,5.399988000026667,3.489795918367347
5058501,2026-05-20,7.714263673532362,2.6999966250042187,5.912404443500407,4.2077867431341
5058502,2026-05-20,3.7594984297448475,5.522714721102907,3.8571463010234828,5.084408981287037
5058503,2026-05-20,3.085718693883848,5.0823409827271,3.197372628121879,5.721846726030827
5058504,2026-05-20,8.876724488663683,3.988627298574322,7.2178360749229205,4.348981613472179
5058505,2026-05-20,6.3708008332603,4.5,5.914302612293178,5.592853147962037
5058506,2026-05-20,3.6,5.538482840318617,3.0186316654461707,5.40001542861551
5058507,2026-05-20,3.857142857142857,1.0909090909090908,4.14000828001656,1.9636363636363636
5058508,2026-05-20,0.0,3.5783089417964553,0.0,4.153838165695835
5058509,2026-05-20,7.985904245205289,0.0,6.906968712827078,0.0
5058510,2026-05-20,0.8350498246395369,1.3965541319898827,1.35,1.3965541319898827
5058511,2026-05-20,4.450554341268507,3.857142857142857,2.825583038129673,3.209794699013565
5058512,2026-05-20,5.399987294147543,1.5,4.058815570949861,2.0948311979848238
5058513,2026-05-20,1.8202226739071081,5.76,2.10389337156705,5.294117647058823
5058514,2026-05-20,2.825578109792896,1.125,2.68211565282695,0.8181818181818182
5058515,2026-05-20,5.464285714285714,2.050635507133553,4.558435638395275,2.699998071429949
5058516,2026-05-21,1.3499983125021093,4.32,2.4324324324324325,3.75496191395773
5058517,2026-05-21,3.375003835231631,3.5816289983377567,4.808225764692828,3.0903577224605754
5058518,2026-05-21,4.0,8.100011571445101,4.0499971071449234,8.100011571445101
5058519,2026-05-21,4.447064055369477,2.454556611620962,3.67539651873981,2.454556611620962
5058520,2026-05-21,5.625,0.0,5.625,0.0
5058521,2026-05-21,5.0,3.0,2.413406472957278,4.445127372106551
5058522,2026-05-21,2.9670362275123376,0.0,2.5312515820322385,0.0
5058523,2026-05-22,5.785714285714286,1.5,4.973680938367804,1.5
5058524,2026-05-22,2.0,5.115784088648328,1.8186537920485968,3.668474273397529
5058526,2026-05-22,0.0,8.409808492431171,0.0,5.770987961077893
5058527,2026-05-22,0.0,0.852630681441388,0.0,1.5093158327230853
5058528,2026-05-22,4.344812604094469,6.954545454545454,3.6104609180687,5.142869387784256
5058529,2026-05-22,2.641301476846221,2.88,2.641301476846221,2.88
5058530,2026-05-22,6.493679105922919,0.0,5.331213586760247,0.0
5058531,2026-05-22,2.479589306541524,5.400054000540005,2.0106340199276174,5.400054000540005
5058532,2026-05-22,3.5,2.6732646799359605,3.5,2.1214270561235313
5058533,2026-05-22,6.311704705726508,4.879512193358804,5.400008640013824,4.447064055369477
5058534,2026-05-22,17.181661984891047,3.4838709677419355,17.181661984891047,3.019734855437595
5058535,2026-05-22,5.323936163470193,4.618427129509381,5.008056438618648,3.9272798677815777
5058536,2026-05-22,4.101271014267106,4.101271014267106,3.489795918367347,4.0212765957446805
5058537,2026-05-22,2.3684210526315788,1.1612903225806452,2.3684210526315788,1.6071428571428572
5058539,2026-05-23,7.043508884821239,4.090909090909091,5.192317677533995,4.090909090909091
5058540,2026-05-23,4.563393136318694,2.4545454545454546,4.226090631383157,2.7818181818181817
5058541,2026-05-23,1.9894778725849949,4.22892585283338,1.9894778725849949,5.1592488133727725
5058543,2026-05-23,5.126569299824557,0.0,5.249989062522787,0.0
5058544,2026-05-23,13.5,3.857147095766039,13.5,2.872346536907525
5058545,2026-05-23,1.8837187398619304,2.602406503124695,2.850929906254717,3.3128793707001587
5058546,2026-05-23,4.2077867431341,5.161757115063066,3.8028115453358518,5.592853147962037
5058547,2026-05-23,4.235294117647059,3.988627298574322,4.235294117647059,3.4468011770187728
5058548,2026-05-23,4.764677854836148,3.037507593768984,4.764677854836148,3.941611593593567
5058549,2026-05-23,4.5,4.5542113804682165,4.5,5.09015976216413
5058550,2026-05-23,5.4,2.4269717460039235,5.4,2.6391056815208462
5058551,2026-05-23,2.8051911620894,2.4545454545454546,2.842102271471293,3.6219490110067007
5058552,2026-05-23,7.3285504898557425,6.666666666666667,5.326519741796446,7.174820157468422
5058553,2026-05-24,3.6947329529126813,4.909079752091473,2.9825598735813217,3.85713844898463
5058554,2026-05-24,6.749982236888851,3.214274234734876,6.284477340967809,2.4545398760457364
5058555,2026-05-24,6.202694320683351,6.12,5.15729757607014,4.581818181818182
5058556,2026-05-24,3.0422492362686815,3.193548387096774,2.925,3.6315789473684212
5058557,2026-05-24,3.068195764526202,3.494121757790303,3.576168413691162,3.1875
5058558,2026-05-24,0.0,4.118637087055785,0.0,4.118637087055785
5058560,2026-05-24,4.943675897678585,4.308515221824704,5.670005670005669,3.3157894736842106
5058561,2026-05-24,6.585373884602298,5.0,3.6818223657072338,3.5084745762711864
5058562,2026-05-24,4.853943492007847,2.9670362275123376,3.5284131004694324,3.5660411000387735
5058563,2026-05-24,5.810133936878401,5.328954380203132,4.280493024991494,4.932701793657295
5058564,2026-05-24,2.3624970468786914,4.602277957134042,3.1263124986184225,4.017864317614853
5058565,2026-05-24,2.3478235349744185,0.0,2.314283069390778,0.0
5058566,2026-05-24,4.021268039855234,3.0374962031297463,5.192297707119795,4.084030181487242
5058567,2026-05-24,6.493654446444439,5.478260869565218,5.23635411571979,4.775510204081633
5058568,2026-05-25,4.280493024991494,1.3499983125021093,4.471340427605368,2.8208934172437186
5058569,2026-05-25,3.197372628121879,1.3846153846153846,4.347450258558884,1.3846153846153846
5058570,2026-05-25,0.8901108682537013,5.837829948878448,1.8947401662108179,4.703222772114341
5058571,2026-05-25,2.903225806451613,4.666666666666667,2.7000014210533796,3.6114603675664108
5058572,2026-05-25,4.5542113804682165,7.2,3.5689655172413794,7.2
5058573,2026-05-25,4.280493024991494,4.595749569946351,3.272727272727273,5.7073309934902285
5058574,2026-05-25,3.0337044565118467,1.4210376732876495,3.5999934545573553,1.4210376732876495
5058575,2026-05-25,5.837829948878448,2.076923076923077,4.615384615384615,2.076923076923077
5058576,2026-05-25,9.0,3.176474325263912,9.0,5.011973046722726
5058577,2026-05-25,4.367640635822594,8.307660355152482,4.339277965575062,8.307660355152482
5058578,2026-05-25,1.0657908760406263,6.428571428571429,1.0657908760406263,5.072736495884538
5058579,2026-05-25,4.2077867431341,0.0,4.9270037029170055,0.0
5058580,2026-05-25,2.769230769230769,7.0129779052235,3.3096752840804617,6.340909090909091
5058581,2026-05-26,3.155840057350575,3.7241379310344827,3.2675117611315145,3.78
5058582,2026-05-26,4.655156361529788,1.4210526315789473,4.709296849654826,1.4210526315789473
5058583,2026-05-26,3.951209875097866,6.0353012180014325,3.8310759039514815,4.552320287999665
5058584,2026-05-26,3.3061190753886986,0.0,2.8876974463128917,0.0
5058585,2026-05-26,1.7088629226112944,3.000014285782313,2.404112882346414,3.000014285782313
5058586,2026-05-26,0.0,5.40000635294865,0.0,4.595749569946351
5058587,2026-05-26,8.608695652173912,1.1612903225806452,6.988243515580606,1.8305084745762712
5058588,2026-05-26,4.973690754856256,1.849317601804934,5.218496165539774,3.3311709942668792
5058589,2026-05-26,9.0,1.1868105784382892,9.0,1.6318672352377828
5058590,2026-05-26,0.9642857142857143,1.5517241379310345,1.7737252171171052,2.3964468681102153
5058591,2026-05-26,4.295444783080039,0.0,4.6097448542808435,0.0
5058592,2026-05-26,4.153846153846154,7.124970312623699,2.9634128271873004,6.03946971087519
5058593,2026-05-26,0.0,3.3,0.0,3.068180074897685
5058594,2026-05-26,6.923076923076923,1.6701048145410458,6.09677026014822,2.237570297000164
5058595,2026-05-26,6.857175510359573,10.323514230126133,6.151929883189282,7.043484385638596
5058596,2026-05-27,4.034468846659149,5.268299107681838,3.568959363863166,5.051619421444414
5058597,2026-05-27,3.2079176159231526,2.4545231406987207,3.0777170179098263,2.1599827201382387
5058598,2026-05-27,2.9589081628878944,4.295459426658439,2.9589081628878944,5.000009259276406
5058599,2026-05-27,4.558453398580256,3.6818098140686044,4.178578890319447,3.9473684210526314
5058600,2026-05-27,4.76469887544283,3.9512243307613786,4.76469887544283,3.272727272727273
5058601,2026-05-27,4.5,0.4655168400716896,5.05035244553605,1.763819981819086
5058602,2026-05-27,5.785672959478862,3.5526362534687546,5.785672959478862,3.70161588839991
5058603,2026-05-27,1.6265040644529345,5.33720309627547,2.473280554747668,2.6850799059890544
5058604,2026-05-27,4.695652173913044,5.8554146320305644,4.787244228179208,5.20481300624939
5058605,2026-05-27,3.7241379310344827,1.9894715900299054,3.3333395061842706,2.154250735636733
5058606,2026-05-27,5.400054000540005,1.2857142857142858,5.400054000540005,4.440786552114111
5058607,2026-05-27,0.0,3.96,0.0,4.0344827586206895
5058608,2026-05-27,4.22892585283338,0.0,4.720286322078772,0.0
5058609,2026-05-27,5.40000635294865,4.853927130418954,3.85714046140344,5.751472483464517
5058610,2026-05-27,0.8709677419354839,4.280493024991494,0.7346938775510204,3.85714046140344
5058611,2026-05-28,6.646143621317505,10.607067092377912,6.117182720950999,10.607067092377912
5058612,2026-05-28,2.076918512267006,9.281264501975784,2.0432421387880333,7.714285714285714
5058613,2026-05-28,3.2282573605898257,1.0909090909090908,2.9454518677710295,1.8870967741935485
5058614,2026-05-28,4.846153846153846,3.9600158400633596,6.081081081081081,3.857145757252449
5058615,2026-05-28,3.774193548387097,5.0625126562816405,2.4269676555998063,4.968007948812718
5058616,2026-05-28,2.5714285714285716,0.9,3.648646676407202,1.3170731707317074
5058617,2026-05-29,8.015599951250152,4.153846153846154,7.749978472282021,3.783434670783859
5058618,2026-05-29,0.0,3.857147095766039,0.0,2.769236094684797
5058619,2026-05-29,0.0,2.7,0.0,2.7
5058620,2026-05-29,11.842042936616123,0.0,6.96091574713829,0.0
5058621,2026-05-29,0.9101113369535541,1.6666666666666667,1.5083790455982986,2.699997545456777
5058622,2026-05-29,4.000014814869685,0.0,4.5849143111590775,0.0
5058623,2026-05-29,3.103448275862069,1.760867651230814,3.1952624908136205,2.263471698519941
5058624,2026-05-29,0.0,1.5882259516120494,0.0,1.5882259516120494
5058625,2026-05-29,4.5,2.769230769230769,4.5301983018803345,2.769230769230769
5058626,2026-05-29,2.6470588235294117,2.612911654553724,2.6470588235294117,2.612911654553724
5058627,2026-05-29,3.3370749021630313,5.340665209522208,3.9272727272727272,3.9217920913878115
5058628,2026-05-29,8.64,5.4,7.448265588599188,5.25
5058629,2026-05-29,3.2637398502635717,4.153846153846154,4.288240339106281,4.153846153846154
5058630,2026-05-29,4.295444783080039,7.71427569574585,3.7340346084370037,5.0066158852769735
5058631,2026-05-29,3.9789431800598107,1.3775538317425136,2.7870949760677575,1.6725693319811183
5058632,2026-05-30,1.9756121653806893,5.399993250008437,3.9705823962023588,4.581818181818182
5058633,2026-05-30,4.153837024534012,3.9,4.011423986944015,3.7241379310344827
5058634,2026-05-30,4.764711487895868,3.176463114204437,3.631585318570734,2.999994736851339
5058635,2026-05-30,4.90908453365645,2.6999966250042187,4.211001447703766,2.25
5058636,2026-05-30,5.815375668652818,5.268299107681839,4.677157988727577,4.142050161420638
5058637,2026-05-30,3.068185304756028,5.215897236597189,2.7818181818181817,4.628566138781556
5058638,2026-05-30,2.8928468112613883,2.2816869272015112,2.4685643755303555,3.272727272727273
5058639,2026-05-30,2.9999875000520837,0.0,3.1973600069473505,0.0
5058640,2026-05-30,3.9886408961828366,5.238813789274312,3.793391564786417,5.785719451535225
5058641,2026-05-30,7.253742169764432,2.3048724271404217,6.260869565217392,2.892851977050041
5058642,2026-05-30,3.3750084375210934,1.894736842105263,4.440795316835943,1.894736842105263
5058643,2026-05-30,6.3,3.3333209877000454,6.3,5.297454943152043
5058644,2026-05-30,3.1395421849818255,3.10345897744475,2.8928674745266947,3.1395421849818255
5058645,2026-05-30,3.767437479723861,2.3592187199636507,3.901731848709914,4.391560974022923
5058646,2026-05-30,4.178571428571429,3.292686942301149,4.9270037029170055,4.041913747357038
5058647,2026-05-31,3.494121757790303,0.0,4.192551791989803,0.0
5058648,2026-05-31,1.81730594489813,2.3684210526315788,2.7287219528074718,2.3684210526315788
5058649,2026-05-31,7.6056230906717035,7.5441065527844815,6.415835231846305,7.5441065527844815
5058650,2026-05-31,1.3333333333333333,7.518996859489695,2.52,4.552320287999665
5058651,2026-05-31,5.571428571428571,3.461551775199135,5.571428571428571,3.461551775199135
5058652,2026-05-31,5.20481300624939,2.025005062512656,4.6666580247073615,3.0186372902326584
5058653,2026-05-31,6.923076923076923,0.0,4.4733754280327975,0.0
5058654,2026-05-31,4.784816183311624,4.178556505155338,4.821435459193513,4.090901652906086
5058655,2026-05-31,5.225798022906415,0.28723434812164694,6.17141093882589,1.8305115771382663
5058656,2026-05-31,4.295444783080039,2.1818181818181817,4.939012343872332,2.9378253563861954
5058657,2026-05-31,1.8,7.105272506937509,1.8,4.725002953126846
5058658,2026-05-31,5.837853615820584,4.666666666666667,6.069781557631529,3.6666598765557845
5058659,2026-05-31,1.6363636363636365,3.51000351000351,1.6363636363636365,5.250010937522787
5058660,2026-05-31,3.73404652558141,5.538461538461538,3.09375,5.8
5058661,2026-05-31,4.7847980131695875,16.61551242701867,5.05160964412281,16.61551242701867
5058662,2026-06-01,1.4464259885250206,0.0,1.2857142857142858,0.0
5058663,2026-06-01,3.413793103448276,7.392857142857143,3.78,6.067419138999516
5058664,2026-06-01,0.0,15.0,0.0,15.0
5058665,2026-06-01,1.7307692307692308,1.5,2.618181818181818,1.5
5058666,2026-06-01,10.12487343908201,4.378390211865437,10.12487343908201,3.6666666666666665
5058667,2026-06-01,3.0,5.717653785475042,3.3128793707001587,3.6
5058668,2026-06-01,5.33720309627547,12.461519289970324,3.185389679337439,8.078746518698045
5058669,2026-06-01,1.6039635722050933,4.618408898923951,2.494566573134007,4.703222772114341
5058670,2026-06-01,2.7,0.0,3.068180074897685,0.0
5058671,2026-06-02,5.478260869565218,5.704217318003778,4.669176442989807,5.481194765120654
5058672,2026-06-02,5.328933344912251,3.7124953593808008,5.74838338813975,3.6441673077701746
5058673,2026-06-02,3.068185304756028,4.450539669143585,3.071859966299361,4.118637087055785
5058674,2026-06-02,4.153878106754668,0.0,4.153878106754668,0.0
5058675,2026-06-02,1.4835132230478616,3.4225303908022666,1.7900532706593695,4.04080807998351
5058676,2026-06-02,1.2857142857142858,4.101271014267106,4.0588235294117645,4.6139298910504944
5058677,2026-06-02,3.413793103448276,3.176463114204437,3.0508422867079887,3.789467036022744
5058678,2026-06-02,5.547952805414802,2.0543455931026164,5.13000513000513,1.7234033386152454
5058679,2026-06-02,0.9642857142857143,4.344827586206897,1.5677439583793011,4.344827586206897
5058680,2026-06-02,3.857147095766039,2.25,3.9473753462725374,3.515625
5058681,2026-06-02,6.662329009962325,7.2,5.820355796194134,7.2
5058682,2026-06-02,4.5473636343540695,5.086956521739131,5.150286040297087,5.475532133611376
5058683,2026-06-02,7.534848675122441,5.399993250008437,7.534848675122441,4.192543979786348
5058684,2026-06-02,1.7802217365074027,5.4000216000864,3.5357142857142856,5.288681602810732
5058685,2026-06-02,3.263729090705295,4.153878106754668,3.121385478967931,4.153878106754668
5058686,2026-06-03,0.0,3.3370749021630313,0.0,2.6842105263157894
5058687,2026-06-03,1.5168522282559234,1.4210488919766002,1.4835156683979844,1.4210488919766002
5058688,2026-06-03,4.764711487895868,5.547930005671218,3.214291454091882,4.980572853256596
5058689,2026-06-03,4.9655172413793105,3.5783089417964553,3.7741874609879664,3.395201448619285
5058690,2026-06-03,0.0,4.387510968777422,1.588235294117647,4.72027641938712
5058691,2026-06-03,2.934779418718023,5.0,3.0483821800287423,5.441860465116279
5058692,2026-06-03,0.0,3.5454545454545454,0.0,3.2176132459966365
5058693,2026-06-03,1.1868144910049352,3.4838709677419355,2.1235966986498305,3.4838709677419355
5058694,2026-06-03,4.378372461658835,3.648658509887864,3.8076849852211825,3.648651113953455
5058695,2026-06-03,6.48002592010368,4.764711487895868,6.48002592010368,4.9872643230982945
5058696,2026-06-03,4.724994093757383,3.037507593768984,4.754716981132075,3.96
5058697,2026-06-03,5.0625126562816405,4.22892585283338,4.787244228179209,4.418189851254275
5058698,2026-06-03,0.9310344827586207,2.872343481216469,1.3404255319148937,2.413410517777115
5058699,2026-06-03,1.6071428571428572,8.871403224562215,2.5312480224624827,6.244885214519971
5058700,2026-06-03,7.0,1.1612903225806452,6.020262134780899,0.8181818181818182
5058701,2026-06-04,2.204086130788022,4.9736711219181,2.26717903386112,4.9736711219181
5058702,2026-06-04,9.926455990505897,10.79994600027,9.684772081769477,6.842447006994501
5058703,2026-06-04,3.3157894736842106,3.4615517751991347,3.3157894736842106,5.259753921438757
5058704,2026-06-04,3.1395421849818255,3.8076776627782207,3.1395421849818255,5.999976470680507
5058705,2026-06-04,1.6875,3.857197959970857,2.2131147540983607,3.857197959970857
5058707,2026-06-04,7.220947025458199,1.4835181137561688,4.5000075000125,2.5632992509469967
5058708,2026-06-04,3.272727272727273,10.384695266886668,3.272727272727273,10.384695266886668
5058709,2026-06-04,3.176470588235294,4.132648844235874,4.660714285714286,2.607953063663032
5058710,2026-06-05,5.547930005671217,7.043478260869565,3.9999925926063105,4.673076923076923
5058711,2026-06-05,3.4177258452225887,1.6463434711505744,4.306751108436263,3.75496191395773
5058712,2026-06-05,5.926814812646799,1.8202226739071081,5.173649596617008,3.901731848709914
5058713,2026-06-05,3.857147095766039,2.0,3.620115776665672,3.06
5058714,2026-06-05,2.602406503124695,2.8588168027839935,2.189189189189189,3.9767349378257264
5058715,2026-06-05,0.0,4.1294166228430855,0.0,3.5
5058716,2026-06-05,3.0759415798947347,6.585349791829777,2.976373265553913,4.9526568607611114
5058717,2026-06-05,4.98460771598813,1.9285645408409255,4.096546073729554,2.4685643755303555
5058718,2026-06-05,3.9,0.0,3.7720615971041154,0.0
5058719,2026-06-05,4.628578040825772,3.4838709677419355,4.628578040825772,3.7540127026805896
5058720,2026-06-05,2.805202091434004,7.7727272727272725,3.9600079200158396,6.127659574468085
5058721,2026-06-05,5.478260869565218,5.641799465372336,4.846153846153846,6.264010022416035
5058722,2026-06-05,3.176463114204437,2.624989062545573,2.9825546714480566,2.967026446095723
5058723,2026-06-05,2.359225591481157,5.9268364961420685,5.0625126562816405,3.947375346272537
5058724,2026-06-05,3.176474325263912,5.464266199049289,4.588235294117647,5.241173387545065
5058725,2026-06-06,3.9512098750978653,1.125,3.652932581335103,1.125
5058726,2026-06-06,2.5578920443241637,6.75,2.892857142857143,6.75
5058727,2026-06-06,4.153846153846154,5.20481300624939,4.9411764705882355,5.20481300624939
5058728,2026-06-06,1.7307692307692308,5.917816325775789,1.7307692307692308,4.218752636720398
5058729,2026-06-06,0.0,1.7234060887298817,0.0,3.3352980415271074
5058730,2026-06-06,6.2876798461367756,0.0,6.1448318240219475,0.0
5058731,2026-06-06,3.2530198867949083,2.4545454545454546,3.7742057232442683,2.872338897692076
5058732,2026-06-06,0.0,1.7307692307692308,0.0,2.324504850665464
5058733,2026-06-06,6.0,0.0,5.522714721102907,0.0
5058734,2026-06-06,1.9285753644395192,4.90908453365645,2.6850843564001967,5.899154706592684
5058736,2026-06-06,2.8588168027839935,4.55055668476777,4.716853262490173,4.879512193358804
5058737,2026-06-06,0.0,0.2727272727272727,0.0,1.5000025000041666
5058738,2026-06-06,2.8421112465499925,9.268670550254553,2.842106759003557,5.333333333333333
5058739,2026-06-06,8.338223032024953,6.0,7.1566178835929115,4.5
5058740,2026-06-07,2.4827586206896552,3.802827613598911,1.960892759277788,2.981596921225105
5058741,2026-06-07,6.28765400642738,0.0,6.079462146407754,0.0
5058742,2026-06-07,3.6404453478142162,0.0,3.098355576466268,0.0
5058743,2026-06-07,3.8117557370453246,3.410522725765552,3.901725082716572,4.325962070760143
5058744,2026-06-07,4.943655008936608,6.567558692488253,5.3587745352866145,5.8125
5058745,2026-06-07,5.576080895564244,4.05,6.362068965517241,3.24
5058746,2026-06-07,5.282602953692442,3.75,5.618493862142277,3.75
5058747,2026-06-07,6.039481630896883,2.892857142857143,5.262716324335868,4.445127372106551
5058748,2026-06-07,3.6666666666666665,6.954545454545454,3.0718544479913485,5.400004695656257
5058749,2026-06-07,4.0,4.76469887544283,3.4363636363636365,4.753514431669815
5058750,2026-06-07,11.347776748796745,6.7499662501687485,8.0625,6.7499662501687485
5058751,2026-06-07,2.7,3.0,3.9473684210526314,3.933777439587708
5058752,2026-06-07,3.6666666666666665,4.295444783080038,4.115851148871251,3.53570797195005
5058753,2026-06-07,3.4615384615384617,6.0,3.881245148443565,6.0
5058754,2026-06-07,6.493679105922919,5.333333333333333,5.625,4.5
5058755,2026-06-08,3.4838484913000562,3.103448275862069,3.4838484913000562,3.2586206896551726
5058756,2026-06-08,4.5,2.6413100898045427,4.5,3.3157952908689317
5058757,2026-06-08,3.061858826658584,4.387494515631856,3.515625,3.3128793707001587
5058758,2026-06-08,4.438362244331842,0.23684210526315788,3.5761613087160984,1.4142857142857144
5058759,2026-06-08,9.999944444753085,1.9285714285714286,9.999944444753085,1.9411764705882353
5058760,2026-06-08,3.292686942301149,2.2235320276847386,3.8823529411764706,4.180642464101636
5058761,2026-06-08,3.375003835231631,2.8421202216853776,4.398878875774649,2.8421202216853776
5058762,2026-06-08,5.1923076923076925,0.9759024386717606,5.400006967750926,1.5477716864787812
5058763,2026-06-09,8.24996562514323,3.0337044565118467,7.22532667138496,3.3157894736842106
5058764,2026-06-09,2.842102271471293,7.269230769230769,2.593220338983051,6.567558692488253
5058765,2026-06-09,3.1395312331032175,3.0337044565118467,2.3011350561732637,2.6619680817350964
5058766,2026-06-09,4.178571428571429,3.698635203609868,2.793103448275862,5.10812191384301
5058767,2026-06-09,1.7419326743021384,4.387494515631856,1.7419326743021384,3.674558387312655
5058768,2026-06-09,3.037507593768984,2.0,4.673085909780596,2.0
5058769,2026-06-09,3.2282573605898257,1.89000189000189,3.1764687197242827,2.3092135647546903
5058770,2026-06-09,3.767437479723861,3.9,2.999994736851339,3.185395047974746
5058771,2026-06-09,0.0,3.155840057350575,0.0,4.153838165695835
5058772,2026-06-09,3.09375,3.342857142857143,3.3157894736842106,3.1363636363636362
5058773,2026-06-09,4.7847980131695875,5.40001350003375,4.443035162635973,4.6433239320354955
5058774,2026-06-09,2.25,3.75,2.773970702759793,4.0
5058775,2026-06-09,4.85999028001944,1.8409111828536169,4.85999028001944,2.2752821771248186
5058776,2026-06-09,4.438344004536974,1.9285576531596205,5.837818115479339,1.9285576531596205
5058777,2026-06-09,1.588237162631956,4.725011812529531,2.6341543724218672,4.725011812529531
5058778,2026-06-10,3.068185304756028,4.35485275758954,3.2142857142857144,4.35485275758954
5058779,2026-06-10,2.571419387787901,2.88,2.982549469332938,2.88
5058780,2026-06-10,6.954545454545454,6.394745256243758,4.827817766766733,4.1294166228430855
5058781,2026-06-10,4.129402048465768,6.352931833923774,3.2965077947583783,6.065217391304348
5058782,2026-06-10,2.825578109792896,6.230769230769231,4.013508089853933,4.189647948882847
5058783,2026-06-10,13.5,3.407770298806115,13.5,4.709305063549455
5058784,2026-06-10,4.821445790877824,0.8709677419354839,4.821445790877824,0.7377049180327869
5058785,2026-06-10,3.681809814068605,0.0,4.041913747357038,0.0
5058786,2026-06-10,9.64289158175565,2.7613667742804253,9.64289158175565,4.203597848620178
5058787,2026-06-10,0.0,3.417712866549705,0.0,4.527947498169256
5058788,2026-06-10,4.129402048465769,2.3478235349744185,2.641301476846221,2.5219766362765736
5058789,2026-06-10,4.939030413451723,2.769230769230769,3.9217920913878115,4.711406233955548
5058790,2026-06-10,9.96921543197626,8.790718117949112,7.907137209187708,5.400009000014999
5058791,2026-06-10,11.25,6.557152224503177,11.25,6.171437387767696
5058792,2026-06-10,4.450539669143584,4.447064055369477,4.319995062862786,3.5526362534687546
5058793,2026-06-11,3.11537263318218,4.175262036352614,3.11537263318218,5.708584476764519
5058794,2026-06-11,5.126569299824557,4.153850718517273,4.365259005367652,4.153850718517273
5058795,2026-06-11,2.15999136003456,6.230817160132,2.499993055574846,6.230817160132
5058796,2026-06-11,4.853927130418954,3.2837793462441267,4.5,4.096546073729554
5058797,2026-06-11,4.183092699869437,8.059677433798706,4.21875,5.57417916340861
5058798,2026-06-11,8.30766035515248,4.132648844235874,6.054534446301007,2.3659781618669267
5058799,2026-06-11,2.5411794602111297,3.3,3.880244167957087,4.423728813559322
5058801,2026-06-12,4.064516129032258,5.115784088648328,3.5904236221150945,5.338983050847458
5058802,2026-06-12,3.2837793462441267,0.8181818181818182,5.440294447541457,0.8181818181818182
5058803,2026-06-12,2.204079383592466,6.17141093882589,3.983600026885202,6.336728227828339
5058804,2026-06-12,5.268279833463821,2.9347889886717144,5.510198458981164,3.115388038887955
5058805,2026-06-12,6.0,4.387510968777422,4.365266847145601,4.000011111141975
5058806,2026-06-12,3.9789431800598107,4.68,3.374998082387453,5.906245385745793
5058807,2026-06-12,2.858826892737521,4.447048359886212,2.9235687411265867,4.6331223872118725
5058808,2026-06-12,4.295444783080039,4.882983918067998,3.164060028078103,3.774199635805864
5058809,2026-06-12,3.7594984297448475,2.1477297133292197,4.5301983018803345,4.166666666666667
5058810,2026-06-12,0.2647058823529412,0.0,1.0216227260786228,0.0
5058811,2026-06-12,4.846153846153846,4.558435638395275,4.846153846153846,5.242708266585891
5058812,2026-06-12,2.557892044324164,3.698635203609868,2.7818181818181817,4.224498417343709
5058813,2026-06-12,4.5,3.197372628121879,4.5,2.6298718375791155
5058814,2026-06-12,2.454549917363486,0.0,2.454549917363486,0.0
5058815,2026-06-12,5.538461538461538,5.744668628364621,4.245283018867925,5.744668628364621
5058816,2026-06-13,6.567585317798155,5.178089285053815,5.152679622411637,4.827817766766733
5058817,2026-06-13,3.1395312331032175,2.825578109792896,4.057794086025235,1.6408821647710887
5058818,2026-06-13,5.478260869565218,0.0,5.4000037241404995,0.0
5058819,2026-06-13,4.199972000186666,4.68,4.199972000186666,4.5290293361101055
5058820,2026-06-13,3.6818223657072338,4.263146675929801,3.6666666666666665,6.0419538168155125
5058821,2026-06-13,6.872739768617761,2.934779418718023,5.008068554893995,3.3942876538786595
5058822,2026-06-13,0.0,4.101255439859647,0.0,3.232389813535474
5058823,2026-06-13,7.892295550314539,3.5604317353148676,5.827329744849289,2.699995846160237
5058824,2026-06-13,3.807706952719049,4.153846153846154,2.382355743947934,3.272727272727273
5058825,2026-06-13,5.259753921438757,2.138618096273458,4.500008653862795,2.617348274157283
5058826,2026-06-13,1.8,6.906968712827078,4.254553190096709,5.8081327812409524
5058827,2026-06-13,5.538461538461538,7.125,5.538461538461538,6.657529686623502
5058828,2026-06-13,4.724994093757383,1.6463434711505744,4.153846153846154,1.4361717406082346
5058829,2026-06-13,0.0,10.173868809266047,0.0,8.136980728095391
5058830,2026-06-13,5.530113819139977,3.0,4.25453771902233,2.7
5058831,2026-06-14,5.1923076923076925,2.2978747849731755,2.9482758620689653,2.4269676555998063
5058832,2026-06-14,6.662303052971154,3.1153846153846154,7.468053327432649,4.167782437729907
5058833,2026-06-14,8.55004275021375,1.9285714285714286,8.280033120132481,2.9482758620689653
5058834,2026-06-14,5.478260869565218,3.0,4.531474869195621,3.3333333333333335
5058835,2026-06-14,3.176474325263912,6.075015187537969,3.2926809190970006,6.704693486782895
5058836,2026-06-14,5.023249972965148,4.2,3.789467036022744,3.3749963315257268
5058837,2026-06-14,2.5851091330948224,1.8,3.65625,2.2657326813058174
5058838,2026-06-14,1.9484556169645535,2.5411794602111297,3.13953488372093,2.210526315789474
5058839,2026-06-14,4.378372461658836,4.563393136318694,4.347450258558884,4.112585505023513
5058840,2026-06-14,3.115384615384616,0.7105263157894737,2.7364883354650913,1.3943661971830985
5058841,2026-06-14,6.0,4.333333333333333,4.609761719221608,3.23353099788563
5058842,2026-06-14,5.538461538461538,4.101255439859647,6.258282290253172,4.703222772114341
5058843,2026-06-14,2.670332604761104,0.0,3.465242494782083,0.0
5058844,2026-06-14,8.485690040885597,0.0,8.485690040885597,0.0
5058845,2026-06-14,3.494121757790303,4.408158767184932,3.4534903799362673,3.426394199799898
5868557,2026-05-17,4.387494515631856,4.609761719221608,3.164060028078103,4.94366545328553
5868558,2026-05-17,0.0,5.1923076923076925,0.0,5.1923076923076925
5868559,2026-05-17,5.704217318003778,9.0,4.354831685755346,9.11687127679055
5868560,2026-05-17,1.125,2.554060956921505,2.16,2.554060956921505
5868561,2026-05-17,4.68366869013399,5.917816325775789,3.7409593482417494,5.785714285714286
5868562,2026-05-17,2.54117049136355,5.192287721970301,3.1013471603416756,5.192287721970301
5868563,2026-05-17,7.64149501604714,4.965500118965108,5.734508199550266,4.032462295503512
5868564,2026-05-17,4.101255439859647,5.4000216000864,4.308501471273466,4.800016000053334
5868565,2026-05-17,2.226806419388061,0.0,3.4615384615384617,0.0
5868566,2026-05-17,2.7613667742804253,2.4545454545454546,2.7613667742804253,4.153843249060665
5868567,2026-05-17,4.280493024991494,6.749978906315919,4.677169037140974,6.749978906315919
5868568,2026-05-17,5.5975678019119535,3.903623864153889,6.6976744186046515,3.530771946747651
5868569,2026-05-17,7.027406886858749,6.2307452663643605,4.224498417343709,5.785700510236881
5868570,2026-05-17,0.0,5.472965577073545,0.0,5.881182295859113
5868571,2026-05-17,2.454539876045736,0.0,2.842100277017058,0.0
6041984,2026-04-03,0.0,1.6875105469409182,0.0,1.6875105469409182
6096942,2026-04-04,0.0,0.0,0.0,0.0
6127497,2026-04-05,0.0,7.2,0.0,7.2
6978332,2026-04-26,8.82694005180779,0.0,8.82694005180779,0.0
7345140,2026-04-30,2.5312420898684693,6.750008881590634,2.5312420898684693,6.750008881590634
7364165,2026-04-30,0.0,7.363626800484675,0.0,7.363626800484675
7612500,2026-05-07,4.068498723970855,4.263180332528067,4.068498723970855,4.263180332528067
8128168,2026-05-23,7.714248979766763,4.0344827586206895,8.129006035464402,4.224489795918367
8158336,2026-05-24,11.842042936616123,0.0,6.8684029778869,0.0
