game_pk,date,home_ip_per_gs_rolling_5,away_ip_per_gs_rolling_5
5057864,2026-04-02,4.6667,6.0
5058097,2026-04-19,5.083349999999999,5.583325
5058189,2026-04-26,4.13334,5.53334
5058346,2026-05-08,4.4,5.8
5058500,2026-05-19,4.933339999999999,5.26666
5058566,2026-05-24,6.26668,5.33334
5058709,2026-06-04,6.8,6.53334
5058853,2026-06-15,6.26666,5.6
5057899,2026-04-05,4.3333,6.0
5058100,2026-04-20,4.916650000000001,6.0
5058386,2026-05-12,5.06666,5.166675
5058622,2026-05-29,5.39998,
5058768,2026-06-09,5.3333200000000005,6.0
5059012,2026-06-27,5.4,6.133319999999999
5058122,2026-04-21,5.3333,4.777766666666667
5058361,2026-05-09,4.749975,6.0
5058505,2026-05-20,5.93332,5.6
5058723,2026-06-05,6.86666,5.46666
5058867,2026-06-16,5.86666,6.33334
5057843,2026-03-31,,
5057908,2026-04-05,6.0,
5059061,2026-06-30,5.5555666666666665,5.266679999999999
5057857,2026-04-01,4.0,6.0
5058082,2026-04-18,5.0,3.444433333333333
5058169,2026-04-25,5.13334,4.666675
5058330,2026-05-07,4.46668,5.8
5058485,2026-05-18,4.60002,5.6
5058552,2026-05-23,4.66668,5.4
5058700,2026-06-03,5.4,6.2
5058920,2026-06-20,5.33332,4.933339999999999
5059075,2026-07-01,5.4,4.4
5057877,2026-04-03,5.0,5.0
5058137,2026-04-22,5.75,5.1667
5058309,2026-05-05,5.53334,4.93332
5058377,2026-05-10,5.53334,1.0
5058522,2026-05-21,6.066660000000001,
5058669,2026-06-01,6.733320000000001,5.06668
5058734,2026-06-06,6.533320000000001,5.13334
5058877,2026-06-17,5.6,4.5
5059046,2026-06-29,5.73334,5.266679999999999
5057779,2026-03-26,,
5057850,2026-04-01,6.0,3.6667
5058006,2026-04-13,5.4444333333333335,5.6667
5058079,2026-04-18,5.583325,5.5
5058234,2026-04-30,5.533320000000001,6.4
5058296,2026-05-05,5.8,6.0
5058367,2026-05-10,6.4,5.26666
5058524,2026-05-22,7.2,6.33334
5058690,2026-06-03,7.8,5.3333200000000005
5058915,2026-06-20,6.933339999999999,5.73334
5059048,2026-06-30,6.13334,5.4
5057903,2026-04-05,6.0,5.0
5058135,2026-04-22,5.083349999999999,5.666675
5058197,2026-04-27,5.06668,7.0
5058357,2026-05-09,5.40002,5.933339999999999
5058591,2026-05-26,5.86668,6.0
5058656,2026-05-31,5.86668,6.6
5058736,2026-06-06,5.6666799999999995,5.933339999999999
5058887,2026-06-18,5.266679999999999,6.33334
5057924,2026-04-07,,
5057862,2026-04-02,4.0,4.3333
5058171,2026-04-25,4.2,6.0
5058324,2026-05-06,4.46666,5.06668
5057796,2026-03-28,,
5058017,2026-04-14,3.8889,5.777766666666667
5058174,2026-04-25,4.73334,4.66666
5058389,2026-05-12,5.3333200000000005,4.3333200000000005
5058641,2026-05-30,4.46666,5.466679999999999
5058860,2026-06-16,4.53334,4.0
5058943,2026-06-22,4.8,5.0
5057781,2026-03-26,,
5057861,2026-04-01,6.0,5.0
5058028,2026-04-14,6.0,5.555533333333334
5058199,2026-04-27,6.53334,4.833349999999999
5058400,2026-05-12,6.33334,5.000019999999999
5058660,2026-05-31,6.26666,5.2
5058738,2026-06-06,6.3333200000000005,4.466659999999999
5058919,2026-06-20,7.13332,5.60002
5057888,2026-04-04,,5.0
5058118,2026-04-21,4.8889,4.777766666666667
5058187,2026-04-26,5.166675,4.888866666666667
5058345,2026-05-08,4.73334,
5058412,2026-05-13,4.46668,4.6
5058577,2026-05-25,4.53334,3.4666799999999993
5058636,2026-05-30,4.33334,5.466659999999999
5058717,2026-06-05,4.33334,5.60002
5058865,2026-06-16,5.13334,5.86666
5058428,2026-05-15,0.6667,4.4444333333333335
5058283,2026-05-03,,5.06668
5058284,2026-05-04,0.6667,5.333349999999999
5057980,2026-04-11,6.5,5.0
5058127,2026-04-22,6.75,4.0
5058289,2026-05-04,6.26666,5.266679999999999
5058358,2026-05-09,6.26666,
5058511,2026-05-20,6.066660000000001,5.6
5058571,2026-05-25,6.2,5.4
5058796,2026-06-11,5.933339999999999,4.933339999999999
5057772,2026-03-26,,
5057931,2026-04-07,5.166650000000001,5.0
5057993,2026-04-12,5.0,5.0
5058151,2026-04-24,5.33334,4.13334
5058235,2026-04-30,5.466679999999999,4.1111
5058392,2026-05-12,5.6666799999999995,4.0
5868562,2026-05-17,5.6666799999999995,4.333349999999999
5058623,2026-05-29,5.8,6.13334
5058770,2026-06-09,5.73334,6.0
5058836,2026-06-14,5.73334,6.0
5058986,2026-06-25,4.86668,4.80002
5058105,2026-04-20,5.0,5.583325
5058239,2026-05-01,5.0,4.933339999999999
5058323,2026-05-06,5.083325,4.66666
5058539,2026-05-23,4.59998,3.6666666666666665
5058697,2026-06-03,5.3333200000000005,5.533320000000001
5058909,2026-06-20,5.4,4.53334
5059066,2026-07-01,5.13332,5.26666
5058453,2026-05-16,1.0,4.3333
5058606,2026-05-27,1.1111,5.6
5057975,2026-04-11,5.166650000000001,5.8333
5058130,2026-04-22,5.666675,
5058442,2026-05-16,5.0,1.0
5058516,2026-05-21,5.33334,5.0
5058603,2026-05-27,5.53334,5.73334
5058951,2026-06-23,4.73334,5.6
5057909,2026-04-05,,5.0
5057962,2026-04-10,4.3333,4.0
5058046,2026-04-16,5.166650000000001,6.0
5058111,2026-04-21,5.4444333333333335,4.888866666666667
5058263,2026-05-02,5.4,5.33334
5058489,2026-05-19,5.600019999999999,5.60002
5058583,2026-05-26,5.466679999999999,5.66666
5058725,2026-06-06,5.46668,5.333333333333333
5058794,2026-06-11,5.26668,6.066660000000001
5058924,2026-06-21,5.6,5.13334
5058990,2026-06-26,6.0,5.6
5058216,2026-04-29,4.8889,4.93332
5058394,2026-05-12,5.266679999999999,6.0
5868564,2026-05-17,5.266679999999999,4.99998
5057994,2026-04-12,5.8889,8.1111
5058140,2026-04-23,6.06668,4.833349999999999
5058895,2026-06-19,6.06668,1.1111
5058970,2026-06-24,5.86668,6.066660000000001
5057869,2026-04-03,4.0,5.0
5057940,2026-04-08,5.0,
5058099,2026-04-20,5.083325,5.0
5058405,2026-05-13,4.8,4.466679999999999
5058556,2026-05-24,4.73334,6.2
5058807,2026-06-12,5.66666,5.6666799999999995
5058885,2026-06-18,5.66666,5.6666799999999995
5059033,2026-06-28,6.46666,5.66666
5057914,2026-04-06,4.6667,5.0
5058075,2026-04-18,4.8889,6.083349999999999
5058702,2026-06-04,4.53334,4.00002
5057846,2026-03-31,,5.0
5058043,2026-04-15,6.0,6.0
5058214,2026-04-28,6.0,5.39998
5058415,2026-05-13,6.2,5.66666
5058610,2026-05-27,6.2,5.46666
5058876,2026-06-17,6.13334,4.86666
5057892,2026-04-04,,6.0
5058265,2026-05-02,0.6667,5.8
5057793,2026-03-28,,
5057943,2026-04-08,4.8333,6.0
5058194,2026-04-27,5.13332,5.4
5058338,2026-05-08,5.73334,5.733320000000001
5058406,2026-05-13,6.13334,3.0
5058553,2026-05-24,6.33334,5.86668
5058769,2026-06-09,6.13334,6.66666
5058941,2026-06-22,5.53334,5.444466666666666
5059006,2026-06-27,5.266679999999999,2.0
5057827,2026-03-30,,
5057985,2026-04-11,5.0,4.166650000000001
5058290,2026-05-04,4.86666,5.25
5058443,2026-05-16,5.13332,4.999980000000001
5058642,2026-05-30,5.3333200000000005,4.75
5058720,2026-06-05,5.133319999999999,4.4
5058875,2026-06-17,4.86666,1.0
5058960,2026-06-23,4.86666,5.6
5059029,2026-06-28,5.13332,4.73334
5058822,2026-06-13,,5.266679999999999
5058974,2026-06-24,5.666650000000001,5.6
5057780,2026-03-26,,
5057853,2026-04-01,5.0,5.0
5058011,2026-04-13,5.333333333333333,5.8889
5058162,2026-04-25,5.4,6.4
5058248,2026-05-01,5.066660000000001,5.26666
5058495,2026-05-19,5.2,6.13334
5058661,2026-05-31,5.266679999999999,4.3333
5058727,2026-06-06,5.2,5.53334
5058977,2026-06-24,4.13332,
5058732,2026-06-06,2.6667,5.2
5058897,2026-06-19,2.555566666666667,5.06668
5057966,2026-04-10,5.5,
5058110,2026-04-21,5.333325,5.583325
5058275,2026-05-03,5.26666,5.33334
5058502,2026-05-20,5.26666,5.86668
5058671,2026-06-02,4.6,4.73334
5057791,2026-03-28,,
5058024,2026-04-14,5.5555666666666665,4.8889000000000005
5058186,2026-04-26,5.466679999999999,5.73334
5058264,2026-05-02,5.466679999999999,4.53334
5058513,2026-05-20,5.933339999999999,5.0
5058667,2026-06-01,5.4,5.66666
5058748,2026-06-07,5.4,4.4
5059000,2026-06-26,5.4,5.86666
5057798,2026-03-28,,
5057951,2026-04-08,4.8333,4.6667
5058226,2026-04-29,4.916650000000001,4.2
5058587,2026-05-26,4.6,6.2
5057866,2026-04-03,5.0,3.3333
5057946,2026-04-08,4.666650000000001,5.333349999999999
5058321,2026-05-06,4.083325,6.0
5057979,2026-04-11,5.833349999999999,4.166650000000001
6978332,2026-04-26,4.333325,
5058956,2026-06-23,3.6,4.2
5057789,2026-03-27,,
5058026,2026-04-14,5.5555666666666665,6.0
5058266,2026-05-02,5.73334,5.083325
5058334,2026-05-07,5.8,5.0
5058484,2026-05-18,5.73334,6.4
5058565,2026-05-24,6.13334,
5058722,2026-06-05,5.66668,4.800019999999999
5058781,2026-06-10,5.66668,4.53334
5058949,2026-06-22,5.33334,4.266679999999999
5059032,2026-06-28,6.0,4.39998
5057841,2026-03-31,,
5057998,2026-04-12,5.0,4.0
5058159,2026-04-24,5.0,6.6666799999999995
5058312,2026-05-06,5.26666,4.833325
5868567,2026-05-17,5.46666,5.333349999999999
5058627,2026-05-29,5.933339999999999,6.066660000000001
5058696,2026-06-03,5.33334,5.3333200000000005
5058863,2026-06-16,5.466679999999999,5.86668
5058946,2026-06-22,5.53334,5.733320000000001
5059015,2026-06-27,5.53334,3.75
5057825,2026-03-30,,
5057976,2026-04-11,5.833349999999999,6.0
5058054,2026-04-17,5.5555666666666665,4.666666666666667
5058141,2026-04-23,5.666675,5.66666
5058288,2026-05-04,5.86668,
5058512,2026-05-20,5.66668,4.8
5058710,2026-06-05,4.866680000000001,4.6
5058864,2026-06-16,4.33334,4.8
5057948,2026-04-08,5.666650000000001,
5058963,2026-06-23,1.0,4.733320000000001
5058829,2026-06-13,,4.60002
5057811,2026-03-29,,
5057953,2026-04-09,4.833349999999999,5.5
5058102,2026-04-20,4.916675,5.416675
5058261,2026-05-02,5.0,4.75
5058332,2026-05-07,5.46666,5.333349999999999
5058472,2026-05-18,5.6,5.416650000000001
5058545,2026-05-23,5.73334,5.53334
5058764,2026-06-09,6.33334,5.2
5058912,2026-06-20,6.26666,4.73334
5057803,2026-03-28,,
5057958,2026-04-09,6.0,
5058041,2026-04-15,5.8889,5.8889
5058198,2026-04-27,5.73334,4.6667
5058362,2026-05-09,5.466679999999999,5.8666599999999995
5058514,2026-05-20,5.73334,6.4
5058592,2026-05-26,5.2,4.800019999999999
5058753,2026-06-07,5.2,1.2
5058042,2026-04-15,4.0,5.0
5058252,2026-05-01,4.499975,5.333340000000001
5058414,2026-05-13,5.266640000000001,5.2
5058644,2026-05-30,5.733320000000001,5.79998
5058777,2026-06-09,5.66666,4.4444333333333335
5058854,2026-06-15,5.6,4.4444333333333335
5058918,2026-06-20,5.2,5.8
5059074,2026-07-01,5.8,
5058040,2026-04-15,,4.3333
5058183,2026-04-26,5.5,5.1111
5058436,2026-05-15,5.73334,5.60002
5058698,2026-06-03,5.8,6.26666
5058916,2026-06-20,5.4,4.33334
5058221,2026-04-29,4.33335,5.53334
5057829,2026-03-30,,
5057988,2026-04-11,4.83335,5.5
5058121,2026-04-21,4.583325,4.583325
5058282,2026-05-03,4.46666,5.53334
5057795,2026-03-28,,
5058015,2026-04-14,5.777766666666667,
5058355,2026-05-09,5.2,4.99998
5058501,2026-05-20,4.6666799999999995,5.33334
5058672,2026-06-02,5.06668,5.33334
5058741,2026-06-07,4.86668,
5058889,2026-06-18,5.0,6.0
5059035,2026-06-29,4.8,5.6
5057777,2026-03-26,,
5057842,2026-03-31,4.6667,
5058866,2026-06-16,5.333349999999999,5.53334
5058527,2026-05-22,,6.33334
5058692,2026-06-03,6.333349999999999,6.6
5058859,2026-06-16,5.5,5.6666799999999995
5058558,2026-05-24,,3.93334
5058793,2026-06-11,4.33335,6.46666
5058939,2026-06-22,4.416675,1.0
5057782,2026-03-26,,
5057844,2026-03-31,5.3333,6.3333
5058001,2026-04-12,5.555533333333334,4.3333
5058067,2026-04-17,5.916650000000001,5.222233333333333
5058129,2026-04-22,5.79998,5.083349999999999
5058294,2026-05-04,5.46666,6.166650000000001
5058454,2026-05-16,5.26666,4.73334
5058685,2026-06-02,6.06668,1.0833249999999999
5058868,2026-06-16,5.933339999999999,6.06668
5058935,2026-06-21,6.0,5.53334
5057817,2026-03-29,,
5057972,2026-04-10,6.333349999999999,4.1667
5058108,2026-04-20,5.916675,4.666650000000001
5058268,2026-05-02,5.73334,6.26666
5058440,2026-05-15,6.0,5.33334
5058506,2026-05-20,6.0,5.19998
5058670,2026-06-01,6.0,
5058036,2026-04-15,4.0,5.5555666666666665
5057887,2026-04-04,4.3333,5.0
5057954,2026-04-09,4.0,5.666650000000001
5058019,2026-04-14,5.333333333333333,5.222233333333333
5058085,2026-04-19,5.25,4.166675
5058254,2026-05-02,5.86666,5.066660000000001
5058477,2026-05-18,5.79998,4.93332
5058557,2026-05-24,5.86664,5.66666
5058713,2026-06-05,6.066660000000001,5.4
5058890,2026-06-18,5.86666,1.0833249999999999
5059036,2026-06-29,5.86666,5.40002
5058715,2026-06-05,,5.66666
5058783,2026-06-10,2.0,6.86666
5058925,2026-06-21,3.555566666666666,6.26666
5057788,2026-03-27,,
5057858,2026-04-01,6.0,5.3333
5058004,2026-04-13,6.666666666666667,5.333333333333333
5058080,2026-04-18,6.916675,5.416675
5058308,2026-05-05,6.600019999999999,6.00002
5868571,2026-05-17,5.866680000000001,
5058630,2026-05-29,5.86668,5.13334
5058689,2026-06-03,5.8,5.533340000000001
5058883,2026-06-17,5.4,5.26666
5059044,2026-06-29,5.46666,4.7777666666666665
7364165,2026-04-30,,5.13334
5058520,2026-05-21,4.0,1.0
5058703,2026-06-04,4.75,5.199980000000001
5058879,2026-06-17,5.33334,5.066660000000001
5057898,2026-04-05,4.3333,4.0
5058060,2026-04-17,4.777766666666667,5.333333333333333
5058132,2026-04-22,5.583325,6.66666
5058272,2026-05-03,6.13334,2.66665
5058423,2026-05-14,6.13334,5.26666
5058585,2026-05-26,5.26666,5.249975
5058824,2026-06-13,5.19998,5.2
5059039,2026-06-29,5.46666,3.99998
5058978,2026-06-24,,5.4
5058498,2026-05-19,5.3333,4.73334
5058659,2026-05-31,5.5,6.66666
5058307,2026-05-05,,5.416675
5058813,2026-06-12,4.0,5.066660000000001
5058948,2026-06-22,4.0,5.73334
5059030,2026-06-28,4.166675,4.2
5057822,2026-03-30,,
5057974,2026-04-11,4.833349999999999,5.333349999999999
5058056,2026-04-17,4.8889,5.0
5058318,2026-05-06,5.5,5.46666
5058541,2026-05-23,6.3333200000000005,5.533320000000001
5058701,2026-06-04,6.533320000000001,4.2222333333333335
5058846,2026-06-15,6.4,3.0
5058936,2026-06-21,6.2,4.73334
5059068,2026-07-01,6.33334,5.53334
5057867,2026-04-03,6.0,6.0
5058016,2026-04-14,5.666666666666667,3.555566666666667
5058298,2026-05-05,5.66666,
5058475,2026-05-18,5.2,5.066660000000001
5058712,2026-06-05,5.466679999999999,5.933339999999999
5058785,2026-06-10,5.86668,
5058938,2026-06-22,5.73334,5.6
5059004,2026-06-27,5.73334,4.66666
5057876,2026-04-03,4.6667,6.0
5057947,2026-04-08,5.6667,5.5
5058107,2026-04-20,5.666675,5.166650000000001
5058267,2026-05-02,5.8,6.066660000000001
5058497,2026-05-19,5.33334,5.19998
5058567,2026-05-24,5.26668,4.6
5058792,2026-06-10,6.06668,5.66666
5059018,2026-06-27,6.2,4.5
5057805,2026-03-28,,
5058096,2026-04-19,6.25,5.25
5058253,2026-05-01,5.8,4.6
5058317,2026-05-06,5.6,5.25
5058483,2026-05-18,5.6,5.0
5058645,2026-05-30,5.73334,6.86668
5058888,2026-06-18,5.8,6.1333400000000005
5059059,2026-06-30,5.86666,4.73334
5057894,2026-04-04,4.0,6.0
5058120,2026-04-21,5.833349999999999,4.833349999999999
5058280,2026-05-03,6.20002,6.066660000000001
5058439,2026-05-15,5.73334,
5058515,2026-05-20,5.6,5.26666
5057776,2026-03-26,,
5057849,2026-04-01,6.0,0.6667
5057992,2026-04-12,5.666666666666667,6.666666666666667
5058148,2026-04-24,4.933339999999999,6.0
5058233,2026-04-30,4.53334,4.6666799999999995
5058370,2026-05-10,4.6666799999999995,3.0
5058676,2026-06-02,5.6,5.26666
5058835,2026-06-14,5.66666,5.33332
5057941,2026-04-08,4.0,4.333349999999999
5058038,2026-04-15,4.5,
5058344,2026-05-08,5.26666,5.8
5058434,2026-05-15,5.3333200000000005,5.933339999999999
5058588,2026-05-26,5.066660000000001,4.86666
5058654,2026-05-31,5.26666,5.60002
5058825,2026-06-13,5.133319999999999,6.733320000000001
5058958,2026-06-23,5.066660000000001,5.600019999999999
5057895,2026-04-05,6.0,4.3333
5058044,2026-04-16,5.666666666666667,5.1111
5058204,2026-04-28,5.933339999999999,4.8
5058271,2026-05-03,5.6,5.8
5058427,2026-05-15,6.33334,4.933339999999999
5058584,2026-05-26,6.53334,
5058648,2026-05-31,6.933339999999999,6.333333333333333
5058801,2026-06-12,6.2,6.33334
5058971,2026-06-24,5.66666,6.0
5057927,2026-04-07,5.5,5.5
5058084,2026-04-19,4.75,6.0
5057787,2026-03-27,,
5057855,2026-04-01,5.6667,6.0
5058091,2026-04-19,5.5,5.25
5058172,2026-04-25,5.33334,5.66666
5058421,2026-05-14,5.73334,5.066660000000001
5058682,2026-06-02,6.33334,4.6
5058746,2026-06-07,6.13334,6.0
5059057,2026-06-30,5.6,5.8
5058492,2026-05-19,,6.0
5058589,2026-05-26,2.0,6.06668
5058618,2026-05-29,,6.066660000000001
5058784,2026-06-10,4.666650000000001,6.2
5059007,2026-06-27,4.066660000000001,5.3333200000000005
5057874,2026-04-03,6.0,4.6667
5057938,2026-04-08,6.0,5.333349999999999
5058018,2026-04-14,6.0,1.0
5058087,2026-04-19,5.5,4.5555666666666665
5058240,2026-05-01,5.6,5.0
5058403,2026-05-13,5.8,5.13334
5058633,2026-05-30,6.06668,6.0
5058798,2026-06-11,5.20002,6.53334
5058952,2026-06-23,4.8,5.46666
5059019,2026-06-28,4.8,5.4
5058980,2026-06-25,1.6667,5.533320000000001
5058049,2026-04-16,,5.333333333333333
5057882,2026-04-04,4.3333,5.3333
5058257,2026-05-02,4.46666,5.8
5058575,2026-05-25,4.933339999999999,4.333333333333333
5058336,2026-05-08,,5.4
5058404,2026-05-13,5.3333,5.13334
5058651,2026-05-31,5.25,5.19998
5058804,2026-06-12,5.466679999999999,6.13332
5058871,2026-06-17,5.73334,4.8
5058957,2026-06-23,5.53334,4.6
5057838,2026-03-31,,
5058281,2026-05-03,,4.500025
5058347,2026-05-08,5.0,5.73334
5058499,2026-05-19,3.6666666666666665,5.33334
5058576,2026-05-25,4.0,5.66666
5058739,2026-06-06,4.53334,5.4
5057902,2026-04-05,5.0,5.3333
5058208,2026-04-28,6.26666,6.33334
5058373,2026-05-10,6.6,5.46666
5058449,2026-05-16,6.4,5.8
5058612,2026-05-28,6.06668,4.26666
5058788,2026-06-10,5.6666799999999995,6.13334
5059009,2026-06-27,5.2,6.13334
5058366,2026-05-10,,6.0
5058526,2026-05-22,1.0,4.06668
5057810,2026-03-29,,
5058034,2026-04-15,5.4444333333333335,4.8889
5058181,2026-04-26,5.8,5.5
5058821,2026-06-13,3.6666600000000003,6.13334
5058975,2026-06-24,3.6666600000000003,4.6
5057981,2026-04-11,6.0,6.666666666666667
5058125,2026-04-22,5.5,5.166675
5058286,2026-05-04,6.2,4.39998
5058447,2026-05-16,6.2,5.46666
5058621,2026-05-29,5.933339999999999,5.4
5058687,2026-06-03,5.933339999999999,6.333349999999999
5058765,2026-06-09,5.73334,5.933339999999999
5058926,2026-06-21,5.86666,4.222233333333333
5058993,2026-06-26,5.86666,5.066660000000001
5058496,2026-05-19,,
5057824,2026-03-30,,
5057967,2026-04-10,6.5,5.166650000000001
5058037,2026-04-15,5.8889,5.0
5058175,2026-04-25,6.00002,
5058230,2026-04-30,6.20002,5.66666
5058452,2026-05-16,6.266679999999999,5.666675
5058531,2026-05-22,6.53334,1.66665
5058677,2026-06-02,5.8,5.66668
5058742,2026-06-07,5.933339999999999,1.0
5058923,2026-06-21,5.2,4.8
5057926,2026-04-07,2.83335,4.0
5058007,2026-04-13,4.0,4.7778
5058073,2026-04-18,4.5,5.333333333333333
5058232,2026-04-30,5.66666,
5058388,2026-05-12,6.0,5.0
5868560,2026-05-17,6.4,6.166650000000001
5058615,2026-05-28,6.2,5.33332
5058766,2026-06-09,5.6,4.86666
5058831,2026-06-14,5.2,6.26666
5058989,2026-06-26,5.6,5.6
5058092,2026-04-19,5.0,
5058882,2026-06-17,5.416675,3.0
5057819,2026-03-30,,
5057984,2026-04-11,3.16665,6.0
5058231,2026-04-30,4.26666,5.5
5058614,2026-05-28,5.2,4.999980000000001
5057806,2026-03-29,,
5058009,2026-04-13,5.8889,5.333333333333333
5058153,2026-04-24,5.266679999999999,4.4444333333333335
5058393,2026-05-12,5.266679999999999,5.133319999999999
5868559,2026-05-17,4.73334,4.2
5058546,2026-05-23,5.13334,4.53334
5058694,2026-06-03,4.93334,4.93332
5058861,2026-06-16,5.06668,4.6
5057833,2026-03-31,,
5058119,2026-04-21,1.0,5.416675
5058664,2026-06-01,,3.0
5058005,2026-04-13,,5.0000333333333336
5059062,2026-07-01,5.5,4.66666
5057911,2026-04-06,4.5,6.0
5058055,2026-04-17,4.583349999999999,3.6666666666666665
5058126,2026-04-22,4.86668,5.0
5058200,2026-04-28,5.06668,6.0
5058356,2026-05-09,5.13334,4.8666599999999995
5058430,2026-05-15,5.4,5.266679999999999
5058574,2026-05-25,5.933339999999999,1.26668
5058652,2026-05-31,5.53334,5.3333200000000005
5058806,2026-06-12,6.33334,5.0
5059049,2026-06-30,6.46666,5.8
5059024,2026-06-28,,6.13334
5057816,2026-03-29,,
5057959,2026-04-10,5.0,4.5
5058117,2026-04-21,5.5,5.666675
5058256,2026-05-02,5.86666,4.2
5058329,2026-05-07,6.26666,4.86666
5058480,2026-05-18,6.46666,5.13332
5058562,2026-05-24,5.93332,6.066660000000001
5058707,2026-06-04,5.73332,6.066660000000001
5058850,2026-06-15,5.33332,4.33334
5059041,2026-06-29,5.46666,5.33334
5057801,2026-03-28,,
5058020,2026-04-14,5.222233333333333,4.8889
5059069,2026-07-01,3.7333399999999997,5.8
5057871,2026-04-03,3.6667,6.3333
5057939,2026-04-08,4.5,5.0
5058088,2026-04-19,5.166675,5.916675
5058380,2026-05-11,4.93334,2.0
5058448,2026-05-16,4.93334,4.40002
5058581,2026-05-26,5.13334,5.8
5058823,2026-06-13,4.33334,6.06668
5058996,2026-06-26,4.8,5.000019999999999
5059063,2026-07-01,5.6,5.933339999999999
5058624,2026-05-29,,5.6667
5058771,2026-06-09,1.3333,5.13334
5057990,2026-04-12,,5.666650000000001
5057786,2026-03-27,,
5057847,2026-04-01,6.0,5.0
5058003,2026-04-12,5.333333333333333,4.5555666666666665
5058178,2026-04-26,5.8,5.3333200000000005
5058424,2026-05-14,6.6,4.0
5058705,2026-06-04,6.4,1.16665
5058911,2026-06-20,5.86668,5.4
5868570,2026-05-17,,4.933339999999999
5058534,2026-05-22,3.6667,6.2
5058683,2026-06-02,4.7778,5.33334
5058759,2026-06-08,4.500025,5.6
5058844,2026-06-14,4.66668,
5057784,2026-03-27,,
5057851,2026-04-01,6.0,4.3333
5057930,2026-04-07,6.0,6.0
5058163,2026-04-25,5.66666,5.06668
5058382,2026-05-11,5.86668,5.33334
5058528,2026-05-22,5.800019999999999,4.4
5058596,2026-05-27,5.80002,5.46666
5058743,2026-06-07,5.66668,6.33334
5058817,2026-06-13,5.73334,5.73334
5058985,2026-06-25,5.0,5.8
5059051,2026-06-30,5.2,5.6
5057775,2026-03-26,,
5057848,2026-04-01,7.0,4.6667
5058014,2026-04-14,6.333333333333333,
5058164,2026-04-25,5.73334,4.8
5058387,2026-05-12,4.66668,5.4
8158336,2026-05-24,3.80002,
5058620,2026-05-29,3.80002,
5058763,2026-06-09,4.800019999999999,5.933339999999999
5058832,2026-06-14,5.13336,5.2
5058991,2026-06-26,6.06668,4.166675
5057839,2026-03-31,,6.0
5057999,2026-04-12,5.333349999999999,4.3333
5058071,2026-04-18,5.5555666666666665,5.25
5058302,2026-05-05,6.0,4.6
5058523,2026-05-22,5.6,6.0
5058681,2026-06-02,5.13334,5.0
5058754,2026-06-07,5.26666,5.4
5058182,2026-04-26,,5.13334
5058262,2026-05-02,2.3333,5.86668
5058487,2026-05-19,3.5,5.46666
5058662,2026-06-01,3.7333399999999997,
5058898,2026-06-19,4.2,1.5333400000000001
5058969,2026-06-24,4.2,5.46666
5058419,2026-05-14,,
5058493,2026-05-19,7.0,
5058719,2026-06-05,5.833325,6.2
5058945,2026-06-22,6.066660000000001,2.0
5057989,2026-04-12,,5.0
5057872,2026-04-03,4.0,6.0
5057952,2026-04-08,4.0,6.0
5058010,2026-04-13,4.5555666666666665,5.777766666666667
5058090,2026-04-19,4.916675,4.416675
5058238,2026-04-30,5.6,5.8
5058395,2026-05-12,5.86666,5.066660000000001
5868565,2026-05-17,6.46666,
5057807,2026-03-29,,
5057963,2026-04-10,5.5,5.333349999999999
5058201,2026-04-28,5.66666,
5058351,2026-05-09,5.73334,5.33334
5058582,2026-05-26,5.800019999999999,3.8
5058803,2026-06-12,6.53334,4.6666799999999995
5059034,2026-06-29,5.933339999999999,5.46666
5057826,2026-03-30,,
5057982,2026-04-11,5.166650000000001,5.0
5058184,2026-04-26,4.416650000000001,4.666650000000001
5058359,2026-05-09,4.93332,6.13334
5058420,2026-05-14,4.66666,4.666650000000001
5058590,2026-05-26,5.6,5.8
5058679,2026-06-02,5.6,5.8
5058840,2026-06-14,5.199999999999999,7.6
5059013,2026-06-27,5.26666,4.53334
5058295,2026-05-04,,5.53334
5058537,2026-05-22,6.333333333333333,6.2
5058600,2026-05-27,5.666675,5.46666
5058828,2026-06-13,5.33334,5.46666
5059003,2026-06-26,4.6,4.33334
5057933,2026-04-07,5.166650000000001,6.5
5058070,2026-04-18,5.416650000000001,5.0
5058217,2026-04-29,5.93332,6.6666799999999995
5058688,2026-06-03,5.66666,4.86668
5058841,2026-06-14,4.8,5.4
5058999,2026-06-26,4.933339999999999,5.13334
5057923,2026-04-07,6.0,5.0
5058077,2026-04-18,5.666675,5.0
5058215,2026-04-29,6.13334,5.13334
5058371,2026-05-10,6.33334,
5868561,2026-05-17,6.53334,4.86666
5058597,2026-05-27,6.73334,1.46668
5058757,2026-06-08,6.46666,5.33334
5059025,2026-06-28,5.46666,5.2
5057783,2026-03-27,,
5057865,2026-04-02,5.3333,5.3333
5057937,2026-04-07,5.3333,5.666650000000001
5058165,2026-04-25,5.66666,5.2
5058349,2026-05-08,5.8,4.73334
5058563,2026-05-24,5.26666,5.066660000000001
5058780,2026-06-10,4.4,5.066660000000001
5058964,2026-06-23,4.6,4.4
5059031,2026-06-28,5.33334,5.80002
5057870,2026-04-03,5.3333,4.0
5057942,2026-04-08,5.666650000000001,6.5
5058170,2026-04-25,5.2,5.93332
5058397,2026-05-12,4.73334,4.6666799999999995
5058625,2026-05-29,4.8,6.5
5058851,2026-06-15,4.6,3.0
5058910,2026-06-20,5.8,5.2
5057901,2026-04-05,5.0,6.0
5058031,2026-04-15,5.222233333333333,4.555533333333334
5058247,2026-05-01,5.0,4.833349999999999
5058410,2026-05-13,4.66666,5.46666
5057883,2026-04-04,5.0,6.0
5058103,2026-04-20,4.75,5.833349999999999
5058242,2026-05-01,4.933339999999999,5.533320000000001
5058327,2026-05-07,5.13334,4.6
5058476,2026-05-18,4.73334,3.9166749999999997
5057893,2026-04-04,6.0,5.6667
5058123,2026-04-21,5.666675,6.416675
5058188,2026-04-26,5.53334,5.0
5058363,2026-05-09,5.8,5.933339999999999
5058573,2026-05-25,5.46666,6.26666
5058815,2026-06-12,5.2,5.222233333333333
5058982,2026-06-25,5.06668,4.26668
5058364,2026-05-09,,3.3333
5057915,2026-04-06,,5.0
5058058,2026-04-17,5.0,6.0
5058131,2026-04-22,4.666666666666667,
5058429,2026-05-15,4.73334,5.6666799999999995
5058509,2026-05-20,4.73334,
5058649,2026-05-31,4.73334,4.53334
5058802,2026-06-12,4.933339999999999,5.5
5058872,2026-06-17,4.533340000000001,3.416675
5058451,2026-05-16,3.0,5.8
5058626,2026-05-29,4.25,5.166650000000001
5058708,2026-06-04,4.4,4.3333
5058852,2026-06-15,5.0,4.6667
5058927,2026-06-21,4.66666,5.2
5057905,2026-04-05,4.0,7.0
5058050,2026-04-16,4.4444333333333335,4.8889000000000005
5058259,2026-05-02,4.733320000000001,5.2
5058422,2026-05-14,5.19998,5.73334
5058658,2026-05-31,4.93332,5.4
5058787,2026-06-10,1.0,5.266679999999999
5868558,2026-05-17,2.0,5.2
5058674,2026-06-02,1.4444333333333332,
5057771,2026-03-25,,
5057906,2026-04-05,5.5,6.0
5058144,2026-04-23,6.0,6.25
5058310,2026-05-05,6.6,4.20002
5058761,2026-06-08,5.86666,1.5833249999999999
5058843,2026-06-14,6.066660000000001,
5059017,2026-06-27,7.066660000000001,5.2
5058035,2026-04-15,,4.666666666666667
5058193,2026-04-27,1.0,4.93332
5058416,2026-05-14,1.0,6.333349999999999
5057920,2026-04-06,3.0,
5058081,2026-04-18,4.1111,5.0
5058142,2026-04-23,4.5,3.6667
5058643,2026-05-30,4.0,5.40002
5058721,2026-06-05,4.6,4.46666
5058797,2026-06-11,4.73334,4.466679999999999
5058947,2026-06-22,4.6,5.166650000000001
5057935,2026-04-07,4.666650000000001,5.333349999999999
5058278,2026-05-03,5.166650000000001,
5058438,2026-05-15,5.133319999999999,5.19998
5058504,2026-05-20,4.86666,5.86668
5058750,2026-06-07,4.60002,3.3333500000000003
5058903,2026-06-19,5.000019999999999,4.73334
5058967,2026-06-24,5.53334,5.133319999999999
5059073,2026-07-01,5.933339999999999,6.066660000000001
5057818,2026-03-30,,
5057900,2026-04-05,6.0,5.0
5057968,2026-04-10,5.5,5.5
5058116,2026-04-21,5.666675,5.5
5058342,2026-05-08,5.933339999999999,5.86668
5057995,2026-04-12,5.0,5.555533333333334
5058152,2026-04-24,4.916675,5.533320000000001
5058299,2026-05-05,5.13334,5.73334
5868557,2026-05-17,5.33334,5.46666
5058637,2026-05-30,5.86666,5.866680000000001
5058778,2026-06-10,5.86666,5.166650000000001
5058937,2026-06-22,6.4,6.13334
5059022,2026-06-28,6.2,5.533320000000001
5058657,2026-05-31,5.0,5.066660000000001
5059058,2026-06-30,4.0,5.2
5057919,2026-04-06,4.6667,5.3333
5058147,2026-04-23,4.916675,4.999975
5058211,2026-04-28,5.06668,6.066660000000001
5058374,2026-05-10,5.6,5.933339999999999
5058609,2026-05-27,5.66666,5.933339999999999
5058749,2026-06-07,5.4,4.53334
5058900,2026-06-19,5.2,4.8
5057878,2026-04-03,5.3333,4.6667
5058027,2026-04-14,6.1111,5.4444333333333335
5058094,2026-04-19,6.166650000000001,4.3333
5058237,2026-04-30,6.066660000000001,5.26666
5058399,2026-05-12,5.133319999999999,5.46666
5868569,2026-05-17,4.86666,5.20002
5058599,2026-05-27,5.13332,5.866680000000001
5058762,2026-06-08,5.2,5.53334
5058842,2026-06-14,5.2,5.266679999999999
5058904,2026-06-19,4.8,5.46668
5059060,2026-06-30,4.33334,6.13334
5057934,2026-04-07,4.333349999999999,6.0
5058157,2026-04-24,5.33334,4.93332
5058218,2026-04-29,5.6,
5058616,2026-05-28,7.0,6.0
5058930,2026-06-21,6.53334,1.0
6096942,2026-04-04,6.3333,
5057957,2026-04-09,5.666650000000001,4.6667
5058104,2026-04-20,6.083325,4.916675
5058191,2026-04-26,6.26666,5.73334
5058328,2026-05-07,6.46666,5.066660000000001
5058478,2026-05-18,5.66666,4.8
5058561,2026-05-24,5.46666,5.4
5058789,2026-06-10,5.46666,5.2
5058902,2026-06-19,5.3333200000000005,5.4
5059070,2026-07-01,5.3333200000000005,4.73334
5057969,2026-04-10,,4.5
5059010,2026-06-27,2.0,5.0
5058066,2026-04-17,5.222233333333333,6.0
5058213,2026-04-28,5.13334,5.73334
5058279,2026-05-03,5.13334,6.06668
5058441,2026-05-15,5.2,5.4
5058580,2026-05-25,5.2,5.13334
5058884,2026-06-17,5.0,5.86666
5058156,2026-04-24,,0.8889
5058185,2026-04-26,1.0,5.3333200000000005
5058839,2026-06-14,1.1111,4.73332
5057880,2026-04-04,4.3333,4.0
5058033,2026-04-15,4.666666666666667,5.888866666666668
5058241,2026-05-01,4.2,5.13334
5058320,2026-05-06,4.13334,4.6
5868563,2026-05-17,3.53334,5.800019999999999
5058611,2026-05-28,4.333340000000001,4.6667
5058744,2026-06-07,4.73334,4.933339999999999
5059023,2026-06-28,4.4,4.833349999999999
5057830,2026-03-30,,
5057971,2026-04-10,3.3333500000000003,5.333349999999999
5058053,2026-04-16,4.2222333333333335,4.333333333333333
5058212,2026-04-28,4.06668,5.933339999999999
5058378,2026-05-10,4.73334,4.93332
5058535,2026-05-22,4.73334,5.066660000000001
5058601,2026-05-27,5.2,7.73334
5058760,2026-06-08,5.46666,5.66666
5059002,2026-06-26,5.26666,5.46666
5057965,2026-04-10,6.333349999999999,
5058133,2026-04-22,5.75,
5058206,2026-04-28,6.0,5.0
5058432,2026-05-15,6.06668,6.33334
5057794,2026-03-28,,
5058029,2026-04-15,4.5555666666666665,6.0
5058177,2026-04-26,5.0,4.99998
5058337,2026-05-08,5.066660000000001,4.99998
5058402,2026-05-13,5.46666,6.13332
5058568,2026-05-25,5.46666,5.33334
5058647,2026-05-31,5.66666,3.0
5058799,2026-06-11,5.66666,6.0
5059020,2026-06-28,6.13334,4.53334
5057845,2026-03-31,,5.0
5057986,2026-04-11,4.0,4.166650000000001
5058251,2026-05-01,4.933339999999999,5.1111
5057828,2026-03-30,,
5058078,2026-04-18,5.1111,5.0
5058158,2026-04-24,5.083325,5.06668
5058313,2026-05-06,4.86666,6.53334
5058413,2026-05-13,4.6,
5057799,2026-03-28,,
5057936,2026-04-07,4.8333,5.5
5058083,2026-04-18,4.499975,4.333333333333333
5057922,2026-04-06,5.3333,5.3333
5058161,2026-04-24,5.416675,7.066660000000001
5058315,2026-05-06,5.000019999999999,
5058543,2026-05-23,5.26668,1.0
5058776,2026-06-09,4.86668,4.6667
5057804,2026-03-28,,
5057973,2026-04-10,6.0,5.0
5058220,2026-04-29,6.6,6.86666
5057983,2026-04-11,5.0,5.5
5058207,2026-04-28,5.333333333333333,5.73334
5058564,2026-05-24,5.33334,5.86666
5058716,2026-06-05,5.266679999999999,5.466679999999999
5058899,2026-06-19,5.2,7.2
5059053,2026-06-30,5.066660000000001,4.199980000000001
5057873,2026-04-03,4.3333,5.0
5057944,2026-04-08,3.66665,4.1667
5058093,2026-04-19,3.916675,4.333333333333333
5058314,2026-05-06,5.13334,5.600019999999999
5868568,2026-05-17,5.46666,5.533320000000001
5058628,2026-05-29,5.0,6.0
5058790,2026-06-10,4.33334,5.73332
5058931,2026-06-21,4.4,4.333325
5058063,2026-04-17,,4.666666666666667
5058305,2026-05-05,5.1111,6.0
5058384,2026-05-11,5.583325,6.40002
5868566,2026-05-17,5.86666,6.6
5058640,2026-05-30,5.86666,4.46666
5058718,2026-06-05,6.0,
5058874,2026-06-17,5.53332,5.0
5059042,2026-06-29,5.66666,6.066660000000001
5057820,2026-03-30,,
5058112,2026-04-21,4.8889,4.833325
5058274,2026-05-03,4.6666799999999995,5.6666799999999995
8128168,2026-05-23,4.20002,5.8
5058617,2026-05-29,4.26668,5.2
5057835,2026-03-31,,
5057978,2026-04-11,5.6667,2.6667
5058223,2026-04-29,5.0,5.266679999999999
5057837,2026-03-31,,
5057916,2026-04-06,6.0,
5057991,2026-04-12,4.0,5.555533333333334
5058150,2026-04-24,4.083325,5.933339999999999
5058786,2026-06-10,3.73332,5.86666
5057928,2026-04-07,4.83335,5.5
5058072,2026-04-18,3.916675,5.333333333333333
5058139,2026-04-23,3.93334,
5058300,2026-05-05,4.2,6.133319999999999
5058445,2026-05-16,4.933339999999999,5.13334
5058518,2026-05-21,5.4,4.66666
5058663,2026-06-01,5.8,5.6
5058820,2026-06-13,5.86666,5.06668
5058984,2026-06-25,4.73334,6.53334
5058291,2026-05-04,,6.33334
5058955,2026-06-23,,5.73332
5059021,2026-06-28,3.6667,4.799999999999999
5057785,2026-03-27,,
5057852,2026-04-01,7.0,1.6667
5057925,2026-04-07,8.0,5.833349999999999
5058076,2026-04-18,7.583325,5.5555666666666665
5058297,2026-05-05,6.26666,4.73334
5058365,2026-05-10,5.466659999999999,4.066660000000001
5058519,2026-05-21,5.66666,4.888866666666666
5058745,2026-06-07,6.13334,4.0
5058953,2026-06-23,6.73334,
5058106,2026-04-20,4.0,6.5
5058249,2026-05-01,4.583325,5.466679999999999
7612500,2026-05-07,4.86666,3.1666499999999997
5058481,2026-05-18,5.2,5.4
5057840,2026-03-31,,
5057997,2026-04-12,5.333349999999999,5.0
5058155,2026-04-24,5.916675,4.4
5058236,2026-04-30,5.73334,5.53334
5059026,2026-06-28,5.066660000000001,1.3333
5057774,2026-03-26,,
5057856,2026-04-01,3.6667,4.3333
5058134,2026-04-22,4.6667,
5058277,2026-05-03,4.500025,4.888866666666667
5059056,2026-06-30,5.00002,5.6667
5057918,2026-04-06,4.666650000000001,6.0
5058062,2026-04-17,5.333325,5.111133333333333
5058210,2026-04-28,5.4,5.53332
5058269,2026-05-03,5.8,5.3333
5058435,2026-05-15,4.66666,5.3333
5058503,2026-05-20,4.66666,5.6666799999999995
5058665,2026-06-01,5.2,6.0
5058726,2026-06-06,6.333340000000001,4.0
5058812,2026-06-12,6.33334,4.86666
5058976,2026-06-24,6.13334,5.933339999999999
5058550,2026-05-23,5.0,5.93332
5058775,2026-06-09,4.166675,5.86666
5058012,2026-04-13,4.4444333333333335,4.8889
5058074,2026-04-18,4.833325,5.0
5058229,2026-04-29,5.26666,6.46666
5058456,2026-05-16,5.8666599999999995,6.166650000000001
5058629,2026-05-29,6.066660000000001,4.333333333333333
5057964,2026-04-10,,5.833349999999999
5058179,2026-04-26,4.8889,4.93332
5058391,2026-05-12,5.2,5.2
5058540,2026-05-23,4.733320000000001,6.6
5058758,2026-06-08,4.86666,7.6
5058834,2026-06-14,4.6,5.4
5058992,2026-06-26,4.06668,6.33334
5058486,2026-05-19,1.3333,5.33334
5057802,2026-03-28,,
5057879,2026-04-03,4.0,5.0
5057945,2026-04-08,4.5,5.666650000000001
5058138,2026-04-22,4.666675,6.0
5058375,2026-05-10,5.4,5.066660000000001
5058594,2026-05-26,5.2,6.46666
5058979,2026-06-24,5.2,6.066660000000001
5058326,2026-05-07,,4.6666799999999995
5057910,2026-04-06,4.6667,4.6667
5058167,2026-04-25,4.5,5.2
5058246,2026-05-01,4.6,5.6
5058311,2026-05-06,4.86666,4.933339999999999
5058473,2026-05-18,5.2,4.26668
5058650,2026-05-31,5.4,5.26666
5058950,2026-06-23,4.6,3.8666799999999997
5057921,2026-04-06,6.0,6.0
5058065,2026-04-17,6.75,
5058128,2026-04-22,6.53334,4.2222
5058293,2026-05-04,6.13334,6.4
5058455,2026-05-16,5.466679999999999,7.13334
5058521,2026-05-21,5.4,6.0
5058668,2026-06-01,5.73334,4.33334
5058830,2026-06-13,5.53334,4.2
5058968,2026-06-24,5.13334,4.86668
5057832,2026-03-30,,
5057891,2026-04-04,5.0,6.0
5058068,2026-04-17,5.222233333333333,
5058143,2026-04-23,5.666675,6.25
5058325,2026-05-06,5.13334,5.66666
5058536,2026-05-22,5.26666,5.26666
5058684,2026-06-02,6.066660000000001,4.99998
5058751,2026-06-07,6.0,6.0
5058905,2026-06-19,6.4,4.93332
5057823,2026-03-30,,
5058390,2026-05-12,1.0,5.777766666666667
5058544,2026-05-23,1.0,6.066660000000001
5057808,2026-03-29,,
5057961,2026-04-10,6.333349999999999,5.0
5058032,2026-04-15,5.777799999999999,5.333333333333333
5058203,2026-04-28,5.466679999999999,5.13334
5058335,2026-05-08,5.6,7.0
5058488,2026-05-19,5.4,6.13334
5058711,2026-06-05,5.26666,5.46666
5058856,2026-06-16,5.8,4.5555666666666665
5057778,2026-03-26,,
5057859,2026-04-01,3.0,
5058000,2026-04-12,4.333333333333333,1.0
5058383,2026-05-11,,5.4
5057834,2026-03-31,,
5057912,2026-04-06,4.3333,4.6667
5058061,2026-04-17,5.555533333333334,
5058124,2026-04-22,5.499975,4.75
5058285,2026-05-04,5.73332,5.26666
5058354,2026-05-09,5.3333200000000005,
5058507,2026-05-20,5.6,6.6
5057809,2026-03-29,,
5057977,2026-04-11,3.66665,4.777766666666667
5058219,2026-04-29,4.416650000000001,4.4
5058595,2026-05-26,4.19998,4.53334
5058855,2026-06-15,5.0,6.0
5057897,2026-04-05,6.666650000000001,
5058047,2026-04-16,7.0,
5058270,2026-05-03,6.8,
5057790,2026-03-27,,
5057987,2026-04-11,4.5,5.5
5058160,2026-04-24,5.0,5.666675
5058348,2026-05-08,5.53334,6.0
5058426,2026-05-14,5.33334,5.4
5058579,2026-05-25,5.13334,
5058752,2026-06-07,5.4,5.866680000000001
5058934,2026-06-21,4.533320000000001,6.53334
5058013,2026-04-13,5.0,4.888866666666667
5058190,2026-04-26,6.666666666666667,5.8
5058376,2026-05-10,6.4,6.26668
5058631,2026-05-29,6.33334,6.533320000000001
5058870,2026-06-16,5.73334,6.066660000000001
5058433,2026-05-15,4.66665,5.8
5058731,2026-06-06,5.53332,6.6
5058101,2026-04-20,,5.75
5058966,2026-06-24,,5.86666
5057797,2026-03-28,,
5057949,2026-04-08,5.5,4.5
5058089,2026-04-19,5.0,5.416650000000001
5058245,2026-05-01,4.86666,5.0
5058319,2026-05-06,5.066660000000001,4.8889
5058530,2026-05-22,5.26666,2.0
5058965,2026-06-24,5.26666,5.8
5058195,2026-04-27,4.6667,5.80002
5058360,2026-05-09,4.60002,4.93332
5058425,2026-05-14,4.66668,5.6666799999999995
5058569,2026-05-25,5.066660000000001,6.5
5058632,2026-05-30,5.46666,5.33334
5058809,2026-06-12,5.26666,5.86666
5058944,2026-06-22,4.8,6.066660000000001
5059028,2026-06-28,4.8,4.266679999999999
5057815,2026-03-29,,
5057970,2026-04-10,3.6666499999999997,4.666650000000001
5058030,2026-04-15,4.4444333333333335,5.2222
5058276,2026-05-03,5.33332,6.5
5058437,2026-05-15,5.86666,6.066660000000001
5058517,2026-05-21,5.86666,6.53334
5058680,2026-06-02,6.066660000000001,7.2
5058849,2026-06-15,6.0,
5057868,2026-04-03,4.3333,7.0
5057950,2026-04-08,5.0,4.16665
5058008,2026-04-13,4.8889,4.888866666666667
5058069,2026-04-18,4.58335,5.333333333333333
5058243,2026-05-01,5.40002,6.6667
5058322,2026-05-06,5.53334,6.2
5058491,2026-05-19,5.8,6.33334
5058908,2026-06-20,5.066660000000001,5.66666
5059064,2026-07-01,5.1333400000000005,6.4
5058494,2026-05-19,4.0,5.86666
5058728,2026-06-06,5.2,4.86666
5058894,2026-06-19,5.66666,5.933339999999999
5058508,2026-05-20,,5.533340000000001
5058303,2026-05-05,,6.266679999999999
5058547,2026-05-23,5.666666666666667,5.86668
5058772,2026-06-09,6.4,7.0
5058838,2026-06-14,6.46666,5.66666
5058928,2026-06-21,6.66666,6.6
5058146,2026-04-23,,5.46666
5058407,2026-05-13,3.6666666666666665,5.26666
5058639,2026-05-30,4.800019999999999,3.6667
5058795,2026-06-11,5.000019999999999,4.3333
5059008,2026-06-27,5.00002,1.5
5058549,2026-05-23,4.0,5.53334
5058695,2026-06-03,4.166650000000001,5.66666
5058862,2026-06-16,4.583325,5.533320000000001
5059040,2026-06-29,5.2,5.13334
5057896,2026-04-05,5.0,4.0
5058113,2026-04-21,5.166650000000001,5.166675
5058258,2026-05-02,5.733320000000001,4.733320000000001
5058490,2026-05-19,6.06666,5.73334
5058634,2026-05-30,5.66666,5.66668
5058857,2026-06-16,5.4,6.13334
5058940,2026-06-22,5.6,2.0
5059016,2026-06-27,,6.93332
5057831,2026-03-30,,
5058002,2026-04-12,4.5,4.833349999999999
5058176,2026-04-25,4.416675,5.833349999999999
5058385,2026-05-11,4.933339999999999,7.0
5058646,2026-05-30,5.6,5.46666
5058724,2026-06-05,5.66666,5.60002
5058906,2026-06-19,5.733320000000001,4.833349999999999
5058962,2026-06-23,4.16665,6.33334
5057904,2026-04-05,4.6667,4.6667
5058064,2026-04-17,5.5555666666666665,6.0
5058136,2026-04-22,5.166675,4.416675
5058292,2026-05-04,5.4,
5058444,2026-05-16,5.066660000000001,6.0
5058773,2026-06-09,5.266679999999999,5.3333200000000005
5058917,2026-06-20,5.266679999999999,5.4
5057932,2026-04-07,2.3333500000000003,6.5
5057800,2026-03-28,,
5058039,2026-04-15,4.666650000000001,4.888866666666667
5058209,2026-04-28,5.333333333333333,4.8333
5058598,2026-05-27,4.86666,5.86666
5058372,2026-05-10,4.0,
5058532,2026-05-22,4.5,6.73334
5058149,2026-04-24,5.0,4.666675
7345140,2026-04-30,5.333349999999999,5.066660000000001
5058381,2026-05-11,5.166675,6.13332
5058555,2026-05-24,4.933339999999999,5.0
5058635,2026-05-30,5.13334,5.33334
5058782,2026-06-10,5.73334,5.2
5059011,2026-06-27,6.2,5.86666
5058619,2026-05-29,,5.0
5058737,2026-06-06,5.0,6.6
5057860,2026-04-01,,5.3333
5057996,2026-04-12,5.333349999999999,1.0
5058154,2026-04-24,5.0,4.79998
5058379,2026-05-10,5.3333200000000005,
5058533,2026-05-22,5.13332,5.53334
5058608,2026-05-27,5.533320000000001,6.0
5058826,2026-06-13,6.0,5.73334
5058892,2026-06-18,5.666659999999999,4.733320000000001
5059055,2026-06-30,5.46666,4.8
5058548,2026-05-23,5.6667,5.3333200000000005
5058586,2026-05-26,1.16665,5.66666
5058729,2026-06-06,1.1111,6.26666
5059067,2026-07-01,1.1333199999999999,5.06668
5057792,2026-03-28,,
5058025,2026-04-14,,4.333333333333333
5058972,2026-06-24,,5.0
5057889,2026-04-04,,5.0
5057955,2026-04-09,4.0,4.166650000000001
5058021,2026-04-14,5.0,5.4444333333333335
5058431,2026-05-15,,5.533320000000001
5058756,2026-06-08,2.0,6.13332
5058913,2026-06-20,3.0,5.6
6041984,2026-04-03,,5.3333
5057881,2026-04-04,1.0,
5057917,2026-04-06,1.0,
5057773,2026-03-26,,
5057854,2026-04-01,5.0,5.0
5058023,2026-04-14,5.4444333333333335,5.777766666666667
5058173,2026-04-25,5.3333200000000005,5.8
5058343,2026-05-08,5.39998,6.533320000000001
5058411,2026-05-13,5.53332,5.8
5058570,2026-05-25,6.066660000000001,4.933339999999999
5058810,2026-06-12,6.8,
5058997,2026-06-26,7.2,5.533320000000001
5058791,2026-06-10,4.0,4.66666
5058869,2026-06-16,4.0,4.866680000000001
5058933,2026-06-21,4.333333333333333,6.6
5057821,2026-03-30,,
5057960,2026-04-10,5.5,4.833349999999999
5058045,2026-04-16,5.4444333333333335,5.5555666666666665
5058202,2026-04-28,5.6,5.2222
5058352,2026-05-09,6.0,5.75
5058417,2026-05-14,6.13334,6.26666
5058693,2026-06-03,6.066660000000001,6.2
5058848,2026-06-15,5.733320000000001,1.66665
5057929,2026-04-07,5.8333,5.0
5058059,2026-04-17,5.416650000000001,7.0
5058287,2026-05-04,6.0,5.73334
5058510,2026-05-20,6.466679999999999,4.833325
5058675,2026-06-02,6.06668,4.73334
5058740,2026-06-07,5.8,4.733320000000001
5058896,2026-06-19,5.8,3.6
5059050,2026-06-30,5.6,5.86668
5058767,2026-06-09,6.8889,5.33334
5058907,2026-06-20,6.416675,
5058983,2026-06-25,6.33334,4.73334
5057884,2026-04-04,4.3333,2.6667
5058086,2026-04-19,1.0,5.583325
5058273,2026-05-03,1.08335,2.0
5058833,2026-06-14,1.46668,5.6
5058954,2026-06-23,1.6,6.0
5057886,2026-04-04,,4.3333
5058811,2026-06-12,4.333333333333333,5.13334
5057812,2026-03-29,,
5057956,2026-04-09,5.166650000000001,6.0
5058115,2026-04-21,5.916650000000001,5.166675
5058180,2026-04-26,6.066660000000001,4.333333333333333
5058418,2026-05-14,5.73334,5.86668
5058572,2026-05-25,5.53334,5.0
5058653,2026-05-31,5.2,
5058805,2026-06-12,5.4,5.3333200000000005
9458287,2026-06-24,5.066660000000001,5.466679999999999
6127497,2026-04-05,6.0,5.0
5058051,2026-04-16,5.8889,5.333333333333333
5058109,2026-04-21,6.416675,3.6667
5058192,2026-04-27,6.13334,4.86666
5058339,2026-05-08,6.06668,4.666666666666667
5058401,2026-05-13,5.86668,5.6
5058638,2026-05-30,5.60002,4.73334
5058779,2026-06-10,5.600019999999999,5.0
5059038,2026-06-29,6.00002,1.0
5057913,2026-04-06,4.3333,3.0
5058057,2026-04-17,4.666633333333333,5.5555666666666665
5058225,2026-04-29,4.79998,5.066660000000001
5058446,2026-05-16,5.0,6.6
5058604,2026-05-27,4.6,5.53334
5058818,2026-06-13,4.6,2.8333500000000003
5058981,2026-06-25,5.33334,6.0
5058145,2026-04-23,,5.533320000000001
5058368,2026-05-10,5.8889,6.0
5058529,2026-05-22,6.13334,5.0
5058613,2026-05-28,6.13334,6.6
5058691,2026-06-03,6.13334,5.4
5058858,2026-06-16,6.13334,5.933339999999999
5058994,2026-06-26,5.53334,5.2
5059065,2026-07-01,6.0,4.2
5058686,2026-06-03,,5.933339999999999
5058847,2026-06-15,4.333349999999999,
5057814,2026-03-29,,
5058048,2026-04-16,3.0,4.0
5058228,2026-04-29,5.0,5.6
5058396,2026-05-12,4.66666,1.0
5058560,2026-05-24,4.733320000000001,6.26666
5058881,2026-06-17,4.8,6.26666
5059054,2026-06-30,5.0,4.53334
5057885,2026-04-04,5.3333,6.0
5058114,2026-04-21,4.916650000000001,4.5
5058260,2026-05-02,5.26666,6.0
5058340,2026-05-08,5.26666,5.6667
5058605,2026-05-27,5.8,6.33334
5058673,2026-06-02,5.86666,6.06668
5058845,2026-06-14,5.66666,6.53334
5058987,2026-06-25,5.6,5.8
5059052,2026-06-30,5.53334,4.73334
5058205,2026-04-28,,6.0
5058350,2026-05-09,4.666650000000001,6.33334
5058578,2026-05-25,5.066660000000001,5.6
5058714,2026-06-05,5.53334,5.66668
5058808,2026-06-12,5.86668,6.26666
5058973,2026-06-24,5.933339999999999,5.6
5059037,2026-06-29,5.73334,4.777766666666667
5058666,2026-06-01,2.6667,4.93332
5058827,2026-06-13,4.333333333333333,4.8
5058886,2026-06-18,4.5,5.40002
5059071,2026-07-01,4.93332,5.46666
5058607,2026-05-27,,5.0
5058998,2026-06-26,5.0,
5057813,2026-03-29,,
5058398,2026-05-12,2.8889,5.8
5058655,2026-05-31,4.13334,6.26666
5058733,2026-06-06,4.2,
5058901,2026-06-19,4.466679999999999,6.4
5059072,2026-07-01,4.73334,5.53334
5058052,2026-04-16,,
5058095,2026-04-19,,5.666675
5058250,2026-05-01,4.83335,1.3333
5058316,2026-05-06,4.8889000000000005,5.333325
5058482,2026-05-18,5.13334,5.39998
5058551,2026-05-23,5.13334,6.6
5058699,2026-06-03,5.6,4.66668
5058774,2026-06-09,5.6,4.8
5059001,2026-06-26,5.8,5.8
5058704,2026-06-04,4.777766666666667,5.200019999999999
5058196,2026-04-27,4.0,4.66666
5058255,2026-05-02,4.5,5.2
5058450,2026-05-16,4.75,4.333333333333333
5058678,2026-06-02,4.86666,6.13334
5058747,2026-06-07,5.066660000000001,5.6
5058816,2026-06-13,4.93332,4.86666
5059027,2026-06-28,5.3333200000000005,5.4
5058479,2026-05-18,,3.166675
5058959,2026-06-23,4.0,5.73334
5058301,2026-05-05,4.0,5.33334
5058922,2026-06-21,4.333333333333333,5.533320000000001
5057836,2026-03-31,,
5058098,2026-04-19,4.666650000000001,5.416675
5058331,2026-05-07,4.8,4.46664
5058474,2026-05-18,4.6666799999999995,4.666650000000001
5058554,2026-05-24,5.06668,5.60002
5058730,2026-06-06,4.86666,1.3333
5058873,2026-06-17,5.066660000000001,6.73334
5058244,2026-05-01,,5.2
5058333,2026-05-07,5.0,2.5
5058878,2026-06-17,5.1111,1.0833249999999999
5059005,2026-06-27,5.3333200000000005,5.26666
5058022,2026-04-14,,4.333349999999999
5058168,2026-04-25,4.666650000000001,4.8
5058409,2026-05-13,5.0,6.0
5058593,2026-05-26,,6.0
5058814,2026-06-12,6.1111,
5058893,2026-06-18,5.833325,3.3333
5059045,2026-06-29,6.066660000000001,5.33334
5058341,2026-05-08,,5.93332
5057907,2026-04-05,,6.0
5058932,2026-06-21,,3.83335
5058602,2026-05-27,4.6667,5.066660000000001
5058755,2026-06-08,5.1667,5.8
5058819,2026-06-13,5.0000333333333336,5.0
5059047,2026-06-30,4.73334,4.933339999999999
5058369,2026-05-10,,5.33334
5058227,2026-04-29,7.0,6.06668
5058408,2026-05-13,5.777766666666667,6.26666
5058880,2026-06-17,5.13332,
5059014,2026-06-27,4.222233333333333,4.46666
5058995,2026-06-26,4.3333,6.13334
5058961,2026-06-23,,5.86666
5059043,2026-06-29,5.0,6.933339999999999
