game_pk,date,home_whip_rolling_5,away_whip_rolling_5,home_whip_rolling_10,away_whip_rolling_10
5057771,2026-03-25,0.0,0.0,0.0,0.0
5057772,2026-03-26,0.0,0.0,0.0,0.0
5057773,2026-03-26,0.0,0.0,0.0,0.0
5057774,2026-03-26,0.0,0.0,0.0,0.0
5057775,2026-03-26,0.0,0.0,0.0,0.0
5057776,2026-03-26,0.0,0.0,0.0,0.0
5057777,2026-03-26,0.0,0.0,0.0,0.0
5057778,2026-03-26,0.0,0.0,0.0,0.0
5057779,2026-03-26,0.0,0.0,0.0,0.0
5057780,2026-03-26,0.0,0.0,0.0,0.0
5057781,2026-03-26,0.0,0.0,0.0,0.0
5057782,2026-03-26,0.0,0.0,0.0,0.0
5057783,2026-03-27,0.0,0.0,0.0,0.0
5057784,2026-03-27,0.0,0.0,0.0,0.0
5057785,2026-03-27,0.0,0.0,0.0,0.0
5057786,2026-03-27,0.0,0.0,0.0,0.0
5057787,2026-03-27,0.0,0.0,0.0,0.0
5057788,2026-03-27,0.0,0.0,0.0,0.0
5057789,2026-03-27,0.0,0.0,0.0,0.0
5057790,2026-03-27,0.0,0.0,0.0,0.0
5057791,2026-03-28,0.0,0.0,0.0,0.0
5057792,2026-03-28,0.0,0.0,0.0,0.0
5057793,2026-03-28,0.0,0.0,0.0,0.0
5057794,2026-03-28,0.0,0.0,0.0,0.0
5057795,2026-03-28,0.0,0.0,0.0,0.0
5057796,2026-03-28,0.0,0.0,0.0,0.0
5057797,2026-03-28,0.0,0.0,0.0,0.0
5057798,2026-03-28,0.0,0.0,0.0,0.0
5057799,2026-03-28,0.0,0.0,0.0,0.0
5057800,2026-03-28,0.0,0.0,0.0,0.0
5057801,2026-03-28,0.0,0.0,0.0,0.0
5057802,2026-03-28,0.0,0.0,0.0,0.0
5057803,2026-03-28,0.0,0.0,0.0,0.0
5057804,2026-03-28,0.0,0.0,0.0,0.0
5057805,2026-03-28,0.0,0.0,0.0,0.0
5057806,2026-03-29,0.0,0.0,0.0,0.0
5057807,2026-03-29,0.0,0.0,0.0,0.0
5057808,2026-03-29,0.0,0.0,0.0,0.0
5057809,2026-03-29,0.0,0.0,0.0,0.0
5057810,2026-03-29,0.0,0.0,0.0,0.0
5057811,2026-03-29,0.0,0.0,0.0,0.0
5057812,2026-03-29,0.0,0.0,0.0,0.0
5057813,2026-03-29,0.0,0.0,0.0,0.0
5057814,2026-03-29,0.0,0.0,0.0,0.0
5057815,2026-03-29,0.0,0.0,0.0,0.0
5057816,2026-03-29,0.0,0.0,0.0,0.0
5057817,2026-03-29,0.0,0.0,0.0,0.0
5057818,2026-03-30,0.0,0.0,0.0,0.0
5057819,2026-03-30,0.0,0.0,0.0,0.0
5057820,2026-03-30,0.0,0.0,0.0,0.0
5057821,2026-03-30,0.0,0.0,0.0,0.0
5057822,2026-03-30,0.0,0.0,0.0,0.0
5057823,2026-03-30,0.0,0.0,0.0,0.0
5057824,2026-03-30,0.0,0.0,0.0,0.0
5057825,2026-03-30,0.0,0.0,0.0,0.0
5057826,2026-03-30,0.0,0.0,0.0,0.0
5057827,2026-03-30,0.0,0.0,0.0,0.0
5057828,2026-03-30,0.0,0.0,0.0,0.0
5057829,2026-03-30,0.0,0.0,0.0,0.0
5057830,2026-03-30,0.0,0.0,0.0,0.0
5057831,2026-03-30,0.0,0.0,0.0,0.0
5057832,2026-03-30,0.0,0.0,0.0,0.0
5057833,2026-03-31,0.0,0.0,0.0,0.0
5057834,2026-03-31,0.0,0.0,0.0,0.0
5057835,2026-03-31,0.0,0.0,0.0,0.0
5057836,2026-03-31,0.0,0.0,0.0,0.0
5057837,2026-03-31,0.0,0.0,0.0,0.0
5057838,2026-03-31,0.0,0.0,0.0,0.0
5057839,2026-03-31,0.0,1.0,0.0,1.0
5057840,2026-03-31,0.0,0.0,0.0,0.0
5057841,2026-03-31,0.0,0.0,0.0,0.0
5057842,2026-03-31,1.7142734694752182,0.0,1.7142734694752182,0.0
5057843,2026-03-31,0.0,0.0,0.0,0.0
5057844,2026-03-31,0.9375058594116212,0.47368670361422954,0.9375058594116212,0.47368670361422954
5057845,2026-03-31,0.0,2.0,0.0,2.0
5057846,2026-03-31,0.0,1.2,0.0,1.2
5057847,2026-04-01,1.0,1.2,1.0,1.2
5057848,2026-04-01,1.0,1.7142734694752182,1.0,1.7142734694752182
5057849,2026-04-01,1.3333333333333333,8.999550022498875,1.3333333333333333,8.999550022498875
5057850,2026-04-01,0.5,1.636348760465814,0.5,1.636348760465814
5057851,2026-04-01,0.16666666666666666,1.6153970415157037,0.16666666666666666,1.6153970415157037
5057852,2026-04-01,0.8571428571428571,2.9999400011999757,0.8571428571428571,2.9999400011999757
5057853,2026-04-01,1.8,1.2,1.8,1.2
5057854,2026-04-01,1.0,0.8,1.0,0.8
5057855,2026-04-01,1.9411650519702826,0.8333333333333334,1.9411650519702826,0.8333333333333334
5057856,2026-04-01,1.909073553876783,2.0769390533773335,1.909073553876783,2.0769390533773335
5057857,2026-04-01,1.75,0.5,1.75,0.5
5057858,2026-04-01,0.6666666666666666,0.18750117188232426,0.6666666666666666,0.18750117188232426
5057859,2026-04-01,3.3333333333333335,0.0,3.3333333333333335,0.0
5057860,2026-04-01,0.0,0.5625035156469728,0.0,0.5625035156469728
5057861,2026-04-01,0.8333333333333334,1.6,0.8333333333333334,1.6
5057862,2026-04-02,2.5,1.384626035584889,2.5,1.384626035584889
5057864,2026-04-02,1.0714209184220114,0.8333333333333334,1.0714209184220114,0.8333333333333334
5057865,2026-04-02,0.9375058594116212,1.500009375058594,0.9375058594116212,1.500009375058594
5057866,2026-04-03,1.8,2.100021000210002,1.8,2.100021000210002
5057867,2026-04-03,1.3333333333333333,0.3333333333333333,1.3333333333333333,0.3333333333333333
5057868,2026-04-03,1.6153970415157037,0.8571428571428571,1.6153970415157037,0.8571428571428571
5057869,2026-04-03,1.75,1.0,1.75,1.0
5057870,2026-04-03,0.9375058594116212,1.75,0.9375058594116212,1.75
5057871,2026-04-03,1.909073553876783,0.7894778393570492,1.909073553876783,0.7894778393570492
5057872,2026-04-03,1.25,0.5,1.25,0.5
5057873,2026-04-03,1.6153970415157037,1.4,1.6153970415157037,1.4
5057874,2026-04-03,0.5,1.0714209184220114,0.5,1.0714209184220114
5057876,2026-04-03,1.2857051021064136,0.8333333333333334,1.2857051021064136,0.8333333333333334
5057877,2026-04-03,1.2,1.4,1.2,1.4
5057878,2026-04-03,1.500009375058594,1.7142734694752182,1.500009375058594,1.7142734694752182
5057879,2026-04-03,1.5,1.2,1.5,1.2
5057880,2026-04-04,1.8461680474465187,2.75,1.8461680474465187,2.75
5057881,2026-04-04,0.0,0.0,0.0,0.0
5057882,2026-04-04,1.384626035584889,1.3125082031762698,1.384626035584889,1.3125082031762698
5057883,2026-04-04,0.8,0.8333333333333334,0.8,0.8333333333333334
5057884,2026-04-04,1.6153970415157037,2.6249671879101513,1.6153970415157037,2.6249671879101513
5057885,2026-04-04,1.3125082031762698,0.8333333333333334,1.3125082031762698,0.8333333333333334
5057886,2026-04-04,0.0,1.384626035584889,0.0,1.384626035584889
5057887,2026-04-04,1.384626035584889,1.4,1.384626035584889,1.4
5057888,2026-04-04,0.0,1.0,0.0,1.0
5057889,2026-04-04,0.0,1.4,0.0,1.4
5057891,2026-04-04,1.0,1.0,1.0,1.0
5057892,2026-04-04,0.0,1.1666666666666667,0.0,1.1666666666666667
5057893,2026-04-04,0.6666666666666666,1.2352868512538162,0.6666666666666666,1.2352868512538162
5057894,2026-04-04,2.25,0.16666666666666666,2.25,0.16666666666666666
5057895,2026-04-05,1.3333333333333333,2.3077100593081483,1.3333333333333333,2.3077100593081483
5057896,2026-04-05,1.0,1.5,1.0,1.5
5057897,2026-04-05,0.5250013125032812,0.0,0.5250013125032812,0.0
5057898,2026-04-05,1.8461680474465187,1.75,1.8461680474465187,1.75
5057899,2026-04-05,2.0769390533773335,0.3333333333333333,2.0769390533773335,0.3333333333333333
5057900,2026-04-05,0.8333333333333334,1.0,0.8333333333333334,1.0
5057901,2026-04-05,1.2,1.0,1.2,1.0
5057902,2026-04-05,1.4,0.750004687529297,1.4,0.750004687529297
5057903,2026-04-05,1.0,0.8,1.0,0.8
5057904,2026-04-05,0.8571367347376091,2.7856943878972293,0.8571367347376091,2.7856943878972293
5057905,2026-04-05,2.5,0.7142857142857143,2.5,0.7142857142857143
5057906,2026-04-05,1.5454545454545454,1.1666666666666667,1.5454545454545454,1.1666666666666667
5057907,2026-04-05,0.0,0.6666666666666666,0.0,0.6666666666666666
5057908,2026-04-05,1.1666666666666667,0.0,1.1666666666666667,0.0
5057909,2026-04-05,0.0,2.0,0.0,2.0
5057910,2026-04-06,1.0714209184220114,1.2857051021064136,1.0714209184220114,1.2857051021064136
5057911,2026-04-06,1.3333333333333333,0.6666666666666666,1.3333333333333333,0.6666666666666666
5057912,2026-04-06,1.384626035584889,1.7142734694752182,1.384626035584889,1.7142734694752182
5057913,2026-04-06,1.384626035584889,3.0,1.384626035584889,3.0
5057914,2026-04-06,2.357126020528425,0.8,2.357126020528425,0.8
5057915,2026-04-06,0.0,1.2,0.0,1.2
5057916,2026-04-06,0.8333333333333334,0.0,0.8333333333333334,0.0
5057917,2026-04-06,0.0,0.0,0.0,0.0
5057918,2026-04-06,1.2857188775674198,1.0,1.2857188775674198,1.0
5057919,2026-04-06,1.2857051021064136,1.4062587891174319,1.2857051021064136,1.4062587891174319
5057920,2026-04-06,0.6666666666666666,0.0,0.6666666666666666,0.0
5057921,2026-04-06,0.8333333333333334,0.5833333333333334,0.8333333333333334,0.5833333333333334
5057922,2026-04-06,1.500009375058594,0.9375058594116212,1.500009375058594,0.9375058594116212
5057923,2026-04-07,1.0833333333333333,1.0,1.0833333333333333,1.0
5057924,2026-04-07,0.0,0.0,0.0,0.0
5057925,2026-04-07,0.5625,1.37142465307242,0.5625,1.37142465307242
5057926,2026-04-07,1.9411650519702826,1.625,1.9411650519702826,1.625
5057927,2026-04-07,1.0,1.0,1.0,1.0
5057928,2026-04-07,1.344822948886383,1.1818181818181819,1.344822948886383,1.1818181818181819
5057929,2026-04-07,0.25714432653900876,1.0,0.25714432653900876,1.0
5057930,2026-04-07,0.25,0.8333333333333334,0.25,0.8333333333333334
5057931,2026-04-07,1.064519562966332,1.1,1.064519562966332,1.1
5057932,2026-04-07,3.2142627552660334,1.0769230769230769,3.2142627552660334,1.0769230769230769
5057933,2026-04-07,1.161294068690544,0.6923076923076923,1.161294068690544,0.6923076923076923
5057934,2026-04-07,2.1922992603874603,1.0,2.1922992603874603,1.0
5057935,2026-04-07,1.3928621173647047,1.7812444336111453,1.3928621173647047,1.7812444336111453
5057936,2026-04-07,1.9655307967641156,0.9090909090909091,1.9655307967641156,0.9090909090909091
5057937,2026-04-07,1.0312564453527835,0.970591089973794,1.0312564453527835,0.970591089973794
5057938,2026-04-08,1.0833333333333333,1.2187461914181519,1.0833333333333333,1.2187461914181519
5057939,2026-04-08,1.4444444444444444,1.5,1.4444444444444444,1.5
5057940,2026-04-08,1.1,0.0,1.1,0.0
5057941,2026-04-08,2.0,1.6153784023907602,2.0,1.6153784023907602
5057942,2026-04-08,0.970591089973794,0.5384615384615384,0.970591089973794,0.5384615384615384
5057943,2026-04-08,1.3448368609438686,0.6666666666666666,1.3448368609438686,0.6666666666666666
5057944,2026-04-08,2.8636493802244556,2.279981760145919,2.8636493802244556,2.279981760145919
5057945,2026-04-08,1.7777777777777777,1.1470621972417565,1.7777777777777777,1.1470621972417565
5057946,2026-04-08,2.2500080357429844,0.8437473632894898,2.2500080357429844,0.8437473632894898
5057947,2026-04-08,1.147052076164258,1.0,1.147052076164258,1.0
5057948,2026-04-08,0.8823555363398127,0.0,0.8823555363398127,0.0
5057949,2026-04-08,1.2727272727272727,1.5555555555555556,1.2727272727272727,1.5555555555555556
5057950,2026-04-08,1.1,1.8000072000288003,1.1,1.8000072000288003
5057951,2026-04-08,1.9655307967641156,1.1785630102642124,1.9655307967641156,1.1785630102642124
5057952,2026-04-08,1.375,1.0833333333333333,1.375,1.0833333333333333
5057953,2026-04-09,1.3448229488863834,0.9090909090909091,1.3448229488863834,0.9090909090909091
5057954,2026-04-09,1.875,0.970591089973794,1.875,0.970591089973794
5057955,2026-04-09,2.25,1.8000072000287999,2.25,1.8000072000287999
5057956,2026-04-09,0.870970551517908,0.9166666666666666,0.870970551517908,0.9166666666666666
5057957,2026-04-09,0.970591089973794,1.499989285790816,0.970591089973794,1.499989285790816
5057958,2026-04-09,1.0,0.0,1.0,0.0
5057959,2026-04-10,1.2,1.5555555555555556,1.2,1.5555555555555556
5057960,2026-04-10,0.9090909090909091,1.551718787176596,0.9090909090909091,1.551718787176596
5057961,2026-04-10,0.9473659279844001,1.2,0.9473659279844001,1.2
5057962,2026-04-10,0.9230840237232594,2.0,0.9230840237232594,2.0
5057963,2026-04-10,1.1818181818181819,1.1249964843859863,1.1818181818181819,1.1249964843859863
5057964,2026-04-10,0.0,1.1142825306213413,0.0,1.1142825306213413
5057965,2026-04-10,0.9473659279844001,0.0,0.9473659279844001,0.0
5057966,2026-04-10,1.0,0.0,1.0,0.0
5057967,2026-04-10,0.8461538461538461,1.064519562966332,0.8461538461538461,1.064519562966332
5057968,2026-04-10,1.0909090909090908,1.1818181818181819,1.0909090909090908,1.1818181818181819
5057969,2026-04-10,0.0,1.5555555555555556,0.0,1.5555555555555556
5057970,2026-04-10,2.7272851240232914,1.5000053571619896,2.7272851240232914,1.5000053571619896
5057971,2026-04-10,1.9499902500487496,0.8437473632894898,1.9499902500487496,0.8437473632894898
5057972,2026-04-10,0.5526301246575668,1.5599875200998394,0.5526301246575668,1.5599875200998394
5057973,2026-04-10,0.9166666666666666,1.4,0.9166666666666666,1.4
5057974,2026-04-11,2.275854221192341,1.406245605482483,2.275854221192341,1.406245605482483
5057975,2026-04-11,1.548392091587392,1.200006857182041,1.548392091587392,1.200006857182041
5057976,2026-04-11,0.68571232653621,1.0,0.68571232653621,1.0
5057977,2026-04-11,1.3636425620116455,1.25581687399273,1.3636425620116455,1.25581687399273
5057978,2026-04-11,1.0588173010746997,2.9999625004687442,1.0588173010746997,2.9999625004687442
5057979,2026-04-11,1.1999965714383674,2.16000864003456,1.1999965714383674,2.16000864003456
5057980,2026-04-11,0.7692307692307693,1.4,0.7692307692307693,1.4
5057981,2026-04-11,0.6666666666666666,0.75,0.6666666666666666,0.75
5057982,2026-04-11,0.96774505724212,1.3,0.96774505724212,1.3
5057983,2026-04-11,1.2,0.9090909090909091,1.2,0.9090909090909091
5057984,2026-04-11,2.842120221685377,1.3888888888888888,2.842120221685377,1.3888888888888888
5057985,2026-04-11,1.8,1.9200076800307198,1.8,1.9200076800307198
5057986,2026-04-11,2.0,1.32000528002112,2.0,1.32000528002112
5057987,2026-04-11,1.8888888888888888,1.0,1.8888888888888888,1.0
5057988,2026-04-11,1.1379271105961704,1.1818181818181819,1.1379271105961704,1.1818181818181819
5057989,2026-04-12,0.0,1.3333333333333333,0.0,1.3333333333333333
5057990,2026-04-12,0.0,1.676475519045644,0.0,1.676475519045644
5057991,2026-04-12,1.0,1.08000432001728,1.0,1.08000432001728
5057992,2026-04-12,1.411764705882353,0.65,1.411764705882353,0.65
5057993,2026-04-12,1.1333333333333333,1.1,1.1333333333333333,1.1
5057994,2026-04-12,1.075469668925153,0.5753432538948683,1.075469668925153,0.5753432538948683
5057995,2026-04-12,0.7,0.48000192000767994,0.7,0.48000192000767994
5057996,2026-04-12,1.1249964843859863,0.3333333333333333,1.1249964843859863,0.3333333333333333
5057997,2026-04-12,1.2187461914181519,1.4,1.2187461914181519,1.4
5057998,2026-04-12,1.3,2.5,1.3,2.5
5057999,2026-04-12,1.2187461914181519,1.7307825444811114,1.2187461914181519,1.7307825444811114
5058000,2026-04-12,1.3846153846153846,0.0,1.3846153846153846,0.0
5058001,2026-04-12,1.26000504002016,1.1538550296540742,1.26000504002016,1.1538550296540742
5058002,2026-04-12,1.5555555555555556,0.8275833531608513,1.5555555555555556,0.8275833531608513
5058003,2026-04-12,0.875,1.3170699583659553,0.875,1.3170699583659553
5058004,2026-04-13,0.9,1.75,0.9,1.75
5058005,2026-04-13,0.0,1.0666595556029628,0.0,1.0666595556029628
5058006,2026-04-13,1.3469415243704579,0.5294086505373499,1.3469415243704579,0.5294086505373499
5058007,2026-04-13,1.25,1.4651094646071412,1.25,1.4651094646071412
5058008,2026-04-13,1.2954516012463608,1.772735330615139,1.2954516012463608,1.772735330615139
5058009,2026-04-13,1.075469668925153,1.375,1.075469668925153,1.375
5058010,2026-04-13,1.2438994051234022,1.038463535506799,1.2438994051234022,1.038463535506799
5058011,2026-04-13,1.5,1.075469668925153,1.5,1.075469668925153
5058012,2026-04-13,1.8000045000112501,1.8409049070343024,1.8000045000112501,1.8409049070343024
5058013,2026-04-13,1.2,1.8409174587157213,1.2,1.8409174587157213
5058014,2026-04-14,1.0526315789473684,0.0,1.0526315789473684,0.0
5058015,2026-04-14,1.0961559541460655,0.0,1.0961559541460655,0.0
5058016,2026-04-14,1.4705882352941178,1.6874947265789793,1.4705882352941178,1.6874947265789793
5058017,2026-04-14,2.0571369796086296,0.9807711168675324,2.0571369796086296,0.9807711168675324
5058018,2026-04-14,0.9444444444444444,0.0,0.9444444444444444,0.0
5058019,2026-04-14,1.375,1.2765930285254714,1.375,1.2765930285254714
5058020,2026-04-14,0.9574447713941034,1.3636332644698537,0.9574447713941034,1.3636332644698537
5058021,2026-04-14,1.6,0.9795938359057875,1.6,0.9795938359057875
5058022,2026-04-14,0.0,1.1538417159934002,0.0,1.1538417159934002
5058023,2026-04-14,1.0408184506498992,0.5769241863926661,1.0408184506498992,0.5769241863926661
5058024,2026-04-14,0.77999844000312,1.227269938022868,0.77999844000312,1.227269938022868
5058025,2026-04-14,0.0,2.3076923076923075,0.0,2.3076923076923075
5058026,2026-04-14,1.1999976000048,0.7777777777777778,1.1999976000048,0.7777777777777778
5058027,2026-04-14,0.76363775206864,0.8571446064175641,0.76363775206864,0.8571446064175641
5058028,2026-04-14,0.8888888888888888,0.8400033600134399,0.8888888888888888,0.8400033600134399
5058029,2026-04-15,1.6829227245787206,1.0,1.6829227245787206,1.0
5058030,2026-04-15,1.8000045000112501,1.212771118174971,1.8000045000112501,1.212771118174971
5058031,2026-04-15,1.2765930285254714,1.5365928614285922,1.2765930285254714,1.5365928614285922
5058032,2026-04-15,1.1538417159934002,0.8125,1.1538417159934002,0.8125
5058033,2026-04-15,1.6428571428571428,1.0754757565122885,1.6428571428571428,1.0754757565122885
5058034,2026-04-15,1.2244922948822343,1.5681782541403317,1.2244922948822343,1.5681782541403317
5058035,2026-04-15,0.0,1.5,0.0,1.5
5058036,2026-04-15,1.5,1.2599974800050402,1.5,1.2599974800050402
5058037,2026-04-15,1.0188660021396188,1.6,1.0188660021396188,1.6
5058038,2026-04-15,1.3333333333333333,0.0,1.3333333333333333,0.0
5058039,2026-04-15,1.3928621173647047,1.4318246901122278,1.3928621173647047,1.4318246901122278
5058040,2026-04-15,0.0,1.8461680474465187,0.0,1.8461680474465187
5058041,2026-04-15,1.075469668925153,0.7358476682119468,1.075469668925153,0.7358476682119468
5058042,2026-04-15,0.5,1.4,0.5,1.4
5058043,2026-04-15,0.75,1.1111111111111112,0.75,1.1111111111111112
5058044,2026-04-16,1.0,1.1086980623870921,1.0,1.1086980623870921
5058045,2026-04-16,1.285716909626346,1.1399977200045601,1.285716909626346,1.1399977200045601
5058046,2026-04-16,0.677421540069484,0.8333333333333334,0.677421540069484,0.8333333333333334
5058047,2026-04-16,0.75,0.0,0.75,0.0
5058048,2026-04-16,3.3333333333333335,1.75,3.3333333333333335,1.75
5058049,2026-04-16,0.0,0.9375,0.0,0.9375
5058050,2026-04-16,2.1000052500131248,1.3636332644698534,2.1000052500131248,1.3636332644698534
5058051,2026-04-16,0.9056586685685499,1.5,0.9056586685685499,1.5
5058052,2026-04-16,0.0,0.0,0.0,0.0
5058053,2026-04-16,1.2631545706458667,1.6923076923076923,1.2631545706458667,1.6923076923076923
5058054,2026-04-17,1.1399977200045601,1.7142857142857142,1.1399977200045601,1.7142857142857142
5058055,2026-04-17,1.6363576859720512,2.3636363636363638,1.6363576859720512,2.3636363636363638
5058056,2026-04-17,1.909086570257795,1.1,1.909086570257795,1.1
5058057,2026-04-17,1.5714397959985429,0.95999808000384,1.5714397959985429,0.95999808000384
5058058,2026-04-17,1.3,1.375,1.3,1.375
5058059,2026-04-17,0.7384638106578789,0.7142857142857143,0.7384638106578789,0.7142857142857143
5058060,2026-04-17,1.465119686324852,1.4375,1.465119686324852,1.4375
5058061,2026-04-17,1.26000504002016,0.0,1.26000504002016,0.0
5058062,2026-04-17,0.9843765380883407,1.369559262785814,0.9843765380883407,1.369559262785814
5058063,2026-04-17,0.0,1.7142857142857142,0.0,1.7142857142857142
5058064,2026-04-17,0.77999844000312,0.9444444444444444,0.77999844000312,0.9444444444444444
5058065,2026-04-17,0.6666666666666666,0.0,0.6666666666666666,0.0
5058066,2026-04-17,0.9574447713941034,1.1111111111111112,0.9574447713941034,1.1111111111111112
5058067,2026-04-17,1.0985946439285743,0.9574447713941034,1.0985946439285743,0.9574447713941034
5058068,2026-04-17,1.2127633770991977,0.0,1.2127633770991977,0.0
5058069,2026-04-18,1.2545408925785724,1.25,1.2545408925785724,1.25
5058070,2026-04-18,1.2461576804851706,1.7,1.2461576804851706,1.7
5058071,2026-04-18,1.2599974800050402,1.1428571428571428,1.2599974800050402,1.1428571428571428
5058072,2026-04-18,1.7234005885093862,1.625,1.7234005885093862,1.625
5058073,2026-04-18,0.9444444444444444,0.5,0.9444444444444444,0.5
5058074,2026-04-18,1.706899494654301,1.1,1.706899494654301,1.1
5058075,2026-04-18,1.909086570257795,0.9452028898550964,1.909086570257795,0.9452028898550964
5058076,2026-04-18,0.8571437990591199,1.01999796000408,0.8571437990591199,1.01999796000408
5058077,2026-04-18,1.1470571366806814,1.2,1.1470571366806814,1.2
5058078,2026-04-18,1.304350661631873,1.6,1.304350661631873,1.6
5058079,2026-04-18,1.388061773226527,1.0454545454545454,1.388061773226527,1.0454545454545454
5058080,2026-04-18,0.9397579039061399,1.4769208047372235,0.9397579039061399,1.4769208047372235
5058081,2026-04-18,1.7027073046143366,1.4666666666666666,1.7027073046143366,1.4666666666666666
5058082,2026-04-18,1.45,1.4516175858631803,1.45,1.4516175858631803
5058083,2026-04-18,1.8888993827743488,1.6923076923076923,1.8888993827743488,1.6923076923076923
5058084,2026-04-19,1.5789473684210527,1.25,1.5789473684210527,1.25
5058085,2026-04-19,1.380952380952381,1.37999724000552,1.380952380952381,1.37999724000552
5058086,2026-04-19,1.0,1.0298522833616168,1.0,1.0298522833616168
5058087,2026-04-19,1.2272727272727273,1.1707288518808492,1.2272727272727273,1.1707288518808492
5058088,2026-04-19,1.2096754682653739,1.2676038484452838,1.2096754682653739,1.2676038484452838
5058089,2026-04-19,1.55,1.0153877396545834,1.55,1.0153877396545834
5058090,2026-04-19,1.2711842861283287,1.698110003566031,1.2711842861283287,1.698110003566031
5058091,2026-04-19,1.8181818181818181,1.5714285714285714,1.8181818181818181,1.5714285714285714
5058092,2026-04-19,1.6,0.0,1.6,0.0
5058093,2026-04-19,2.361697102772122,1.8461538461538463,2.361697102772122,1.8461538461538463
5058094,2026-04-19,0.770272352087438,1.6153970415157037,0.770272352087438,1.6153970415157037
5058095,2026-04-19,0.0,1.1470571366806814,0.0,1.1470571366806814
5058096,2026-04-19,0.92,1.0952380952380953,0.92,1.0952380952380953
5058097,2026-04-19,1.032783499070495,0.8507475384291617,1.032783499070495,0.8507475384291617
5058098,2026-04-19,1.6071485969592747,1.1076906035529177,1.6071485969592747,1.1076906035529177
5058099,2026-04-20,1.2786906208042963,1.4,1.2786906208042963,1.4
5058100,2026-04-20,1.3728860097830837,1.0,1.3728860097830837,1.0
5058101,2026-04-20,0.0,1.1304347826086956,0.0,1.1304347826086956
5058102,2026-04-20,1.3220316575734619,0.8307679526646883,1.3220316575734619,0.8307679526646883
5058103,2026-04-20,1.4736842105263157,1.028568489804315,1.4736842105263157,1.028568489804315
5058104,2026-04-20,0.9863027209626314,1.6271158862442607,0.9863027209626314,1.6271158862442607
5058105,2026-04-20,0.8,1.2985094007602995,0.8,1.2985094007602995
5058106,2026-04-20,1.875,0.6153846153846154,1.875,0.6153846153846154
5058107,2026-04-20,1.058821972320629,1.258068574414756,1.058821972320629,1.258068574414756
5058108,2026-04-20,0.7605623090671704,0.8571459183782798,0.7605623090671704,0.8571459183782798
5058109,2026-04-21,0.7792197672470556,1.909073553876783,0.7792197672470556,1.909073553876783
5058110,2026-04-21,1.0312516113306427,1.0746284695947306,1.0312516113306427,1.0746284695947306
5058111,2026-04-21,0.8571446064175641,1.022731921508734,0.8571446064175641,1.022731921508734
5058112,2026-04-21,1.4318149276933463,1.6034510404328282,1.4318149276933463,1.6034510404328282
5058113,2026-04-21,1.258068574414756,1.1129014308041438,1.258068574414756,1.1129014308041438
5058114,2026-04-21,1.2711907497991517,1.4444444444444444,1.2711907497991517,1.4444444444444444
5058115,2026-04-21,0.7605655227197823,1.5967716181102936,0.7605655227197823,1.5967716181102936
5058116,2026-04-21,1.058821972320629,1.5,1.058821972320629,1.5
5058117,2026-04-21,0.7727272727272727,1.455880211940865,0.7727272727272727,1.455880211940865
5058118,2026-04-21,1.499996590916839,1.6046548945462662,1.499996590916839,1.6046548945462662
5058119,2026-04-21,1.0,1.2923057041450705,1.0,1.2923057041450705
5058120,2026-04-21,1.2428535918468806,1.241375029741277,1.2428535918468806,1.241375029741277
5058121,2026-04-21,1.7454577190140343,1.9090943801716003,1.7454577190140343,1.9090943801716003
5058122,2026-04-21,1.6875105469409182,1.534887290435559,1.6875105469409182,1.534887290435559
5058123,2026-04-21,0.9705868079605766,0.8181807556094084,0.9705868079605766,0.8181807556094084
5058124,2026-04-22,1.3181878099445907,1.5263157894736843,1.3181878099445907,1.5263157894736843
5058125,2026-04-22,1.2272727272727273,1.3548365244572187,1.2272727272727273,1.3548365244572187
5058126,2026-04-22,1.5205437793321115,1.6,1.5205437793321115,1.6
5058127,2026-04-22,0.7777777777777778,2.125,0.7777777777777778,2.125
5058128,2026-04-22,0.7346931278641553,1.5789556787140984,0.7346931278641553,1.5789556787140984
5058129,2026-04-22,1.1724178359235722,1.3278644988049222,1.1724178359235722,1.3278644988049222
5058130,2026-04-22,1.1911747188607076,0.0,1.1911747188607076,0.0
5058131,2026-04-22,1.7857142857142858,0.0,1.7857142857142858,0.0
5058132,2026-04-22,1.0746284695947306,0.8100008100008099,1.0746284695947306,0.8100008100008099
5058133,2026-04-22,1.0869565217391304,0.0,1.0869565217391304,0.0
5058134,2026-04-22,1.1785630102642124,0.0,1.1785630102642124,0.0
5058135,2026-04-22,1.4754049986721356,1.058821972320629,1.4754049986721356,1.058821972320629
5058136,2026-04-22,1.1612884495347588,1.2452806692817562,1.1612884495347588,1.2452806692817562
5058137,2026-04-22,1.2173913043478262,1.1612828304333522,1.2173913043478262,1.1612828304333522
5058138,2026-04-22,1.9285679847000274,0.7222222222222222,1.9285679847000274,0.7222222222222222
5058139,2026-04-23,1.728810629134527,0.0,1.728810629134527,0.0
5058140,2026-04-23,0.9560418548530664,1.551718787176596,0.9560418548530664,1.551718787176596
5058141,2026-04-23,1.27940988322076,1.4117663667839608,1.27940988322076,1.4117663667839608
5058142,2026-04-23,1.5,2.4545231406987207,1.5,2.4545231406987207
5058143,2026-04-23,1.058821972320629,1.0,1.058821972320629,1.0
5058144,2026-04-23,1.4,0.84,1.4,0.84
5058145,2026-04-23,0.0,0.7590379735854784,0.0,0.7590379735854784
5058146,2026-04-23,0.0,0.8780498512803064,0.0,0.8780498512803064
5058147,2026-04-23,1.0677948003477962,1.3000065000325,1.0677948003477962,1.3000065000325
5058148,2026-04-24,1.7432408875123142,1.1666666666666667,1.7432408875123142,1.1666666666666667
5058149,2026-04-24,0.8,1.9285679847000274,0.8,1.9285679847000274
5058150,2026-04-24,1.285716909626346,1.0112348188372822,1.285716909626346,1.0112348188372822
5058151,2026-04-24,1.0874986406266993,2.177415842877673,1.0874986406266993,2.177415842877673
5058152,2026-04-24,0.6101684573415977,1.2289186239002985,0.6101684573415977,1.2289186239002985
5058153,2026-04-24,1.1012630347771273,1.5750039375098437,1.1012630347771273,1.5750039375098437
5058154,2026-04-24,1.45,1.6250067708615452,1.45,1.6250067708615452
5058155,2026-04-24,0.8873226939116987,0.9090909090909091,0.8873226939116987,0.9090909090909091
5058156,2026-04-24,0.0,1.124985937675779,0.0,1.124985937675779
5058157,2026-04-24,1.5374980781274024,1.7027073046143368,1.5374980781274024,1.7027073046143368
5058158,2026-04-24,1.3278710292967693,1.1052602493151336,1.3278710292967693,1.1052602493151336
5058159,2026-04-24,1.5,1.0499979000042001,1.5,1.0499979000042001
5058160,2026-04-24,1.4,1.27940988322076,1.4,1.27940988322076
5058161,2026-04-24,1.6153821301813382,1.047170799217735,1.6153821301813382,1.047170799217735
5058162,2026-04-25,1.4074074074074074,0.875,1.4074074074074074,0.875
5058163,2026-04-25,0.9529422975791736,1.30262815097855,0.9529422975791736,1.30262815097855
5058164,2026-04-25,1.3255798539769141,1.625,1.3255798539769141,1.625
5058165,2026-04-25,1.0941189342575697,1.3461538461538463,1.0941189342575697,1.3461538461538463
5058167,2026-04-25,1.3333333333333333,1.2307692307692308,1.3333333333333333,1.2307692307692308
5058168,2026-04-25,0.9642891581755648,1.2916666666666667,0.9642891581755648,1.2916666666666667
5058169,2026-04-25,1.4805175577694056,1.3928546556166865,1.4805175577694056,1.3928546556166865
5058170,2026-04-25,1.1923076923076923,0.9775302865849136,1.1923076923076923,0.9775302865849136
5058171,2026-04-25,1.6666666666666667,1.0,1.6666666666666667,1.0
5058172,2026-04-25,1.6874978906276368,1.2352955709359656,1.6874978906276368,1.2352955709359656
5058173,2026-04-25,1.0875027187567967,1.103448275862069,1.0875027187567967,1.103448275862069
5058174,2026-04-25,1.6478850029788692,1.5857165510236442,1.6478850029788692,1.5857165510236442
5058175,2026-04-25,0.9666634444551852,0.0,0.9666634444551852,0.0
5058176,2026-04-25,1.8679210039226342,1.028568489804315,1.8679210039226342,1.028568489804315
5058177,2026-04-26,1.8,1.3200052800211202,1.8,1.3200052800211202
5058178,2026-04-26,1.0,1.4625036562591405,1.0,1.4625036562591405
5058179,2026-04-26,1.090906611575883,1.5810853542847412,1.090906611575883,1.5810853542847412
5058180,2026-04-26,0.7582425914753752,1.8461538461538463,0.7582425914753752,1.8461538461538463
5058181,2026-04-26,1.1379310344827587,0.9090909090909091,1.1379310344827587,0.9090909090909091
5058182,2026-04-26,0.0,1.558439534494111,0.0,1.558439534494111
5058183,2026-04-26,1.3636363636363635,1.1739155954686857,1.3636363636363635,1.1739155954686857
5058184,2026-04-26,1.2452877180668604,1.6607202168579172,1.2452877180668604,1.6607202168579172
5058185,2026-04-26,2.0,1.2000030000075,2.0,1.2000030000075
5058186,2026-04-26,0.9146319155319135,0.8720920091953381,0.9146319155319135,0.8720920091953381
5058187,2026-04-26,1.3064495057266037,1.022731921508734,1.3064495057266037,1.022731921508734
5058188,2026-04-26,1.0120469734373814,1.24,1.0120469734373814,1.24
5058189,2026-04-26,1.4516105619184485,1.1204805777342437,1.4516105619184485,1.1204805777342437
5058190,2026-04-26,0.8,0.7241379310344828,0.8,0.7241379310344828
5058191,2026-04-26,0.9255328995030846,1.0813940914022193,0.9255328995030846,1.0813940914022193
5058192,2026-04-27,0.880433825615407,1.2328784012032892,0.880433825615407,1.2328784012032892
5058193,2026-04-27,1.0,1.5405447041748763,1.0,1.5405447041748763
5058194,2026-04-27,1.2857176252405849,1.1481481481481481,1.2857176252405849,1.1481481481481481
5058195,2026-04-27,1.642845408247084,1.2413750297412767,1.642845408247084,1.2413750297412767
5058196,2026-04-27,1.0,1.6714309591870844,1.0,1.6714309591870844
5058197,2026-04-27,1.4605224723092836,0.8285714285714286,1.4605224723092836,0.774194172737236
5058198,2026-04-27,1.0813940914022193,1.1428489796501453,1.0813940914022193,1.1428489796501453
5058199,2026-04-27,0.8877541961691876,1.551718787176596,0.8877541961691876,1.551718787176596
5058200,2026-04-28,1.499996052641967,1.1,1.4505462625356869,1.1
5058201,2026-04-28,1.5176488442927578,0.0,1.5176488442927578,0.0
5058202,2026-04-28,1.0714285714285714,1.0851110004723423,1.0714285714285714,1.0851110004723423
5058203,2026-04-28,1.5365816180936145,1.5974005228564638,1.5365816180936145,1.5974005228564638
5058204,2026-04-28,1.0112348188372822,1.6666666666666667,1.0112348188372822,1.6666666666666667
5058205,2026-04-28,0.0,0.6666666666666666,0.0,0.6666666666666666
5058206,2026-04-28,1.0333333333333334,1.7,1.0333333333333334,1.7
5058207,2026-04-28,1.0625,1.1511614521378464,1.0625,1.1511614521378464
5058208,2026-04-28,1.0212776822103002,0.7894728531864703,1.0212776822103002,0.8230081212317512
5058209,2026-04-28,1.125,2.275877764674239,1.125,2.275877764674239
5058210,2026-04-28,1.1111111111111112,1.3373526201267956,1.0206196088861947,1.272731129488271
5058211,2026-04-28,1.0657866689824502,0.8241767298645383,1.0657866689824502,0.7289733251837853
5058212,2026-04-28,1.622945498539349,1.1797739553101627,1.622945498539349,1.1797739553101627
5058213,2026-04-28,1.3246736043199945,1.116277771770033,1.3246736043199945,1.116277771770033
5058214,2026-04-28,0.75,1.1481524005644466,0.75,1.1481524005644466
5058215,2026-04-29,1.010868466447319,0.70129779052235,1.0934569220028767,0.70129779052235
5058216,2026-04-29,1.1590882747993756,1.500004054065011,1.1590882747993756,1.5862123662495389
5058217,2026-04-29,1.2809017548354042,1.10999778000444,1.294121453298392,1.0423711146252295
5058218,2026-04-29,1.4285714285714286,0.0,1.4693862557283106,0.0
5058219,2026-04-29,1.6415156283608614,2.272727272727273,1.6415156283608614,2.272727272727273
5058220,2026-04-29,0.696969696969697,1.1941759166756472,0.696969696969697,1.1370976912078155
5058221,2026-04-29,2.3076834319868,1.3012032515623475,2.3076834319868,1.3012032515623475
5058223,2026-04-29,1.52,1.139237622183235,1.52,1.139237622183235
5058225,2026-04-29,1.5000062500260418,1.4605282375371547,1.5000062500260418,1.4605282375371547
5058226,2026-04-29,1.8305146797107785,1.6666666666666667,1.8305146797107785,1.6621599160001137
5058227,2026-04-29,1.0,1.0879096969017652,1.0,0.9908238700479449
5058228,2026-04-29,1.4,1.3214285714285714,1.4,1.3214285714285714
5058229,2026-04-29,1.6329134593841257,0.9278360080783588,1.5638314508845221,0.9278360080783588
5058230,2026-04-30,0.9677388137457621,1.2705897301055649,0.9729703433233965,1.2815546422860604
5058231,2026-04-30,2.0625032226612854,1.2727272727272727,2.0625032226612854,1.2727272727272727
5058232,2026-04-30,0.5294123875439853,0.0,0.7241379310344828,0.0
5058233,2026-04-30,1.8970560337411269,1.9285659183830905,1.77906769875849,1.8795158078122798
5058234,2026-04-30,1.8433779358504476,1.28125,1.6039635722050933,1.3783783783783783
5058235,2026-04-30,1.2073141285021256,2.351357706372179,1.2061830800348867,2.351357706372179
5058236,2026-04-30,0.9767430502987787,1.1566251124998645,0.9767430502987787,1.1566251124998645
5058237,2026-04-30,0.9230779374482829,1.5189892645433727,1.0093476810237028,1.5189892645433727
5058238,2026-04-30,1.1428571428571428,1.103448275862069,1.15625,0.9428571428571428
5058239,2026-05-01,1.4666666666666666,1.2972955441952105,1.4666666666666666,1.3604635343447276
5058240,2026-05-01,1.2857142857142858,1.6,1.1470588235294117,1.6206896551724137
5058241,2026-05-01,1.7142857142857142,1.3636345926823472,1.7368443905847244,1.2903225806451613
5058242,2026-05-01,1.2567550584391103,1.1204846276738014,1.1797739553101627,1.102043065394011
5058243,2026-05-01,1.0740700960366816,0.7499962500187499,1.1489337256729242,0.7499962500187499
5058244,2026-05-01,0.0,1.6153846153846154,0.0,1.6736824487553172
5058245,2026-05-01,1.5616459748574998,1.2,1.4042568130391628,1.2
5058246,2026-05-01,1.2608695652173914,1.1785714285714286,1.2608695652173914,1.14000114000114
5058247,2026-05-01,1.8,1.241375029741277,1.7,1.241375029741277
5058248,2026-05-01,1.5000019736868073,1.2531661432482826,1.549452252145332,1.2531661432482826
5058249,2026-05-01,1.52727550413728,1.1707288518808492,1.52727550413728,1.2061830800348867
5058250,2026-05-01,1.7586146254668087,3.7500937523438087,1.7586146254668087,3.7500937523438087
5058251,2026-05-01,1.337836029951311,1.1086980623870921,1.337836029951311,1.1086980623870921
5058252,2026-05-01,1.0555614197856655,1.2374984531269335,1.0555614197856655,1.318678420486988
5058253,2026-05-01,1.103448275862069,1.3043478260869565,1.0571428571428572,1.4814814814814814
5058254,2026-05-02,1.1931831740717886,1.8947393351833357,1.2178241937112746,1.7666666666666666
5058255,2026-05-02,0.8888888888888888,1.4615384615384615,0.8888888888888888,1.3723418854700908
5058256,2026-05-02,0.7500008522736957,1.619047619047619,0.8737872561041321,1.5194785461317584
5058257,2026-05-02,1.6567188906252097,1.206896551724138,1.6567188906252097,1.1764705882352942
5058258,2026-05-02,1.081397863715962,1.0140873636263763,1.069309048136729,1.0140873636263763
5058259,2026-05-02,1.8591601666483566,1.4230769230769231,1.8591601666483566,1.5164851829507504
5058260,2026-05-02,1.177216680021114,1.0555555555555556,1.200002526321108,1.0555555555555556
5058261,2026-05-02,1.16,1.6842105263157894,1.2,1.6842105263157894
5058262,2026-05-02,0.857155102215746,0.9545432851288975,0.857155102215746,0.9056586685685499
5058263,2026-05-02,1.0,1.312498359377051,1.0,1.312498359377051
5058264,2026-05-02,1.024387745395743,1.8088208693810746,0.8999982000036001,1.8088208693810746
5058265,2026-05-02,4.4997750112494375,0.896551724137931,4.4997750112494375,0.9142857142857143
5058266,2026-05-02,1.046510411034406,1.3770514377892422,1.039602931086207,1.3770514377892422
5058267,2026-05-02,1.0689655172413792,0.7912096606699568,1.0990088128625615,0.8490574047711366
5058268,2026-05-02,1.1511614521378464,1.2446821751938033,0.9807682877228003,1.1681436604312574
5058269,2026-05-03,0.9655172413793104,0.750004687529297,1.0434791682427549,0.750004687529297
5058270,2026-05-03,0.9117647058823529,0.0,0.8028174667728639,0.0
5058271,2026-05-03,1.1071428571428572,1.1724137931034482,1.1470588235294117,1.1176470588235294
5058272,2026-05-03,0.8152165051994509,1.8750117188232425,0.9428571428571428,1.8750117188232425
5058273,2026-05-03,0.9230627221119675,2.0,0.9230627221119675,2.0
5058274,2026-05-03,1.4999957142979594,1.3058792802840464,1.4999957142979594,1.2815509096098843
5058275,2026-05-03,1.063292485180361,1.6499979375025782,1.1170224649175158,1.6304330103989018
5058276,2026-05-03,1.3500033750084375,0.9230769230769231,1.532612027417451,0.9230769230769231
5058277,2026-05-03,1.4444364197976678,2.250010227319215,1.4444364197976678,2.250010227319215
5058278,2026-05-03,1.112906815828438,0.0,1.112906815828438,0.0
5058279,2026-05-03,1.3636345926823472,0.8901079338287169,1.3043464083191214,0.8807323289315067
5058280,2026-05-03,1.0645126951203383,0.9230779374482829,1.1999965714383674,0.9722222222222222
5058281,2026-05-03,0.0,1.7777679012894374,0.0,1.7777679012894374
5058282,2026-05-03,1.9701521942570062,1.2650587167967269,1.694119640140753,1.1881176355270935
5058283,2026-05-03,0.0,1.5789432133073336,0.0,1.468081982804292
5058284,2026-05-04,1.4999250037498126,1.031246777353821,1.4999250037498126,1.031246777353821
5058285,2026-05-04,1.0116302596052549,1.5949387277705414,1.0606092745735591,1.5638314508845221
5058286,2026-05-04,1.0,1.5909163223469198,1.0,1.5909163223469198
5058287,2026-05-04,0.9333333333333333,1.4999982558159817,0.7440011904019046,1.4705882352941178
5058288,2026-05-04,1.3636332644698537,0.0,1.1886770024962219,0.0
5058289,2026-05-04,1.2127672476247315,1.4810089088382057,1.1250010044651826,1.4433935030311265
5058290,2026-05-04,1.602741921564276,1.1428571428571428,1.670456443700504,1.1428571428571428
5058291,2026-05-04,0.0,1.0421041662061408,0.0,1.008848664735695
5058292,2026-05-04,1.2222222222222223,0.0,1.168419822715976,0.0
5058293,2026-05-04,0.9782598062393411,1.03125,0.9374992675786973,1.0810810810810811
5058294,2026-05-04,1.2439039559804341,1.297300803515685,1.2894770775712567,1.297300803515685
5058295,2026-05-04,0.0,1.228914182031106,0.0,1.1584146946389162
5058296,2026-05-05,1.7241379310344827,1.3333333333333333,1.5123979441305322,1.434783856333788
5058297,2026-05-05,1.5000015957463784,1.7746453878233974,1.1830994247179047,1.8571428571428572
5058298,2026-05-05,1.3058838892751639,0.0,1.239670446008633,0.0
5058299,2026-05-05,0.8181807556094084,1.255812493241287,0.8152165051994509,0.9590156073642563
5058300,2026-05-05,1.8095238095238095,1.2391331285502796,1.6630416706068798,1.219515169549194
5058301,2026-05-05,2.0,0.8999988750014063,2.0,0.9574447713941034
5058302,2026-05-05,1.1333333333333333,1.826086956521739,1.153845044379765,1.6730753143506594
5058303,2026-05-05,0.0,0.9893595971072403,0.0,1.0153830532568413
5058305,2026-05-05,1.2391331285502794,0.8666666666666667,1.2391331285502794,0.8666666666666667
5058307,2026-05-05,0.0,1.0153830532568413,0.0,1.0153830532568413
5058308,2026-05-05,1.1818146005618166,1.1333295555681482,1.1333308148204115,1.046509194164665
5058309,2026-05-05,1.4457813906248307,1.500004054065011,1.4081618284062976,1.482763733668047
5058310,2026-05-05,1.303030303030303,1.5238022676082494,1.3636363636363635,1.5599937600249598
5058311,2026-05-06,1.191782454496513,1.2567550584391103,1.1724137931034482,1.2567550584391103
5058312,2026-05-06,1.3670903380890356,1.5000025862113555,1.340426957901019,1.5000025862113555
5058313,2026-05-06,1.5616459748574998,0.8265297688471747,1.3723418854700908,0.8275854934607815
5058314,2026-05-06,1.4805175577694056,1.2499955357302297,1.7878787878787878,1.199997913047108
5058315,2026-05-06,1.7999928000288001,0.0,1.7472489071452593,0.0
5058316,2026-05-06,1.4999965909168387,1.0312516113306427,1.4999965909168387,1.0312516113306427
5058317,2026-05-06,1.3214285714285714,1.0952380952380953,1.0731707317073171,1.0952380952380953
5058318,2026-05-06,1.0,1.1341477245703957,1.0,1.0862087693254643
5058319,2026-05-06,1.4210545013875018,1.6363599173638244,1.3761480515119737,1.6363599173638244
5058320,2026-05-06,1.7903196930327532,1.3043478260869565,1.793103448275862,1.3043478260869565
5058321,2026-05-06,2.0204122865556866,1.0666666666666667,2.0204122865556866,1.131578947368421
5058322,2026-05-06,1.0481915082030022,1.096774193548387,1.0619459628796788,1.3361333309803942
5058323,2026-05-06,1.4754122547741881,1.8000025714322447,1.4754122547741881,1.7319605484129363
5058324,2026-05-06,1.432837959459641,1.3815753116439167,1.4536097459894288,1.3980555377562374
5058325,2026-05-06,1.5194785461317584,0.6352948650527824,1.4347810491510335,0.8529411764705882
5058326,2026-05-07,0.0,1.5428527347064724,0.0,1.355767927146224
5058327,2026-05-07,1.207790639232936,2.0869565217391304,1.2980756749272357,1.7596136926791417
5058328,2026-05-07,1.2989704113097023,1.7763181267343773,1.2137423110569634,1.5700963927035376
5058329,2026-05-07,0.7340433340886533,1.602741921564276,0.846774876431352,1.3867937611261898
5058330,2026-05-07,1.7014874582463932,1.0344827586206897,1.5154607928643447,1.048780487804878
5058331,2026-05-07,1.75,1.298515215016209,1.75,1.298515215016209
5058332,2026-05-07,0.9146352617503192,1.3124958984503174,1.027027027027027,1.3124958984503174
5058333,2026-05-07,1.4,0.8,1.4,0.8
5058334,2026-05-07,1.103448275862069,1.64,1.1344528281909008,1.5
5058335,2026-05-08,1.4285714285714286,1.0,1.278687476485675,1.0
5058336,2026-05-08,0.0,1.5925925925925926,0.0,1.6460162424635023
5058337,2026-05-08,1.9342130713329886,1.7200068800275201,1.8529411764705883,1.827592508939686
5058338,2026-05-08,1.3255798539769141,1.1511654678266692,1.3304359395095127,1.15
5058339,2026-05-08,0.9230748943408916,0.9285714285714286,0.9193533558816841,0.9285714285714286
5058340,2026-05-08,1.2531661432482826,1.2352868512538162,1.317759472447612,1.2352868512538162
5058341,2026-05-08,0.0,1.0112382275016347,0.0,1.0840354353536727
5058342,2026-05-08,1.1460661280155866,1.0227249483523901,1.131146613814251,1.0098999901980295
5058343,2026-05-08,1.0000037037174212,0.9795938359057875,1.0000026315858725,0.8924061929192315
5058344,2026-05-08,1.2531661432482826,1.1379310344827587,1.2531661432482826,0.9599992320006144
5058345,2026-05-08,1.4366176949046552,0.0,1.4302308950803546,0.0
5058346,2026-05-08,1.5454545454545454,0.9655172413793104,1.4361671570911552,0.9406787632870875
5058347,2026-05-08,1.2,0.9418593699309652,1.2,0.9152526860123966
5058348,2026-05-08,1.228914182031106,1.0333333333333334,1.3225806451612903,0.9047619047619048
5058349,2026-05-08,1.0689655172413792,1.7323919262085548,1.058825308950099,1.6785714285714286
5058350,2026-05-09,1.2857188775674198,1.1052619944610584,1.2857188775674198,1.2096754682653739
5058351,2026-05-09,1.6395329772872358,1.4249982187522265,1.512603770921201,1.3363624214887078
5058352,2026-05-09,1.0666666666666667,1.2608695652173914,1.024390243902439,1.2608695652173914
5058354,2026-05-09,0.9750024375060937,0.0,1.0434818903717924,0.0
5058355,2026-05-09,1.5769230769230769,1.36000544002176,1.4464298628838062,1.36000544002176
5058356,2026-05-09,1.558439534494111,0.9452067742558552,1.4745737719088612,1.060346655770096
5058357,2026-05-09,1.5185128943966875,1.5168522282559234,1.3684174515330225,1.2822559963612963
5058358,2026-05-09,1.1808523200556595,0.0,1.0601511730459947,0.0
5058359,2026-05-09,1.0945975529663592,1.0760857868632752,1.078654109335077,0.8661977930970374
5058360,2026-05-09,1.7391228733788113,1.824329254943932,1.7391228733788113,1.6310695447277133
5058361,2026-05-09,2.315801662114011,1.0,2.315801662114011,0.9843742309576321
5058362,2026-05-09,1.2438994051234022,1.2272741219024113,1.1694895432380623,1.52727550413728
5058363,2026-05-09,1.0344827586206897,1.1123583007210105,1.0588226396448406,1.0799991360006913
5058364,2026-05-09,0.0,2.7000270002700026,0.0,2.7000270002700026
5058365,2026-05-10,1.9390267549106768,1.8688555227139716,1.29677586680757,1.7019214404601535
5058366,2026-05-10,0.0,1.3333333333333333,0.0,1.4769242130186253
5058367,2026-05-10,1.34375,1.2531661432482826,1.344828513674837,1.135135135135135
5058368,2026-05-10,0.7358476682119468,1.1666666666666667,0.7358476682119468,1.0238095238095237
5058369,2026-05-10,0.0,1.4249982187522265,0.0,1.0928563622454555
5058370,2026-05-10,1.7999948571575513,1.6666666666666667,1.6363609316348238,1.6666666666666667
5058371,2026-05-10,1.1052619944610584,0.0,1.094593115414709,0.0
5058372,2026-05-10,0.875,0.0,0.875,0.0
5058373,2026-05-10,0.9696969696969697,1.3170747769204596,1.0227272727272727,1.2954574896761128
5058374,2026-05-10,1.0714285714285714,1.1123583007210105,1.008848664735695,1.1404939826545741
5058375,2026-05-10,1.4444444444444444,1.4210545013875018,1.5277777777777777,1.5000044117776816
5058376,2026-05-10,0.96875,1.021274422820377,0.96875,1.0204060808039168
5058377,2026-05-10,1.4457813906248307,0.0,1.285713205283021,0.0
5058378,2026-05-10,1.394364233289812,1.5810853542847412,1.516480183560036,1.6442339312190983
5058379,2026-05-10,1.725004312510781,0.0,1.610529706378329,0.0
5058380,2026-05-11,1.4594574872196118,2.5,1.372879029018595,2.5
5058381,2026-05-11,1.4999975806490635,1.0108717627647015,1.4999975806490635,1.1896572235469371
5058382,2026-05-11,1.2272699380228682,0.9749987812515235,0.985713581633156,0.8999991818189257
5058383,2026-05-11,0.0,1.5185185185185186,0.0,1.4324324324324325
5058384,2026-05-11,1.1641808420609583,1.2187461914181519,1.1641808420609583,1.0961517381697343
5058385,2026-05-11,1.702700401756214,0.2857142857142857,1.6744166576550492,0.2857142857142857
5058386,2026-05-12,1.8157918628840304,1.3064495057266037,1.585369720413952,1.3064495057266037
5058387,2026-05-12,1.5857097551149852,1.1481481481481481,1.4505462625356866,1.199999040000768
5058388,2026-05-12,0.5333333333333333,1.72,0.7380952380952381,1.9210526315789473
5058389,2026-05-12,1.4625036562591405,1.6615435739802273,1.643479689982339,1.6615435739802273
5058390,2026-05-12,5.0,0.9807711168675324,5.0,0.9807711168675324
5058391,2026-05-12,1.1923076923076923,1.0384615384615385,1.2666666666666666,1.0673066660512827
5058392,2026-05-12,1.2352912110795033,1.65,1.199998153848994,1.6470588235294117
5058393,2026-05-12,1.4430343214320978,1.5194844661934188,1.3124976562541852,1.5194844661934188
5058394,2026-05-12,1.139237622183235,0.6666666666666666,1.139237622183235,0.6666666666666666
5058395,2026-05-12,1.159092226241166,1.4605282375371547,1.186046511627907,1.427420505984279
5058396,2026-05-12,1.4142877346967637,0.0,1.4142877346967637,0.0
5058397,2026-05-12,1.7746453878233974,1.5857097551149855,1.4,1.4869539357322858
5058398,2026-05-12,2.07691508878812,1.1379310344827587,2.07691508878812,1.0
5058399,2026-05-12,1.402601045717002,1.4268310083304978,1.136366219014134,1.3928583864807023
5058400,2026-05-12,1.0736830803335997,1.5199939200243202,1.0076328186009018,1.5688044609092462
5058401,2026-05-13,1.0227249483523901,1.2142857142857142,0.978721321869528,1.236640277373834
5058402,2026-05-13,1.6829288816205872,1.141306828927889,1.6829268292682926,0.9545465392574309
5058403,2026-05-13,1.103448275862069,1.2467516275952888,1.0425531914893618,1.3333333333333333
5058404,2026-05-13,1.1250070312939455,1.2857126159576417,1.1250070312939455,1.3613433938290809
5058405,2026-05-13,1.2083333333333333,2.1044713299363287,1.2857142857142858,1.8795158078122798
5058406,2026-05-13,1.1413031072792312,1.0,1.2352950259522248,1.0
5058407,2026-05-13,1.1818181818181819,1.3291156064754512,1.1818181818181819,1.3846164497049613
5058408,2026-05-13,1.500002884620932,0.9893627546412282,1.500002884620932,0.9295781194212108
5058409,2026-05-13,1.32,1.5,1.32,1.3426592205024062
5058410,2026-05-13,2.0142885918408453,0.9512206722203319,1.7179487179487178,1.0952380952380953
5058411,2026-05-13,0.9036166352208078,0.9655172413793104,0.9545476239718725,1.0510941232889612
5058412,2026-05-13,1.5223835152730887,1.391304347826087,1.484533021581399,1.263154570645867
5058413,2026-05-13,1.608695652173913,0.0,1.4705882352941178,0.0
5058414,2026-05-13,1.2151960263089938,1.3846153846153846,1.1208840478419684,1.4285714285714286
5058415,2026-05-13,0.8387096774193549,1.1647072525967677,0.8108108108108109,1.0948921093315465
5058416,2026-05-14,0.5,1.1842074099805002,0.5,1.1842074099805002
5058417,2026-05-14,0.913042485823385,0.9893627546412282,1.0425531914893618,1.0285728979612827
5058418,2026-05-14,0.9418593699309652,1.0568157799641364,0.9044124297150218,0.957982388250094
5058419,2026-05-14,0.0,0.0,0.0,0.0
5058420,2026-05-14,1.2857161224516034,1.6071485969592747,1.1881211645963654,1.6071485969592747
5058421,2026-05-14,1.3255798539769141,1.5394757098364602,1.4776108376038526,1.5913057315702013
5058422,2026-05-14,1.53846745564406,0.9069756895631517,1.6893269488425195,0.860292852510511
5058423,2026-05-14,0.6847818643675387,1.556963996156957,0.9487179487179487,1.3969454985148866
5058424,2026-05-14,0.8787878787878788,0.25,0.8775510204081632,0.25
5058425,2026-05-14,1.6285667755234985,1.3764673494885895,1.607137117367438,1.1654659489698576
5058426,2026-05-14,1.1624985468768165,1.0740740740740742,1.3457931347727712,1.0992358021100748
5058427,2026-05-15,1.0736830803335997,1.7432408875123142,1.047944487709255,1.4761904761904763
5058428,2026-05-15,2.9998500074996253,1.3500033750084375,2.9998500074996253,1.3500033750084375
5058429,2026-05-15,1.7746453878233974,1.552937522499947,1.7746453878233974,1.5338322799514588
5058430,2026-05-15,1.1481481481481481,1.3670851466198821,1.3455862564907994,1.5107891931090747
5058431,2026-05-15,0.0,1.0120506314473046,0.0,1.105266482004457
5058432,2026-05-15,0.9560418548530664,0.852630681441388,1.0137917051148895,0.8062505039065649
5058433,2026-05-15,1.28571887756742,1.0689655172413792,1.28571887756742,1.2187519042998505
5058434,2026-05-15,1.2375030937577343,1.4157287463721953,1.3369594281726698,1.3165448682807652
5058435,2026-05-15,1.0714301020430028,0.9375058594116212,1.0298522833616168,0.9375058594116212
5058436,2026-05-15,1.2906961736091005,1.4285663265488338,1.2906961736091005,1.406245605482483
5058437,2026-05-15,1.2613650697330336,1.1868144910049352,1.429689733890209,0.993507138640999
5058438,2026-05-15,1.4415621858758074,1.9230843195550753,1.466671555571852,1.9230843195550753
5058439,2026-05-15,1.3953472147125412,0.0,1.3455862564907994,0.0
5058440,2026-05-15,1.1666666666666667,1.2374984531269337,1.0069923028025856,1.1729305670217038
5058441,2026-05-15,1.6538461538461537,1.4444444444444444,1.391998886400891,1.4879988096009524
5058442,2026-05-16,1.24,3.0,1.1935483870967742,3.0
5058443,2026-05-16,1.5194844661934186,1.8800075200300799,1.5882379634251484,1.654208699455513
5058444,2026-05-16,1.4605282375371547,1.3333333333333333,1.1904761904761905,1.2083333333333333
5058445,2026-05-16,1.4999979729757122,1.6753224995811695,1.586774236736799,1.90625
5058446,2026-05-16,1.4,1.2121212121212122,1.4615422090825871,1.2831333030923513
5058447,2026-05-16,1.096774193548387,1.7560997025606129,1.0489503154193598,1.2832384777323442
5058448,2026-05-16,1.4189170014635113,1.6363561983809165,1.3235274654007863,1.6923011834569868
5058449,2026-05-16,0.9375,1.0689655172413792,1.0,1.138685300229708
5058450,2026-05-16,1.0,0.9230769230769231,1.0,0.9230769230769231
5058451,2026-05-16,1.8333333333333333,0.896551724137931,1.8333333333333333,0.9179097627539085
5058452,2026-05-16,0.9893595971072403,0.8823516436005242,1.0060951070851047,0.8823516436005242
5058453,2026-05-16,1.5,1.6153970415157037,1.5,1.6153970415157037
5058454,2026-05-16,1.2151914116346982,1.3943642332898123,1.1600023200046399,1.3486213786763694
5058455,2026-05-16,1.426825788229785,0.9252327801562803,1.0490784673883837,0.9590156073642563
5058456,2026-05-16,1.397728861055524,1.0540569028564941,1.5205500281507234,1.0540569028564941
5058472,2026-05-18,1.0357142857142858,1.4307736331496403,1.153845346961296,1.4307736331496403
5058473,2026-05-18,0.8846153846153846,1.8281192871272276,0.9831924510987806,1.5436863229391788
5058474,2026-05-18,1.757137836749038,1.6071485969592747,1.7142839650163624,1.6071485969592747
5058475,2026-05-18,1.4230769230769231,1.7368443905847244,1.34,1.5777812839584087
5058476,2026-05-18,1.4366176949046552,1.4042523313780184,1.4531238647469806,1.4042523313780184
5058477,2026-05-18,0.9655205707605888,1.4594634039551457,1.1111135802524004,1.3980596097666114
5058478,2026-05-18,1.764707958479951,1.1666666666666667,1.40506506970262,1.1470588235294117
5058479,2026-05-18,0.0,2.0526261772995333,0.0,2.0526261772995333
5058480,2026-05-18,0.9896917419502494,1.2077953449229737,0.9018410440742601,1.4302358842694982
5058481,2026-05-18,1.2692307692307692,1.3703703703703705,1.411764705882353,1.25
5058482,2026-05-18,1.207790639232936,1.3333382716232283,1.207790639232936,1.2110136183985996
5058483,2026-05-18,1.0714285714285714,1.32,1.0,1.3636379132249012
5058484,2026-05-18,1.046510411034406,1.0625,1.0909076741458779,1.0
5058485,2026-05-18,1.6086886578754005,1.2857142857142858,1.5348801514415085,1.1721862067458322
5058486,2026-05-19,6.750168754218856,1.0874986406266993,6.750168754218856,1.0874986406266993
5058487,2026-05-19,1.2142857142857142,1.5000018292705235,1.2142857142857142,1.553191489361702
5058488,2026-05-19,1.2222222222222223,0.945651146031363,1.3288581685515648,1.0
5058489,2026-05-19,1.0714247449116254,1.1785672194027879,0.9924797105568263,0.987575186148606
5058490,2026-05-19,1.054946214226609,1.116277771770033,1.137257131876729,0.9554146212831982
5058491,2026-05-19,1.103448275862069,1.1368409085885174,1.161970194408177,1.184714130391166
5058492,2026-05-19,0.0,0.7,0.0,0.9473691333602506
5058493,2026-05-19,0.7142857142857143,0.0,0.7142857142857143,0.0
5058494,2026-05-19,0.375,0.8181827479349408,0.375,0.9019625528677506
5058495,2026-05-19,1.4615384615384615,0.9782598062393411,1.5106382978723405,1.0822777960267114
5058496,2026-05-19,0.0,0.0,0.0,0.0
5058497,2026-05-19,1.4249982187522265,1.4230823964707557,1.2567550584391103,1.6525479747388971
5058498,2026-05-19,1.6875105469409182,1.7323919262085548,1.6875105469409182,1.5588189446501626
5058499,2026-05-19,2.1818181818181817,1.124998593751758,2.1818181818181817,1.2479990016007987
5058500,2026-05-19,1.2567550584391103,1.291140874861867,1.1555529876600275,1.1428571428571428
5058501,2026-05-20,1.7999948571575513,1.2749984062519923,1.554743390698255,1.499998051950582
5058502,2026-05-20,1.1392419484075296,1.499996590916839,1.0982152662636306,1.499998051950582
5058503,2026-05-20,1.157144510206443,1.3058792802840464,1.0065802718161472,1.5297992982790751
5058504,2026-05-20,1.7671257083913812,1.2272699380228682,1.6633696304349117,1.328855493005388
5058505,2026-05-20,1.5168573412524522,1.3214285714285714,1.542861551033003,1.5642845969395736
5058506,2026-05-20,1.2,1.461544082861857,1.0062105551487235,1.4285755102157434
5058507,2026-05-20,1.1785714285714286,0.8181818181818182,1.2400024800049598,0.9090909090909091
5058508,2026-05-20,0.0,1.1927696472654852,0.0,1.3461512574014283
5058509,2026-05-20,1.6478850029788692,0.0,1.6046492969194222,0.0
5058510,2026-05-20,0.804122053356591,1.2931056777684098,0.7833333333333333,1.2931056777684098
5058511,2026-05-20,1.1868144910049352,1.1428571428571428,0.9941866245271073,1.1958058682599555
5058512,2026-05-20,1.3411733148863179,1.25,1.3137229142687956,1.1637951099915689
5058513,2026-05-20,0.9101113369535541,1.6,0.8766222381529375,1.588235294117647
5058514,2026-05-20,0.9767430502987787,0.84375,1.1125813078393274,0.8181818181818182
5058515,2026-05-20,1.4642857142857142,1.443039801316204,1.3636345926823472,1.3928561479598944
5058516,2026-05-21,0.8624989218763477,1.4,1.054054054054054,1.3509915880906118
5058517,2026-05-21,1.2954560175636562,1.04081526447422,1.4178101613837826,1.0481915082030022
5058518,2026-05-21,1.4074074074074074,1.885716979595685,1.5428560408171137,1.885716979595685
5058519,2026-05-21,1.552943003462357,1.227278305810481,1.272252641102242,1.227278305810481
5058520,2026-05-21,1.625,1.0,1.625,1.0
5058521,2026-05-21,1.4814814814814814,1.4666666666666666,1.0726250990921233,1.573172650210549
5058522,2026-05-21,1.2857156985886797,0.0,1.2562507851567406,0.0
5058523,2026-05-22,1.1428571428571428,1.2,1.2039465763509367,1.1666666666666667
5058524,2026-05-22,1.0277777777777777,1.3578933074807291,1.1968918118610423,1.1902160975911984
5058526,2026-05-22,0.0,1.622945498539349,0.0,1.6030522114105257
5058527,2026-05-22,0.0,0.9157885096963057,0.0,1.0434776127468244
5058528,2026-05-22,1.1379271105961706,1.7272727272727273,1.046510411034406,1.5238131519360758
5058529,2026-05-22,0.8152165051994509,0.96,0.8152165051994509,0.96
5058530,2026-05-22,1.4810145329297884,1.0,1.4140136394991334,1.0
5058531,2026-05-22,1.0102030508132136,1.2000120001200012,0.9893595971072403,1.2000120001200012
5058532,2026-05-22,1.0555555555555556,1.1584146946389162,1.0555555555555556,1.007142137755616
5058533,2026-05-22,1.7142901669874466,1.1204805777342437,1.5360024576039322,1.1470601730119683
5058534,2026-05-22,2.999972727520659,0.8064516129032258,2.999972727520659,0.9078941395433293
5058535,2026-05-22,1.4366176949046552,1.4605282375371547,1.3548365244572187,1.2000021818221487
5058536,2026-05-22,1.556963996156957,1.3291156064754512,1.3265306122448979,1.2553191489361701
5058537,2026-05-22,1.0,0.967741935483871,1.0,0.9821428571428571
5058539,2026-05-23,1.8260948960647654,1.5454545454545454,1.5576953032601986,1.5454545454545454
5058540,2026-05-23,1.7323992461950595,0.6060606060606061,1.486957814745926,0.7272727272727273
5058541,2026-05-23,0.8842123878155532,1.40964195094446,0.8842123878155532,1.4904496571965786
5058543,2026-05-23,1.4050597340259898,1.0,1.4999968750065105,1.0
5058544,2026-05-23,3.0,1.2527486293940981,3.0,1.1914918967912698
5058545,2026-05-23,1.0116267306665923,1.4096368558592098,1.1180117279430262,1.251532206708949
5058546,2026-05-23,1.4025955810447,1.6323505406609697,1.2676038484452838,1.457141816327274
5058547,2026-05-23,1.0,1.3295424328581074,1.0,1.180848551386061
5058548,2026-05-23,1.0588173010746997,1.5750039375098437,1.0588173010746997,1.5547467952507958
5058549,2026-05-23,1.25,1.2650587167967269,1.25,1.4508184829356698
5058550,2026-05-23,0.8,1.078654109335077,0.8,1.060153564371622
5058551,2026-05-23,1.207790639232936,0.9393939393939394,1.168419822715976,1.1524383216839502
5058552,2026-05-23,1.414281673480933,1.7407407407407407,1.4489766347415618,1.9300685803716222
5058553,2026-05-24,1.168419822715976,1.0227249483523901,1.2209309424017107,1.0628559281646535
5058554,2026-05-24,1.5789432133073336,1.1785672194027879,1.5775848469096148,1.0227249483523901
5058555,2026-05-24,1.6621599160001137,1.64,1.5168522282559234,1.3818181818181818
5058556,2026-05-24,1.2253503868304412,0.9354838709677419,1.125,1.0701754385964912
5058557,2026-05-24,0.9545497934081518,1.2352955709359656,1.1324533310022011,0.9791666666666666
5058558,2026-05-24,0.0,1.4745737719088612,0.0,1.4745737719088612
5058560,2026-05-24,1.3521164848351683,1.085107537348444,1.41000141000141,0.9649122807017544
5058561,2026-05-24,1.9024413444406638,1.1111111111111112,1.3806833871402127,0.9830508474576272
5058562,2026-05-24,1.3483176366688463,0.9890120758374459,1.0397739088339872,1.0754727127101062
5058563,2026-05-24,1.556963996156957,1.4210545013875018,1.3170747769204596,1.2980794193834988
5058564,2026-05-24,1.124998593751758,1.159092226241166,1.1368409085885174,1.1785735331670235
5058565,2026-05-24,1.010868466447319,0.0,1.0628559281646535,0.0
5058566,2026-05-24,1.021274422820377,1.1999985000018751,1.1923053994126935,1.4117635195264542
5058567,2026-05-24,1.556958083650421,1.4782608695652173,1.3090885289299474,1.3265306122448979
5058568,2026-05-25,1.2804893664504469,0.8624989218763477,1.5286633940531171,1.052238020717895
5058569,2026-05-25,1.342107029088196,0.7692307692307693,1.4491500861862947,0.7692307692307693
5058570,2026-05-25,0.6923084530862121,1.702700401756214,0.8771945213938971,1.5483860978154207
5058571,2026-05-25,1.1290322580645162,1.2592592592592593,1.0263163296401734,1.1847118666090872
5058572,2026-05-25,1.3373477863279684,1.5333333333333334,1.0344827586206897,1.5333333333333334
5058573,2026-05-25,1.2804893664504469,1.2765971027628753,1.1454545454545455,1.5121988102410007
5058574,2026-05-25,1.0449426461318583,1.6056315413640263,1.2545431735578663,1.5148499852970443
5058575,2026-05-25,1.459457487219612,0.9230769230769231,1.5128205128205128,0.9230769230769231
5058576,2026-05-25,1.3076923076923077,1.0941189342575697,1.1890236652294726,1.3113764602536166
5058577,2026-05-25,1.455880211940865,1.7884546597897704,1.4732116549791876,1.7884546597897704
5058578,2026-05-25,1.0657908760406263,1.3928571428571428,1.0657908760406263,1.2727295867810668
5058579,2026-05-25,1.1688296508705833,0.0,1.270072065640828,0.0
5058580,2026-05-25,1.4615384615384615,1.4025955810447,1.3935474880338787,1.5454545454545454
5868557,2026-05-17,1.124998593751758,1.2439039559804341,0.8906243041997624,1.373240403690425
5868558,2026-05-17,1.0,1.4230769230769231,1.0,1.4230769230769231
5868559,2026-05-17,1.4788711565194979,2.238095238095238,1.3064495057266037,2.259737325016461
5868560,2026-05-17,0.5,0.9324349525268987,0.66,0.9324349525268987
5868561,2026-05-17,1.1938763327792523,1.6438378682710524,1.174697379882675,1.6666666666666667
5868562,2026-05-17,1.270585245681775,2.0769150887881205,1.21621457268301,2.0769150887881205
5868563,2026-05-17,2.094335671064772,1.2758576694563124,1.7256621896794782,1.0909076741458779
5868564,2026-05-17,1.139237622183235,1.7200068800275201,1.180848551386061,1.5666718889062963
5868565,2026-05-17,0.8659802742064682,0.0,1.0192307692307692,0.0
5868566,2026-05-17,1.1250012784105436,0.8787878787878788,1.1250012784105436,1.1748243532696832
5868567,2026-05-17,1.2804893664504469,1.1249964843859863,1.3937018848046336,1.1249964843859863
5868568,2026-05-17,1.573172650210549,1.3734972855356278,1.8604651162790697,1.3153856272197133
5868569,2026-05-17,1.6849338149778286,1.4230714497251933,1.2244922948822343,1.499996428579932
5868570,2026-05-17,0.0,1.6621599160001137,0.0,1.6336617488497536
5868571,2026-05-17,1.3636332644698534,0.0,1.157892705451394,0.0
6041984,2026-04-03,0.0,0.9375058594116212,0.0,0.9375058594116212
6096942,2026-04-04,0.7894778393570492,0.0,0.7894778393570492,0.0
6127497,2026-04-05,0.8333333333333334,1.6,0.8333333333333334,1.6
6978332,2026-04-26,1.903849815095798,0.0,1.903849815095798,0.0
7345140,2026-04-30,1.1249964843859863,1.4605282375371547,1.1249964843859863,1.4605282375371547
7364165,2026-04-30,0.0,1.8311664530305807,0.0,1.8311664530305807
7612500,2026-05-07,1.3561662413236182,1.263164542971279,1.3561662413236182,1.263164542971279
8128168,2026-05-23,1.666658730196523,1.2758620689655173,1.6451559833677956,1.3673469387755102
8158336,2026-05-24,2.2631459834421923,0.0,1.6578903739727,0.0
