game_pk,home_bp_k_bb_ratio_rolling_5,away_bp_k_bb_ratio_rolling_5,home_bp_k_bb_ratio_rolling_10,away_bp_k_bb_ratio_rolling_10
5057771,,,,
5057772,,,,
5057773,,,,
5057774,,,,
5057775,,,,
5057776,,,,
5057777,,,,
5057778,,,,
5057779,,,,
5057780,,,,
5057781,,,,
5057782,,,,
5057783,2.5,2.0,2.5,2.0
5057784,,,,
5057785,,,,
5057786,,,,
5057787,2.5,1.0,2.5,1.0
5057788,2.0,,2.0,
5057789,6.0,0.3333333333333333,6.0,0.3333333333333333
5057790,,0.6666666666666666,,0.6666666666666666
5057791,0.75,1.0,0.75,1.0
5057792,5.0,1.3333333333333333,5.0,1.3333333333333333
5057793,2.5,0.0,2.5,0.0
5057794,,1.0,,1.0
5057795,1.0,3.0,1.0,3.0
5057796,1.5,4.0,1.5,4.0
5057797,,,,
5057798,,1.2857142857142858,,1.2857142857142858
5057799,1.6666666666666667,2.25,1.6666666666666667,2.25
5057800,4.5,0.125,4.5,0.125
5057801,,,,
5057802,1.6,2.3333333333333335,1.6,2.3333333333333335
5057803,1.8,2.0,1.8,2.0
5057804,4.0,1.0,4.0,1.0
5057805,2.3333333333333335,10.0,2.3333333333333335,10.0
5057806,7.0,2.0,7.0,2.0
5057807,10.0,2.0,10.0,2.0
5057808,3.5,3.6666666666666665,3.5,3.6666666666666665
5057809,2.4,0.8333333333333334,2.4,0.8333333333333334
5057810,2.6,1.5714285714285714,2.6,1.5714285714285714
5057811,,5.0,,5.0
5057812,4.5,1.1666666666666667,4.5,1.1666666666666667
5057813,1.7,1.3333333333333333,1.7,1.3333333333333333
5057814,3.2,0.4166666666666667,3.2,0.4166666666666667
5057815,1.2,1.6666666666666667,1.2,1.6666666666666667
5057816,1.75,1.1666666666666667,1.75,1.1666666666666667
5057817,2.2,3.4,2.2,3.4
5057818,2.6666666666666665,1.5,2.6666666666666665,1.5
5057819,3.0,1.75,3.0,1.75
5057820,,0.8,,0.8
5057821,1.6666666666666667,1.5714285714285714,1.6666666666666667,1.5714285714285714
5057822,2.5,1.4285714285714286,2.5,1.4285714285714286
5057823,3.6,5.5,3.6,5.5
5057824,5.5,1.0,5.5,1.0
5057825,1.8,1.1538461538461537,1.8,1.1538461538461537
5057826,4.166666666666667,1.6,4.166666666666667,1.6
5057827,1.125,1.625,1.125,1.625
5057828,1.8571428571428572,1.5555555555555556,1.8571428571428572,1.5555555555555556
5057829,3.2,3.0,3.2,3.0
5057830,2.3333333333333335,2.1666666666666665,2.3333333333333335,2.1666666666666665
5057831,4.5,2.857142857142857,4.5,2.857142857142857
5057832,1.0,3.0,1.0,3.0
5057833,3.7142857142857144,2.125,3.7142857142857144,2.125
5057834,8.0,1.0588235294117647,8.0,1.0588235294117647
5057835,1.7272727272727273,1.7333333333333334,1.7272727272727273,1.7333333333333334
5057836,2.3333333333333335,1.5555555555555556,2.3333333333333335,1.5555555555555556
5057837,3.125,4.0,3.125,4.0
5057838,6.5,1.5714285714285714,6.5,1.5714285714285714
5057839,2.6,1.125,2.6,1.125
5057840,4.428571428571429,1.7142857142857142,4.428571428571429,1.7142857142857142
5057841,1.0909090909090908,2.125,1.0909090909090908,2.125
5057842,1.9333333333333333,1.7,1.9333333333333333,1.7
5057843,1.1428571428571428,1.75,1.1428571428571428,1.75
5057844,3.8,3.2,3.8,3.2
5057845,2.5714285714285716,2.4285714285714284,2.5714285714285716,2.4285714285714284
5057846,4.333333333333333,3.0,4.333333333333333,3.0
5057847,9.0,1.4,9.0,1.4
5057848,3.75,2.3333333333333335,3.75,2.3333333333333335
5057849,1.9166666666666667,1.8823529411764706,1.9166666666666667,1.8823529411764706
5057850,2.5714285714285716,1.3636363636363635,2.5714285714285716,1.3636363636363635
5057851,3.375,3.142857142857143,3.375,3.142857142857143
5057852,8.0,1.0,8.0,1.0
5057853,1.1666666666666667,2.111111111111111,1.1666666666666667,2.111111111111111
5057854,3.6666666666666665,1.5555555555555556,3.6666666666666665,1.5555555555555556
5057855,2.0714285714285716,1.75,2.125,1.75
5057856,2.375,1.25,2.375,1.2222222222222223
5057857,1.75,1.7,1.75,1.7
5057858,6.333333333333333,3.4,4.6,3.4
5057859,3.0,2.857142857142857,3.0,2.857142857142857
5057860,3.3333333333333335,1.8888888888888888,3.3333333333333335,1.8888888888888888
5057861,3.4,2.625,3.4,3.5
5057862,1.4545454545454546,1.5714285714285714,1.4545454545454546,1.5714285714285714
5057864,3.0,9.5,2.125,10.5
5057865,2.0,2.0,2.090909090909091,2.272727272727273
5057866,1.0909090909090908,2.5714285714285716,1.1428571428571428,2.857142857142857
5057867,1.7777777777777777,1.3636363636363635,1.4166666666666667,1.2
5057868,3.6,6.666666666666667,3.3333333333333335,8.0
5057869,1.4615384615384615,3.0,1.6428571428571428,3.3333333333333335
6041984,1.7692307692307692,3.2222222222222223,1.1428571428571428,3.090909090909091
5057870,1.8181818181818181,2.0833333333333335,1.9166666666666667,2.0
5057871,2.857142857142857,2.857142857142857,3.75,3.125
5057873,3.2857142857142856,3.5,3.5714285714285716,3.142857142857143
5057874,2.4545454545454546,3.111111111111111,2.0,3.5555555555555554
5057872,1.7142857142857142,1.6666666666666667,1.6666666666666667,1.6
5057876,1.2,9.5,1.4210526315789473,5.2
5057877,1.7,8.0,1.5384615384615385,7.666666666666667
5057878,1.8888888888888888,3.1,1.7,2.5625
5057879,3.0,1.6363636363636365,2.3636363636363638,2.076923076923077
5057880,1.4444444444444444,1.0833333333333333,1.6153846153846154,1.1176470588235294
5057881,2.9,4.0,1.5454545454545454,3.3333333333333335
5057886,1.1538461538461537,3.5,1.5384615384615385,3.7
5057882,3.857142857142857,2.3636363636363638,2.1578947368421053,3.0
5057883,1.0833333333333333,2.142857142857143,1.1111111111111112,2.5555555555555554
5057884,1.875,3.5,1.4285714285714286,2.5
5057885,1.875,6.0,1.7333333333333334,3.6666666666666665
5057887,5.666666666666667,3.0,4.0,3.75
5057888,1.5555555555555556,1.9,2.0833333333333335,2.1333333333333333
5057889,1.6666666666666667,1.4,1.75,1.4615384615384615
6096942,1.6923076923076923,3.375,1.75,3.3076923076923075
5057891,2.0,13.0,1.6923076923076923,8.0
5057892,3.857142857142857,3.5,4.0,3.5
5057893,2.111111111111111,3.0,2.1333333333333333,2.2142857142857144
5057894,1.5,,1.4285714285714286,6.4
5057899,5.666666666666667,3.2857142857142856,4.25,2.727272727272727
5057895,2.4444444444444446,2.2222222222222223,1.9130434782608696,2.533333333333333
5057896,1.1666666666666667,2.2857142857142856,1.263157894736842,2.7777777777777777
5057897,4.5,1.5333333333333334,3.75,2.3333333333333335
5057898,2.4285714285714284,8.0,1.9375,4.222222222222222
5057900,1.7857142857142858,1.8461538461538463,1.9411764705882353,2.5789473684210527
5057901,1.8,1.5,1.6666666666666667,1.5333333333333334
5057902,1.9166666666666667,2.8,1.2962962962962963,3.066666666666667
5057903,3.75,2.2222222222222223,2.4166666666666665,1.9444444444444444
5057904,3.875,4.0,4.2,3.3333333333333335
5057905,1.2857142857142858,5.75,1.1904761904761905,2.7222222222222223
5057906,2.0,2.5,2.1875,2.2857142857142856
5057907,2.0,,1.5,6.8
5057908,3.0,12.0,2.0,8.333333333333334
6127497,9.0,3.142857142857143,4.222222222222222,2.5833333333333335
5057909,1.0909090909090908,1.0769230769230769,1.6,1.0952380952380953
5057910,1.5555555555555556,1.8,1.625,2.066666666666667
5057911,4.6,1.368421052631579,3.6666666666666665,1.6363636363636365
5057912,1.2857142857142858,2.4444444444444446,1.8695652173913044,2.05
5057913,3.0,8.666666666666666,2.1739130434782608,4.4
5057914,2.7142857142857144,1.5,2.1176470588235294,2.4761904761904763
5057915,1.1666666666666667,1.0714285714285714,1.3333333333333333,1.08
5057916,3.375,1.875,3.25,2.5454545454545454
5057917,1.8181818181818181,1.3636363636363635,1.3571428571428572,2.2777777777777777
5057918,1.1666666666666667,1.5555555555555556,1.4761904761904763,1.6470588235294117
5057919,2.142857142857143,10.0,2.1333333333333333,5.571428571428571
5057920,5.166666666666667,2.4444444444444446,4.7,2.125
5057921,2.888888888888889,5.5,1.76,7.25
5057922,1.7,6.666666666666667,2.176470588235294,3.7777777777777777
5057923,4.2,1.8333333333333333,3.230769230769231,1.6521739130434783
5057932,2.5,1.1538461538461537,1.5172413793103448,2.142857142857143
5057931,2.8,2.6666666666666665,2.357142857142857,2.142857142857143
5057924,2.2857142857142856,1.625,1.875,2.0
5057925,0.9523809523809523,2.2222222222222223,1.8333333333333333,2.0476190476190474
5057926,3.2857142857142856,3.6666666666666665,2.2916666666666665,3.2857142857142856
5057927,2.3333333333333335,1.4615384615384615,2.0,2.3636363636363638
5057928,1.0714285714285714,0.9375,1.2,1.0357142857142858
5057929,3.8,0.95,3.5,1.1111111111111112
5057930,2.5833333333333335,2.142857142857143,2.9,2.6666666666666665
5057933,1.1818181818181819,1.5454545454545454,1.4,1.619047619047619
5057934,1.7142857142857142,4.5,2.0625,5.285714285714286
5057935,6.75,2.1,4.454545454545454,2.0833333333333335
5057936,2.875,5.5,1.7916666666666667,7.5
5057937,1.8,11.0,1.894736842105263,4.444444444444445
5057938,3.6666666666666665,3.0,2.8823529411764706,3.0
5057939,3.125,1.75,3.0,1.44
5057940,2.5,1.2307692307692308,1.8571428571428572,2.0952380952380953
5057941,2.272727272727273,1.4615384615384615,2.0,2.1363636363636362
5057942,3.0,3.75,2.1333333333333333,5.666666666666667
5057943,3.0,2.2857142857142856,3.1052631578947367,2.4285714285714284
5057944,6.75,1.3636363636363635,4.545454545454546,2.1904761904761907
5057945,1.4545454545454546,6.666666666666667,2.0,4.555555555555555
5057946,1.1176470588235294,1.2,1.1071428571428572,1.2692307692307692
5057947,2.4444444444444446,5.333333333333333,1.6666666666666667,6.4
5057951,4.333333333333333,2.5,2.5,2.727272727272727
5057948,2.125,1.0,1.8823529411764706,1.8125
5057949,0.88,1.8181818181818181,1.5,1.9565217391304348
5057950,2.6666666666666665,1.0,2.9285714285714284,1.1481481481481481
5057952,1.0769230769230769,2.0,1.4074074074074074,1.894736842105263
5057953,1.05,1.5833333333333333,1.6071428571428572,1.7272727272727273
5057954,3.125,1.1578947368421053,3.3076923076923075,1.3928571428571428
5057955,1.1538461538461537,1.3846153846153846,1.4,1.4090909090909092
5057956,4.333333333333333,7.0,2.2142857142857144,2.5833333333333335
5057957,1.6666666666666667,1.4615384615384615,1.68,2.0869565217391304
5057958,2.4285714285714284,7.333333333333333,3.727272727272727,4.9
5057959,1.5,4.4,2.4615384615384617,4.083333333333333
5057961,8.5,7.5,4.75,3.0
5057962,1.3846153846153846,1.5,1.25,1.5172413793103448
5057960,1.5833333333333333,2.1818181818181817,1.8571428571428572,1.826086956521739
5057964,2.230769230769231,1.4545454545454546,2.85,1.619047619047619
5057965,3.3333333333333335,1.3125,3.111111111111111,1.5
5057966,3.0,2.75,2.0,3.5454545454545454
5057963,1.5384615384615385,1.75,1.9166666666666667,1.9411764705882353
5057967,6.333333333333333,2.888888888888889,8.0,3.5833333333333335
5057968,1.3333333333333333,2.3,1.5769230769230769,2.090909090909091
5057969,1.0,1.2352941176470589,1.8636363636363635,1.1724137931034482
5057970,1.2857142857142858,2.75,1.1923076923076923,2.3125
5057971,2.0,2.7142857142857144,3.5,3.3333333333333335
5057972,2.2,0.9444444444444444,6.4,1.7307692307692308
5057973,1.75,3.5,1.9333333333333333,2.1538461538461537
5057974,17.0,8.5,6.166666666666667,4.375
5057975,1.3333333333333333,2.6666666666666665,1.4285714285714286,1.5925925925925926
5057976,2.0,4.6,2.6666666666666665,3.2142857142857144
5057977,2.909090909090909,1.8888888888888888,2.857142857142857,1.4761904761904763
5057978,1.2857142857142858,2.090909090909091,1.7391304347826086,2.05
5057979,3.3333333333333335,2.4444444444444446,2.7777777777777777,1.7391304347826086
5057980,1.8571428571428572,2.0,1.5,1.9047619047619047
5057981,4.75,2.375,2.4285714285714284,3.0833333333333335
5057982,1.0,1.1875,1.4782608695652173,1.1785714285714286
5057983,4.0,2.4,5.333333333333333,3.5
5057984,1.8181818181818181,1.4444444444444444,2.0,1.7222222222222223
5057985,1.7,1.9090909090909092,1.3478260869565217,2.111111111111111
5057986,1.6666666666666667,1.7,3.4166666666666665,3.0
5057987,1.9,2.0,2.0588235294117645,2.7
5057988,1.4285714285714286,0.9583333333333334,4.0,1.6428571428571428
5057989,9.0,9.0,7.6,4.25
5057990,2.625,1.7777777777777777,1.894736842105263,1.736842105263158
5057991,2.5454545454545454,2.1666666666666665,2.8947368421052633,1.5294117647058822
5057992,1.25,1.3333333333333333,1.6,2.0
5057993,3.4,5.5,3.1,1.7083333333333333
5057994,1.2,2.4285714285714284,1.380952380952381,1.3214285714285714
5057995,3.0,2.2857142857142856,2.1875,2.9166666666666665
5057996,2.0,1.7777777777777777,1.8888888888888888,2.1578947368421053
5057997,0.9166666666666666,1.2352941176470589,1.2307692307692308,1.206896551724138
5057998,2.125,1.6363636363636365,1.4545454545454546,2.0555555555555554
5057999,3.6,2.0,2.4,2.4210526315789473
5058000,2.5714285714285716,1.2307692307692308,3.076923076923077,2.5294117647058822
5058001,1.375,1.0869565217391304,3.1,1.46875
5058002,2.3333333333333335,2.6,2.1176470588235294,2.3333333333333335
5058003,2.0,2.75,2.6363636363636362,3.4615384615384617
5058004,1.6666666666666667,1.0384615384615385,2.8,1.3333333333333333
5058005,3.8,6.333333333333333,1.8888888888888888,3.7777777777777777
5058006,5.5,4.4,7.333333333333333,2.6923076923076925
5058007,1.3333333333333333,1.4,1.9545454545454546,1.2413793103448276
5058008,3.6666666666666665,1.2142857142857142,2.9166666666666665,1.8181818181818181
5058009,1.8888888888888888,4.25,2.5454545454545454,1.3448275862068966
5058010,3.6666666666666665,2.0,1.5625,2.1875
5058011,2.4285714285714284,2.25,1.391304347826087,3.0
5058012,4.6,2.142857142857143,1.8181818181818181,1.9285714285714286
5058013,1.6923076923076923,3.2,1.85,3.625
5058014,3.0,4.75,1.8888888888888888,5.5
5058015,4.8,3.142857142857143,5.5,1.9375
5058016,1.1111111111111112,2.0,1.5789473684210527,1.8421052631578947
5058017,0.8947368421052632,2.0,1.2333333333333334,1.8888888888888888
5058018,1.25,1.7692307692307692,1.9090909090909092,1.4
5058019,1.8,1.1333333333333333,2.6153846153846154,1.625
5058020,2.0,2.5,2.909090909090909,1.4642857142857142
5058021,2.0,2.125,1.3888888888888888,2.3125
5058022,1.5,2.0,1.8695652173913044,2.125
5058023,1.0,4.428571428571429,1.24,3.263157894736842
5058024,2.0,2.0,1.4545454545454546,2.6
5058025,1.04,0.8333333333333334,1.1388888888888888,1.9090909090909092
5058026,3.0,1.4285714285714286,3.0,2.272727272727273
5058027,4.0,2.0,1.75,2.3636363636363638
5058028,1.6363636363636365,4.75,1.8888888888888888,4.571428571428571
5058029,8.5,3.0,2.466666666666667,4.125
5058030,2.125,1.8571428571428572,1.5909090909090908,2.4375
5058031,1.5,2.375,1.4705882352941178,2.5625
5058032,3.0,3.0,4.0,2.357142857142857
5058033,2.2,1.3333333333333333,1.6111111111111112,1.5555555555555556
5058034,1.0,2.25,1.2333333333333334,1.7894736842105263
5058035,1.25,1.7692307692307692,2.0,1.4666666666666666
5058036,1.1111111111111112,1.3636363636363635,1.8823529411764706,1.7727272727272727
5058037,2.125,2.4285714285714284,3.272727272727273,1.8095238095238095
5058038,1.5454545454545454,1.7,1.5,1.8888888888888888
5058039,1.0,3.2,1.1153846153846154,3.1
5058040,1.35,1.0555555555555556,1.1578947368421053,1.9523809523809523
5058041,3.0,1.5,2.7333333333333334,1.8181818181818181
5058042,3.5,1.7777777777777777,1.9090909090909092,2.3076923076923075
5058043,2.625,3.8,2.1875,3.625
5058044,1.6428571428571428,1.7692307692307692,2.4210526315789473,1.4482758620689655
5058045,1.0625,2.25,1.2857142857142858,2.0
5058046,3.0,1.5,1.6875,1.3888888888888888
5058047,1.2857142857142858,1.1818181818181819,1.8666666666666667,1.6363636363636365
5058048,1.3,3.857142857142857,1.125,2.8
5058049,1.3636363636363635,1.3846153846153846,1.8095238095238095,1.894736842105263
5058050,2.857142857142857,2.111111111111111,2.625,2.066666666666667
5058051,2.0,19.0,2.235294117647059,3.25
5058052,1.4666666666666666,1.1428571428571428,1.1538461538461537,1.6666666666666667
5058053,2.6666666666666665,1.8,2.3333333333333335,1.5833333333333333
5058054,2.875,3.6666666666666665,2.5384615384615383,3.5555555555555554
5058055,1.6666666666666667,9.5,2.2857142857142856,4.0
5058056,2.9,2.5,4.181818181818182,3.076923076923077
5058057,2.1,1.0,2.0476190476190474,1.75
5058058,1.75,3.142857142857143,1.4482758620689655,2.1875
5058059,1.1,2.0,1.588235294117647,1.9285714285714286
5058061,2.4285714285714284,1.625,2.5384615384615383,1.2777777777777777
5058060,2.8333333333333335,3.3333333333333335,2.235294117647059,1.7333333333333334
5058062,1.8333333333333333,1.3076923076923077,1.8666666666666667,1.2962962962962963
5058063,1.6666666666666667,2.0,1.2857142857142858,1.8421052631578947
5058064,1.411764705882353,3.0,1.5185185185185186,2.3125
5058065,1.6666666666666667,2.888888888888889,1.4761904761904763,2.2777777777777777
5058066,1.7,1.5625,2.7857142857142856,1.7307692307692308
5058067,3.0,1.875,1.7,2.1538461538461537
5058068,2.8333333333333335,2.5,4.25,2.736842105263158
5058069,1.2727272727272727,1.6666666666666667,1.7857142857142858,1.8
5058070,2.1666666666666665,1.3636363636363635,2.1666666666666665,1.2962962962962963
5058071,3.4,3.4,3.5,3.4
5058073,3.5,1.0,1.9523809523809523,1.6666666666666667
5058072,1.8333333333333333,2.857142857142857,1.5925925925925926,2.25
5058074,1.8333333333333333,1.3333333333333333,2.6470588235294117,1.4814814814814814
5058075,2.8333333333333335,3.3333333333333335,2.0588235294117645,1.6923076923076923
5058076,2.4444444444444446,1.75,2.4375,1.25
5058077,1.875,4.4,2.0625,4.1
5058078,1.5,2.0,1.1666666666666667,2.0588235294117645
5058079,2.5,4.75,3.5833333333333335,2.8461538461538463
5058080,3.3333333333333335,2.0,2.2222222222222223,2.066666666666667
5058081,2.0,2.6666666666666665,1.6296296296296295,2.466666666666667
5058082,2.8,2.6666666666666665,4.571428571428571,2.6
5058083,3.0,2.888888888888889,1.75,2.75
5058085,1.3,1.1818181818181819,1.4666666666666666,1.5
5058086,2.3333333333333335,3.2857142857142856,2.0,2.6
5058087,2.7777777777777777,1.3333333333333333,1.8,1.5555555555555556
5058088,3.0,5.25,2.4615384615384617,4.0
5058089,1.8461538461538463,1.8571428571428572,2.411764705882353,1.3157894736842106
5058090,2.1666666666666665,3.6666666666666665,2.6666666666666665,1.56
5058091,2.0,1.6666666666666667,1.3333333333333333,1.9473684210526316
5058092,3.0,2.1666666666666665,3.7,2.6363636363636362
5058093,2.9,14.0,1.5714285714285714,2.5714285714285716
5058094,1.5,1.1111111111111112,2.1578947368421053,1.2666666666666666
5058095,2.2857142857142856,2.5555555555555554,1.5,2.764705882352941
5058096,1.625,2.0,1.5333333333333334,2.0
5058097,3.75,1.7,4.857142857142857,2.823529411764706
5058084,2.5714285714285716,3.6666666666666665,2.2857142857142856,1.75
5058098,1.7272727272727273,5.0,2.7333333333333334,2.8461538461538463
5058099,2.3333333333333335,2.75,2.2142857142857144,2.4444444444444446
5058100,3.3333333333333335,2.625,2.5384615384615383,1.7142857142857142
5058101,1.625,3.0,1.6538461538461537,1.56
5058102,1.7272727272727273,1.6363636363636365,2.0526315789473686,1.7777777777777777
5058103,4.0,2.8333333333333335,2.473684210526316,2.357142857142857
5058104,1.3636363636363635,3.5,1.3529411764705883,4.75
5058105,9.5,1.6666666666666667,4.555555555555555,2.588235294117647
5058106,2.4545454545454546,8.5,1.5862068965517242,2.6923076923076925
5058107,2.0,1.8333333333333333,1.631578947368421,2.6875
5058108,2.125,1.5714285714285714,1.8571428571428572,2.15
5058109,3.8,2.111111111111111,2.75,1.7083333333333333
5058110,1.9166666666666667,2.3333333333333335,1.64,1.52
5058111,2.3333333333333335,2.142857142857143,2.5555555555555554,1.4
5058112,2.0,1.1538461538461537,2.1666666666666665,1.5238095238095237
5058113,2.6666666666666665,2.5,2.1363636363636362,2.2857142857142856
5058114,1.5,1.7142857142857142,1.9375,1.375
5058115,2.0,2.3333333333333335,3.0,2.1818181818181817
5058116,1.4285714285714286,2.5555555555555554,1.45,4.2
5058117,3.0,2.111111111111111,3.0,2.5555555555555554
5058118,1.4545454545454546,2.4444444444444446,1.6,1.68
5058119,2.4166666666666665,2.3636363636363638,1.7307692307692308,2.6315789473684212
5058120,2.125,2.8333333333333335,1.5789473684210527,3.3846153846153846
5058121,1.8888888888888888,1.5384615384615385,1.8571428571428572,2.0
5058122,3.8,1.2222222222222223,4.222222222222222,1.3448275862068966
5058123,3.5,5.0,2.7857142857142856,3.272727272727273
5058124,2.0,1.0,2.1578947368421053,1.375
5058125,1.8,1.5384615384615385,1.3870967741935485,1.4230769230769231
5058126,2.857142857142857,1.8181818181818181,2.3076923076923075,1.7391304347826086
5058127,1.0666666666666667,2.2,1.3636363636363635,3.4166666666666665
5058128,2.0,4.5,1.8125,3.1666666666666665
5058129,1.6363636363636365,2.2,1.8461538461538463,1.95
5058130,1.8571428571428572,2.125,2.3,1.6666666666666667
5058131,2.5555555555555554,1.4615384615384615,2.0952380952380953,1.8571428571428572
5058132,2.142857142857143,1.7142857142857142,2.4615384615384617,1.5
5058133,2.25,3.6,2.8461538461538463,2.4545454545454546
5058134,2.6,1.2857142857142858,2.769230769230769,1.9583333333333333
5058135,1.6666666666666667,1.9,1.8888888888888888,1.75
5058136,4.285714285714286,2.875,2.25,2.764705882352941
5058137,3.3333333333333335,1.0,3.1666666666666665,1.121212121212121
5058138,3.142857142857143,3.0,2.6666666666666665,3.0
5058139,2.5,1.6428571428571428,2.1,2.3333333333333335
5058140,1.8571428571428572,2.111111111111111,2.3,1.8823529411764706
5058141,3.6,1.6428571428571428,3.5,2.0
5058142,3.5,2.75,2.5454545454545454,2.823529411764706
5058143,2.375,0.8421052631578947,2.5714285714285716,1.1714285714285715
5058144,2.2857142857142856,3.3333333333333335,2.7142857142857144,2.888888888888889
5058145,3.0,2.6666666666666665,2.9166666666666665,1.4615384615384615
5058146,2.0,1.7777777777777777,2.6666666666666665,1.8
5058147,2.375,2.625,2.125,2.3333333333333335
5058148,1.5833333333333333,1.3333333333333333,1.4782608695652173,1.9166666666666667
5058149,2.7142857142857144,3.5,3.4166666666666665,3.0
5058150,3.4,3.4,2.9285714285714284,2.4615384615384617
5058151,2.3,3.1818181818181817,2.6666666666666665,3.0476190476190474
5058152,1.9230769230769231,2.3333333333333335,1.4444444444444444,2.2666666666666666
5058153,1.6428571428571428,1.5714285714285714,2.388888888888889,1.64
5058154,1.2142857142857142,1.75,1.391304347826087,2.2857142857142856
5058155,3.0,2.3333333333333335,2.2857142857142856,2.8
5058156,1.1764705882352942,2.111111111111111,1.2571428571428571,2.2222222222222223
5058157,3.0,2.5714285714285716,2.4285714285714284,2.1052631578947367
5058158,2.3333333333333335,2.0,1.894736842105263,1.3846153846153846
5058159,1.0769230769230769,1.5454545454545454,1.4545454545454546,1.9285714285714286
5058160,2.3333333333333335,1.8888888888888888,5.25,2.2857142857142856
5058161,2.142857142857143,2.6666666666666665,2.5,2.5555555555555554
5058164,2.375,4.0,3.3333333333333335,3.1666666666666665
5058162,1.2,3.4,1.4545454545454546,2.3076923076923075
5058163,4.6,2.6,2.6666666666666665,2.8181818181818183
5058165,1.5714285714285714,4.4,2.4285714285714284,2.5555555555555554
5058167,2.0,2.3333333333333335,1.5384615384615385,2.2666666666666666
5058168,1.4666666666666666,0.9230769230769231,1.2727272727272727,1.894736842105263
5058169,2.1,3.0,2.3333333333333335,2.933333333333333
5058170,3.75,5.333333333333333,2.5,2.176470588235294
5058171,1.4166666666666667,2.8333333333333335,1.3043478260869565,2.5384615384615383
5058172,1.5,4.0,1.7619047619047619,1.75
5058173,2.857142857142857,2.6666666666666665,2.357142857142857,2.7333333333333334
5058174,0.8571428571428571,2.0,1.7,2.230769230769231
5058175,1.75,1.5,2.111111111111111,1.5833333333333333
5058176,2.3333333333333335,1.4444444444444444,4.8,2.909090909090909
5058177,1.8888888888888888,7.0,2.533333333333333,3.0
5058178,1.7142857142857142,1.25,1.95,1.619047619047619
5058179,4.333333333333333,2.1666666666666665,3.0833333333333335,2.75
5058180,3.0,3.2,2.6875,2.8095238095238093
5058181,0.8571428571428571,1.8333333333333333,1.5714285714285714,2.0
5058182,2.2857142857142856,2.857142857142857,1.826086956521739,2.6153846153846154
5058183,0.5625,4.0,1.25,2.4
5058184,3.6666666666666665,2.375,2.8461538461538463,2.411764705882353
5058185,1.263157894736842,1.0714285714285714,1.2432432432432432,1.6956521739130435
5058186,1.1818181818181819,2.5714285714285716,1.4090909090909092,2.3333333333333335
5058187,16.0,13.0,2.6666666666666665,2.3333333333333335
5058188,1.3333333333333333,3.3333333333333335,2.2,2.2941176470588234
5058189,1.6,3.0,2.0526315789473686,2.7142857142857144
5058190,3.6666666666666665,2.0,4.333333333333333,2.3333333333333335
5058191,1.7,1.7,1.5238095238095237,1.8333333333333333
6978332,2.888888888888889,3.875,2.5,3.0
5058192,2.8,1.8,3.3,1.8636363636363635
5058193,3.0,2.5714285714285716,2.3125,1.65
5058194,3.25,9.5,3.0714285714285716,3.7777777777777777
5058195,1.7857142857142858,1.2857142857142858,1.3055555555555556,1.5909090909090908
5058196,2.0,3.0,2.6153846153846154,2.3333333333333335
5058197,4.666666666666667,4.666666666666667,2.4166666666666665,2.6
5058198,2.5,2.2857142857142856,2.4,2.4166666666666665
5058199,3.0,1.7777777777777777,3.0,1.9
5058200,3.75,3.0,3.1818181818181817,2.1
5058201,2.0,0.5,2.3125,1.1304347826086956
5058202,1.0,2.375,1.5,3.2666666666666666
5058203,2.3333333333333335,1.1428571428571428,1.6,2.142857142857143
5058204,2.375,4.75,2.5,1.7894736842105263
5058205,2.888888888888889,7.0,3.3846153846153846,4.0
5058206,3.2222222222222223,1.3076923076923077,2.764705882352941,1.8181818181818181
5058207,3.6,2.2,2.0555555555555554,2.0588235294117645
5058208,2.272727272727273,1.4615384615384615,1.3666666666666667,1.65
5058209,3.142857142857143,1.6666666666666667,2.6,2.2941176470588234
5058210,3.2,2.0,2.2857142857142856,1.8
5058211,2.2,3.4,2.3076923076923075,3.125
5058212,2.2,1.625,2.6153846153846154,2.3846153846153846
5058213,3.6,1.5,2.111111111111111,1.4583333333333333
5058214,3.0,1.2307692307692308,3.111111111111111,1.6
5058215,2.6,2.125,3.0,2.0
5058216,2.0,1.3076923076923077,1.5333333333333334,1.4761904761904763
5058217,2.0,2.125,2.2142857142857144,1.7894736842105263
5058218,2.5,2.857142857142857,2.8,2.6666666666666665
5058219,3.857142857142857,5.5,3.6666666666666665,4.0
5058220,3.6666666666666665,0.75,3.2222222222222223,1.5714285714285714
5058221,1.4285714285714286,4.666666666666667,2.1333333333333333,2.5833333333333335
5058223,1.2727272727272727,3.1666666666666665,1.4166666666666667,3.357142857142857
5058225,2.375,4.0,2.3529411764705883,1.8888888888888888
5058226,3.75,1.3571428571428572,2.823529411764706,1.7727272727272727
5058227,4.0,2.888888888888889,2.1666666666666665,2.4375
5058228,3.5,1.8,2.6666666666666665,2.375
5058229,3.0,1.9,2.5,1.4
5058230,4.75,2.6,2.3333333333333335,2.0
5058231,2.8333333333333335,0.8333333333333334,2.4375,1.3043478260869565
5058232,2.4444444444444446,3.0,2.533333333333333,1.9411764705882353
5058234,2.4,1.375,1.8421052631578947,1.8
5058233,1.5384615384615385,8.0,1.56,3.923076923076923
5058235,3.5555555555555554,1.3333333333333333,2.8947368421052633,1.6666666666666667
5058236,3.142857142857143,2.5,3.076923076923077,2.4375
5058237,2.0,1.8,2.2666666666666666,1.4583333333333333
7345140,2.5,0.6666666666666666,2.6153846153846154,1.2916666666666667
7364165,6.0,1.5714285714285714,2.125,1.8571428571428572
5058238,1.375,3.4285714285714284,1.8823529411764706,3.9166666666666665
5058239,2.3333333333333335,2.0,1.8,2.05
5058241,2.0,2.25,2.0,3.0
5058240,2.0,2.2,2.1666666666666665,1.4166666666666667
5058242,1.875,4.428571428571429,1.2857142857142858,3.642857142857143
5058243,3.0,3.1666666666666665,3.25,2.7142857142857144
5058244,4.5,0.8235294117647058,4.125,1.0740740740740742
5058245,0.6,4.2,1.55,2.2941176470588234
5058246,2.0,1.25,2.0,1.4
5058247,1.0,3.0,1.8666666666666667,3.5714285714285716
5058248,3.6666666666666665,3.8333333333333335,2.0588235294117645,3.3333333333333335
5058249,4.25,2.875,3.5,2.2
5058250,1.1176470588235294,3.5,1.565217391304348,3.2222222222222223
5058251,1.0,2.6666666666666665,1.7058823529411764,1.9166666666666667
5058252,1.4545454545454546,3.0,2.2857142857142856,2.8
5058253,2.111111111111111,1.875,2.5714285714285716,1.6
5058254,3.2,2.5714285714285716,3.5,2.1875
5058255,0.875,4.0,1.4375,3.5714285714285716
5058256,3.0,2.5,2.4285714285714284,1.8571428571428572
5058257,2.111111111111111,1.6428571428571428,2.466666666666667,1.25
5058258,2.4,3.3333333333333335,1.4210526315789473,3.466666666666667
5058259,1.4285714285714286,2.1666666666666665,2.2,2.1666666666666665
5058260,5.0,1.5,6.2,0.9230769230769231
5058261,0.9230769230769231,3.8333333333333335,1.6842105263157894,2.111111111111111
5058262,1.75,1.5,2.0,1.4
5058263,3.1666666666666665,1.8,2.2777777777777777,4.166666666666667
5058264,2.25,3.3333333333333335,2.4,3.4444444444444446
5058265,1.875,2.5714285714285716,2.875,2.0
5058266,1.0,5.0,1.588235294117647,1.9130434782608696
5058267,1.3846153846153846,4.571428571428571,1.5217391304347827,3.625
5058268,2.0,1.7,2.25,1.7
5058269,0.6666666666666666,4.2,1.5714285714285714,3.357142857142857
5058270,1.875,2.111111111111111,2.6363636363636362,2.0625
5058271,2.2857142857142856,1.5294117647058822,2.3333333333333335,1.28125
5058272,3.6666666666666665,1.4166666666666667,6.0,0.9230769230769231
5058273,1.6666666666666667,4.166666666666667,1.4210526315789473,3.6153846153846154
5058274,1.4,2.6666666666666665,1.5789473684210527,2.533333333333333
5058275,3.2,1.1111111111111112,2.2666666666666666,1.125
5058276,2.0,3.8,2.8461538461538463,3.4444444444444446
5058277,2.8333333333333335,2.0,2.5384615384615383,1.8
5058278,2.2,2.4285714285714284,2.2777777777777777,2.9166666666666665
5058279,1.0,1.5,1.65,2.0
5058280,2.2222222222222223,3.7142857142857144,1.6521739130434783,3.4375
5058281,1.6,3.8,1.8571428571428572,2.3157894736842106
5058282,2.5,2.5,2.7142857142857144,1.875
5058283,3.3333333333333335,2.0,2.625,2.888888888888889
5058292,1.6153846153846154,4.333333333333333,2.1052631578947367,4.0
5058284,2.857142857142857,2.4285714285714284,2.875,3.4444444444444446
5058285,2.8,2.2222222222222223,1.6666666666666667,2.2857142857142856
5058286,4.0,3.6,3.4444444444444446,3.75
5058287,2.5,1.5555555555555556,2.909090909090909,2.066666666666667
5058288,2.2857142857142856,1.2777777777777777,1.9333333333333333,1.2758620689655173
5058289,2.6,1.3,2.1333333333333333,2.0
5058290,1.6,3.2857142857142856,2.4,3.3846153846153846
5058291,1.4615384615384615,3.5,1.16,3.2
5058293,1.9,3.0,1.6521739130434783,2.5294117647058822
5058294,3.0,3.0,2.4,3.3636363636363638
5058295,0.8,2.2222222222222223,1.0555555555555556,2.2142857142857144
5058296,2.111111111111111,0.9285714285714286,2.8181818181818183,1.55
5058297,3.2,1.1666666666666667,1.4705882352941178,1.6111111111111112
5058298,4.142857142857143,2.4285714285714284,3.235294117647059,3.111111111111111
5058299,8.5,4.0,3.4,3.6363636363636362
5058300,2.4,1.3,1.631578947368421,1.5333333333333334
5058301,4.0,3.25,3.272727272727273,2.6666666666666665
5058302,1.8888888888888888,1.0,2.5833333333333335,1.2121212121212122
5058303,2.75,1.5,2.0714285714285716,1.8666666666666667
5058305,2.076923076923077,3.4,1.3214285714285714,3.5454545454545454
5058307,2.2222222222222223,4.0,1.6818181818181819,2.4705882352941178
5058308,3.1666666666666665,2.111111111111111,2.5714285714285716,2.923076923076923
5058309,1.8,3.0,1.8,2.6153846153846154
5058310,0.8,2.7142857142857144,1.1176470588235294,2.0714285714285716
5058311,6.0,7.0,3.090909090909091,3.8
5058312,1.875,3.8333333333333335,2.4,3.4615384615384617
5058313,2.6666666666666665,3.5,1.4615384615384615,3.7
5058315,0.875,6.666666666666667,1.0625,2.2142857142857144
5058316,4.4,4.0,1.8636363636363635,3.076923076923077
5058317,3.0,5.25,2.466666666666667,3.6666666666666665
5058318,1.375,1.1538461538461537,2.4615384615384617,1.4761904761904763
5058319,6.333333333333333,1.2307692307692308,1.5555555555555556,1.8421052631578947
5058320,4.857142857142857,3.5714285714285716,3.176470588235294,3.7777777777777777
5058321,1.5,1.5,1.4,1.4375
5058322,3.8,1.8333333333333333,3.3636363636363638,2.1
5058323,2.7142857142857144,0.8636363636363636,2.5384615384615383,1.28125
5058324,2.6,1.5,2.1538461538461537,2.0
5058314,1.6153846153846154,9.0,2.466666666666667,4.916666666666667
5058325,1.4,2.5,1.8888888888888888,2.4615384615384617
5058326,3.8333333333333335,1.5714285714285714,3.5454545454545454,1.8181818181818181
5058327,1.8571428571428572,1.6,1.8666666666666667,1.3333333333333333
5058328,1.7142857142857142,2.0,1.7058823529411764,2.066666666666667
5058329,2.5,1.0,2.75,1.2727272727272727
7612500,1.6666666666666667,7.75,2.3125,4.916666666666667
5058330,1.8333333333333333,4.0,1.9375,2.3333333333333335
5058331,1.2222222222222223,1.3636363636363635,2.2666666666666666,1.4090909090909092
5058332,4.5,1.4,1.7647058823529411,1.8823529411764706
5058333,2.7,6.333333333333333,3.0833333333333335,3.0
5058334,30.0,1.75,3.230769230769231,2.5714285714285716
5058336,0.8666666666666667,2.5454545454545454,1.21875,2.0476190476190474
5058335,1.625,2.1,2.176470588235294,2.0
5058337,1.625,1.375,1.8823529411764706,1.4090909090909092
5058338,2.5,4.166666666666667,3.4,2.263157894736842
5058340,2.272727272727273,5.333333333333333,2.5714285714285716,4.0
5058341,3.6,1.8888888888888888,2.1333333333333333,2.0714285714285716
5058339,2.2222222222222223,1.6363636363636365,1.8823529411764706,1.3157894736842106
5058342,1.3636363636363635,2.6666666666666665,1.7647058823529411,2.8333333333333335
5058343,2.6666666666666665,3.0,3.6153846153846154,2.4375
5058344,3.0,4.0,3.888888888888889,2.6153846153846154
5058345,1.2222222222222223,1.4545454545454546,1.4285714285714286,1.9411764705882353
5058346,2.0,3.2222222222222223,2.25,3.8125
5058347,7.0,2.5,3.142857142857143,2.357142857142857
5058348,5.666666666666667,6.0,4.111111111111111,3.8181818181818183
5058349,0.6363636363636364,2.0,0.9411764705882353,2.076923076923077
5058350,2.75,5.4,3.5555555555555554,3.357142857142857
5058351,1.75,2.4,1.6470588235294117,1.35
5058352,1.0714285714285714,3.111111111111111,1.1875,2.142857142857143
5058354,2.4285714285714284,2.0,2.5833333333333335,1.8571428571428572
5058355,2.875,2.2222222222222223,2.5294117647058822,2.210526315789474
5058356,3.0,1.8888888888888888,2.0,1.2777777777777777
5058357,1.0,1.0769230769230769,1.4,1.5
5058358,1.1818181818181819,2.2142857142857144,1.625,2.55
5058359,4.666666666666667,2.875,3.6666666666666665,2.7142857142857144
5058360,3.75,4.0,3.7777777777777777,3.0
5058361,3.0,3.875,2.3333333333333335,3.8
5058362,4.8,2.2,3.142857142857143,2.0714285714285716
5058363,0.5454545454545454,2.25,0.8,2.272727272727273
5058364,5.0,5.5,4.333333333333333,3.5454545454545454
5058365,2.4285714285714284,1.5555555555555556,2.75,1.8571428571428572
5058366,3.1666666666666665,3.0,1.8333333333333333,1.4736842105263157
5058367,3.5,3.5,2.764705882352941,2.210526315789474
5058368,3.2857142857142856,5.0,2.857142857142857,4.428571428571429
5058369,3.6666666666666665,5.2,3.625,3.0
5058370,1.4,3.6666666666666665,1.1333333333333333,2.1578947368421053
5058371,4.333333333333333,0.8461538461538461,2.5625,1.0434782608695652
5058372,3.6666666666666665,2.1,3.9166666666666665,2.642857142857143
5058373,3.2,6.0,3.090909090909091,4.0
5058374,1.0,0.7857142857142857,1.6428571428571428,1.2173913043478262
5058375,0.8,1.1428571428571428,0.8,1.9166666666666667
5058376,4.8,4.0,4.222222222222222,3.3636363636363638
5058377,11.0,2.8,2.6363636363636362,3.375
5058378,4.666666666666667,4.0,3.6153846153846154,2.1538461538461537
5058379,1.4545454545454546,2.142857142857143,1.8,2.380952380952381
5058380,3.5714285714285716,4.8,2.3529411764705883,3.142857142857143
5058381,2.5,2.3,1.7142857142857142,2.8
5058382,2.4,5.333333333333333,3.111111111111111,6.6
5058383,1.375,4.5,1.5714285714285714,1.9166666666666667
5058384,2.8333333333333335,3.75,2.3157894736842106,3.4
5058385,4.25,0.4117647058823529,3.7777777777777777,0.5555555555555556
5058386,3.2857142857142856,1.5,2.5625,2.3529411764705883
5058387,3.142857142857143,2.25,2.1176470588235294,2.9285714285714284
5058388,1.3,2.142857142857143,1.6428571428571428,1.8
5058389,2.2857142857142856,1.875,1.206896551724138,1.6875
5058390,2.3333333333333335,5.8,2.375,3.076923076923077
5058391,2.0,9.0,3.25,7.2
5058392,2.1818181818181817,2.0,3.642857142857143,2.7142857142857144
5058393,3.5,0.7692307692307693,2.5384615384615383,1.45
5058394,2.5,1.4615384615384615,3.1,1.7777777777777777
5058395,1.0,2.3333333333333335,1.1538461538461537,3.6666666666666665
5058396,2.888888888888889,4.285714285714286,3.0625,5.0
5058397,1.7777777777777777,5.0,1.6875,2.625
5058398,2.6666666666666665,4.25,2.6666666666666665,3.5
5058399,3.6,4.5,1.8333333333333333,2.75
5058400,2.0,0.6,2.4615384615384617,0.6956521739130435
5058402,2.5555555555555554,5.333333333333333,2.1176470588235294,3.6363636363636362
5058401,3.125,1.0,2.6470588235294117,2.0
5058403,1.3333333333333333,2.0,1.8181818181818181,1.8
5058404,2.5,2.3333333333333335,1.4444444444444444,2.125
5058405,1.9,9.333333333333334,2.588235294117647,3.25
5058406,2.125,5.0,2.25,5.571428571428571
5058407,1.75,1.625,3.25,2.608695652173913
5058408,2.2,0.8461538461538461,3.5555555555555554,1.368421052631579
5058409,2.142857142857143,2.0,2.8181818181818183,1.8823529411764706
5058410,0.9333333333333333,1.8571428571428572,1.2,2.8181818181818183
5058411,3.111111111111111,2.7777777777777777,3.4,5.5
5058412,1.4444444444444444,13.0,1.3333333333333333,3.5714285714285716
5058413,1.7142857142857142,3.4,2.2222222222222223,3.6666666666666665
5058414,4.0,3.6,2.1875,2.4615384615384617
5058415,1.5,0.8571428571428571,2.4615384615384617,0.76
5058416,1.5,3.0,1.6666666666666667,2.4
5058417,3.6666666666666665,2.111111111111111,1.6666666666666667,2.0
5058418,2.2,2.6,2.6842105263157894,2.6363636363636362
5058419,1.2142857142857142,2.0,1.4,2.6666666666666665
5058420,3.0,4.166666666666667,2.8666666666666667,5.3
5058421,1.2727272727272727,2.4285714285714284,2.1,3.0
5058422,4.4,3.2,2.5384615384615383,2.8181818181818183
5058423,2.0,27.0,2.3684210526315788,4.444444444444445
5058424,2.1666666666666665,1.25,3.7,1.368421052631579
5058425,3.3333333333333335,2.25,3.1818181818181817,1.736842105263158
5058426,1.625,0.9166666666666666,2.75,0.7391304347826086
5058427,1.0,11.5,1.3125,4.6
5058428,2.4,1.9,2.2916666666666665,2.142857142857143
5058429,2.111111111111111,2.1,2.0588235294117645,1.9444444444444444
5058430,3.375,3.8333333333333335,3.2,1.9
5058431,1.9,2.3333333333333335,2.6923076923076925,2.3846153846153846
5058435,1.3333333333333333,2.25,1.5416666666666667,2.7333333333333334
5058432,2.5,3.8,3.1875,3.230769230769231
5058433,2.142857142857143,3.142857142857143,3.3636363636363638,2.611111111111111
5058434,3.6,3.75,3.6666666666666665,1.7058823529411764
5058436,1.0769230769230769,1.3,1.894736842105263,1.1578947368421053
5058437,2.857142857142857,2.2222222222222223,2.5833333333333335,1.65
5058438,3.2,6.0,2.5714285714285716,4.0
5058439,0.7692307692307693,1.5714285714285714,2.0555555555555554,2.9166666666666665
5058440,2.142857142857143,3.75,3.3,4.153846153846154
5058441,6.666666666666667,0.8333333333333334,4.0,0.8181818181818182
5058442,2.4,1.5833333333333333,2.25,2.0
5058443,2.1,1.7692307692307692,2.5384615384615383,1.625
5058444,2.5,5.0,3.0,7.0
5058445,2.4,1.8888888888888888,2.0,2.4
5058446,1.1818181818181819,8.333333333333334,1.1666666666666667,4.818181818181818
5058447,2.0,2.5,2.6923076923076925,2.4615384615384617
5058448,2.625,2.1818181818181817,3.357142857142857,1.8095238095238095
5058449,2.25,8.5,2.6153846153846154,1.75
5058450,2.111111111111111,2.1,1.3636363636363635,2.6875
5058451,1.1111111111111112,1.4444444444444444,1.8,1.2105263157894737
5058452,2.7142857142857144,3.2857142857142856,3.1818181818181817,3.2857142857142856
5058453,2.625,4.5,2.7222222222222223,2.7857142857142856
5058454,2.5,3.3333333333333335,3.0,3.8666666666666667
5058455,0.8461538461538461,1.8181818181818181,2.0555555555555554,2.466666666666667
5058456,6.666666666666667,2.4,4.375,0.8636363636363636
5868557,1.9090909090909092,2.0,2.642857142857143,2.142857142857143
5868558,2.5,1.25,2.2222222222222223,1.875
5868559,3.8,3.6666666666666665,3.6666666666666665,2.8666666666666667
5868560,1.5454545454545454,7.333333333333333,1.4285714285714286,6.375
5868561,2.875,1.411764705882353,3.2,1.6666666666666667
5868562,2.6,3.0,2.380952380952381,2.533333333333333
5868563,2.25,2.1666666666666665,2.090909090909091,2.235294117647059
5868564,1.8888888888888888,6.0,2.1333333333333333,1.75
5868565,2.75,3.1666666666666665,1.3181818181818181,3.0
5868566,0.8461538461538461,1.3,1.4210526315789473,1.3333333333333333
5868567,1.8571428571428572,1.8,2.8181818181818183,1.608695652173913
5868568,2.125,5.5,2.1333333333333333,5.0
5868569,9.0,1.7142857142857142,5.142857142857143,0.9545454545454546
5868570,0.75,2.2222222222222223,1.7142857142857142,2.111111111111111
5868571,1.4285714285714286,2.8,2.4545454545454546,3.411764705882353
5058472,2.0,4.5,1.9285714285714286,3.2222222222222223
5058473,1.8181818181818181,1.5555555555555556,2.923076923076923,2.25
5058474,10.0,1.1875,9.6,1.625
5058475,2.1666666666666665,2.875,1.7727272727272727,3.066666666666667
5058476,2.5,2.3636363636363638,2.4210526315789473,2.0434782608695654
5058477,1.875,2.0,2.0625,2.0
5058478,1.4,2.7142857142857144,1.7,2.235294117647059
5058479,2.142857142857143,1.2,1.3181818181818181,1.411764705882353
5058480,4.75,2.8333333333333335,1.7647058823529411,3.0
5058481,3.0,1.125,2.466666666666667,1.4705882352941178
5058482,1.7777777777777777,3.75,1.619047619047619,3.888888888888889
5058483,1.375,1.3846153846153846,2.1538461538461537,1.65
5058484,2.5,2.5,2.6315789473684212,1.9444444444444444
5058485,2.25,2.2,3.1666666666666665,1.2105263157894737
5058486,1.8571428571428572,2.0,1.9285714285714286,2.0714285714285716
5058487,2.0,1.0,2.857142857142857,1.7
5058488,6.333333333333333,0.9375,11.5,1.6818181818181819
5058489,1.3333333333333333,3.0,2.0,3.0714285714285716
5058490,2.4,1.8571428571428572,2.263157894736842,2.0
5058491,1.7272727272727273,2.3333333333333335,2.5,2.235294117647059
5058492,1.4444444444444444,3.8,1.8235294117647058,2.642857142857143
5058493,1.0909090909090908,0.8888888888888888,1.16,1.1
5058494,4.0,3.8,2.3076923076923075,3.2857142857142856
5058495,1.7142857142857142,2.090909090909091,2.5,1.75
5058496,2.2,1.8571428571428572,2.466666666666667,1.625
5058497,2.25,3.0,1.4761904761904763,3.7777777777777777
5058498,1.5714285714285714,1.0769230769230769,2.0,1.7894736842105263
5058499,1.8461538461538463,2.25,2.5789473684210527,1.9375
5058500,1.25,3.25,3.6,1.5
5058501,3.2,1.0625,5.571428571428571,1.8181818181818181
5058502,4.2,1.6666666666666667,2.6666666666666665,1.894736842105263
5058503,1.1111111111111112,1.4285714285714286,1.25,1.2
5058504,1.6666666666666667,2.8333333333333335,2.1176470588235294,1.875
5058505,1.5,2.1666666666666665,3.0,1.2777777777777777
5058506,2.2857142857142856,1.5,2.2142857142857144,2.0526315789473686
5058507,1.6363636363636365,1.8888888888888888,1.8823529411764706,2.0
5058508,2.142857142857143,2.375,2.2941176470588234,2.875
5058509,2.888888888888889,1.7857142857142858,2.5,2.0454545454545454
5058510,1.6363636363636365,2.3333333333333335,2.3125,2.1052631578947367
5058511,2.125,4.0,2.176470588235294,3.5
5058512,2.5,7.0,3.0,3.2
5058513,1.6666666666666667,1.9230769230769231,2.2142857142857144,1.7619047619047619
5058514,1.8181818181818181,1.8,2.6315789473684212,1.7058823529411764
5058515,1.6,3.25,1.1304347826086956,4.714285714285714
5058516,2.0,2.3333333333333335,2.235294117647059,2.4705882352941178
5058517,1.6666666666666667,2.6,2.1875,1.7272727272727273
5058518,3.4285714285714284,2.0,2.823529411764706,2.25
5058519,1.5,1.3333333333333333,1.8333333333333333,1.9375
5058520,2.1,3.0,2.7857142857142856,2.1052631578947367
5058521,1.5454545454545454,2.6,1.1666666666666667,4.125
5058522,1.4,1.9090909090909092,2.4285714285714284,2.1176470588235294
5058523,2.7142857142857144,1.4285714285714286,4.0,1.25
5058524,3.0,2.6666666666666665,5.285714285714286,2.764705882352941
5058527,2.375,3.5,2.6153846153846154,2.5625
5058528,2.857142857142857,3.25,2.4210526315789473,2.0526315789473686
5058529,3.6,1.6666666666666667,3.4166666666666665,1.8888888888888888
5058530,2.1,1.6,2.0555555555555554,2.1
5058526,1.4,2.142857142857143,1.631578947368421,2.2
5058531,1.5555555555555556,3.8333333333333335,2.357142857142857,3.0
5058532,6.666666666666667,2.1666666666666665,3.1538461538461537,1.9411764705882353
5058533,2.6,2.75,2.0,2.642857142857143
5058534,1.2307692307692308,3.3333333333333335,0.9655172413793104,2.2
5058535,1.5454545454545454,1.8333333333333333,2.35,3.625
5058536,1.6,1.4666666666666666,2.7142857142857144,1.6956521739130435
5058537,2.0,1.9,2.1666666666666665,2.0555555555555554
8128168,1.5454545454545454,2.1666666666666665,1.8636363636363635,2.125
5058539,2.2222222222222223,2.25,3.1666666666666665,1.1764705882352942
5058540,3.5,2.625,2.473684210526316,2.0
5058541,3.25,2.857142857142857,5.0,2.8666666666666667
5058543,1.7777777777777777,2.4444444444444446,1.75,2.1666666666666665
5058544,4.0,2.0,3.8181818181818183,2.2142857142857144
5058545,2.888888888888889,2.125,2.5,2.263157894736842
5058546,1.5,2.875,2.357142857142857,2.6666666666666665
5058547,2.6,4.166666666666667,2.066666666666667,2.6923076923076925
5058548,1.4,2.0,1.4074074074074074,1.9333333333333333
5058549,3.1666666666666665,2.75,3.1666666666666665,2.3846153846153846
5058550,1.8,4.0,2.3,3.857142857142857
5058551,0.8333333333333334,3.1666666666666665,1.2380952380952381,2.0
5058552,2.0,1.1428571428571428,2.111111111111111,1.7619047619047619
5058553,3.0,2.125,2.6470588235294117,2.1052631578947367
5058555,3.2857142857142856,1.8888888888888888,2.2,2.0
5058554,4.0,2.090909090909091,6.0,2.411764705882353
5058556,8.0,1.8181818181818181,4.3,1.9444444444444444
5058557,3.6666666666666665,3.6,2.642857142857143,2.4375
5058558,3.25,6.0,2.6,2.375
5058560,1.25,2.142857142857143,1.7777777777777777,2.3333333333333335
5058561,3.0,3.6666666666666665,1.8571428571428572,2.357142857142857
5058562,2.0,2.5,2.9166666666666665,1.5714285714285714
5058563,2.0,3.2857142857142856,2.066666666666667,2.05
5058564,4.0,4.8,2.6666666666666665,3.2
5058565,2.0,3.6,2.263157894736842,3.3333333333333335
5058566,1.5,1.1538461538461537,1.4,1.608695652173913
8158336,2.125,1.5555555555555556,1.8235294117647058,1.4444444444444444
5058567,1.0833333333333333,2.4285714285714284,1.55,1.7333333333333334
5058568,4.25,3.0,1.8666666666666667,2.1875
5058575,2.2857142857142856,2.0,2.05,2.769230769230769
5058569,3.5714285714285716,3.0,1.95,1.8333333333333333
5058570,1.0714285714285714,2.4444444444444446,1.7894736842105263,2.125
5058571,3.6666666666666665,3.6,2.0,2.3125
5058572,2.4,1.4545454545454546,1.9473684210526316,1.2962962962962963
5058573,2.090909090909091,1.4,2.4,1.4444444444444444
5058574,2.0,3.142857142857143,2.1666666666666665,3.0
5058576,2.6666666666666665,5.0,2.1818181818181817,5.666666666666667
5058577,3.6,2.25,2.5833333333333335,1.3076923076923077
5058578,2.7777777777777777,3.5,2.5555555555555554,2.2941176470588234
5058579,2.7142857142857144,1.7777777777777777,2.466666666666667,1.7142857142857142
5058580,2.3333333333333335,2.857142857142857,2.6153846153846154,2.2142857142857144
5058581,2.6666666666666665,3.0,2.5,3.2
5058582,3.3333333333333335,2.0,2.3333333333333335,2.0
5058583,1.5454545454545454,1.2727272727272727,1.7777777777777777,1.4285714285714286
5058584,2.6666666666666665,2.4285714285714284,2.625,2.4615384615384617
5058585,4.666666666666667,4.0,4.2727272727272725,2.5384615384615383
5058586,2.4,3.8333333333333335,2.6470588235294117,2.2777777777777777
5058587,2.7142857142857144,2.1,2.263157894736842,1.3846153846153846
5058588,3.3333333333333335,2.625,2.05,1.8235294117647058
5058589,2.5,3.2,2.2,2.125
5058590,0.8461538461538461,2.2222222222222223,2.0,1.9444444444444444
5058591,4.333333333333333,1.4,3.3333333333333335,1.4166666666666667
5058592,2.3333333333333335,16.0,2.05,5.333333333333333
5058593,3.4285714285714284,3.4,3.0833333333333335,2.75
5058594,2.3,1.75,2.25,1.5555555555555556
5058595,4.75,1.1818181818181819,2.642857142857143,1.5454545454545454
5058596,1.6363636363636365,3.8,2.111111111111111,2.6666666666666665
5058597,2.4444444444444446,3.25,2.5555555555555554,3.5
5058598,0.9230769230769231,2.625,2.0,2.1176470588235294
5058599,4.166666666666667,3.0,3.0,2.8333333333333335
5058600,1.9166666666666667,2.25,1.9473684210526316,1.8888888888888888
5058601,2.5,5.666666666666667,1.9473684210526316,4.142857142857143
5058602,4.2,2.111111111111111,2.3333333333333335,2.857142857142857
5058603,1.7,1.2857142857142858,1.8235294117647058,1.4
5058604,2.5714285714285716,2.1666666666666665,2.933333333333333,2.4615384615384617
5058605,4.5,4.75,4.2727272727272725,2.3846153846153846
5058606,2.875,2.0,2.1666666666666665,1.4
5058607,3.8333333333333335,2.25,2.625,1.9411764705882353
5058608,1.3333333333333333,2.0,1.9090909090909092,2.0625
5058609,3.3333333333333335,1.2,3.3333333333333335,1.3333333333333333
5058610,3.6,2.4,2.8181818181818183,1.7
5058611,1.5454545454545454,2.0,1.7777777777777777,1.5454545454545454
5058612,3.8,1.5,2.9285714285714284,1.75
5058613,3.5714285714285716,4.25,3.5833333333333335,2.3846153846153846
5058614,2.3333333333333335,1.8,2.8461538461538463,2.4375
5058615,2.375,2.6,2.5,2.357142857142857
5058616,2.4,1.8,2.8181818181818183,2.0
5058617,1.5,5.333333333333333,1.5238095238095237,2.3846153846153846
5058618,1.9090909090909092,2.4285714285714284,2.0,2.0555555555555554
5058619,2.7142857142857144,2.4285714285714284,2.8,2.0588235294117645
5058620,1.875,2.4285714285714284,2.0,2.7333333333333334
5058621,2.25,1.6153846153846154,2.7857142857142856,1.24
5058622,2.7777777777777777,3.25,2.8125,3.5384615384615383
5058623,1.6,3.0,1.7826086956521738,2.933333333333333
5058627,2.5,2.5,2.357142857142857,2.2142857142857144
5058624,8.5,1.7,4.444444444444445,1.7894736842105263
5058625,3.25,1.375,2.727272727272727,1.8461538461538463
5058626,1.5714285714285714,1.2727272727272727,1.9090909090909092,1.9411764705882353
5058628,2.1666666666666665,2.5,1.45,2.1176470588235294
5058629,3.125,1.5,3.3636363636363638,2.0
5058630,2.0,3.0,3.1818181818181817,2.375
5058631,5.25,6.0,4.0,4.428571428571429
5058632,4.0,2.5714285714285716,3.75,2.0
5058633,2.6666666666666665,2.2222222222222223,2.5,2.5625
5058634,1.9,2.375,2.8666666666666667,2.176470588235294
5058635,2.2857142857142856,1.875,3.0,2.3529411764705883
5058636,1.6666666666666667,1.7777777777777777,2.5454545454545454,2.1538461538461537
5058637,1.6363636363636365,1.5,2.25,1.2916666666666667
5058638,6.5,3.2857142857142856,3.2666666666666666,4.7
5058639,1.75,2.5714285714285716,2.2222222222222223,2.933333333333333
5058640,2.1666666666666665,3.0,2.2,1.894736842105263
5058641,3.0,5.666666666666667,2.0,4.714285714285714
5058642,3.6666666666666665,3.2,2.7142857142857144,2.4615384615384617
5058643,3.0,2.2857142857142856,1.6666666666666667,2.1176470588235294
5058644,3.0,0.7142857142857143,3.230769230769231,2.076923076923077
5058645,2.0,5.0,2.8333333333333335,2.6666666666666665
5058646,16.0,5.0,3.875,4.428571428571429
5058647,1.5714285714285714,1.4545454545454546,2.3846153846153846,1.9047619047619047
5058648,1.8461538461538463,1.5384615384615385,2.1052631578947367,1.9523809523809523
5058649,1.5,2.0,2.0476190476190474,2.375
5058650,1.5,1.25,1.894736842105263,1.2592592592592593
5058651,5.666666666666667,17.0,2.357142857142857,6.6
5058652,5.6,3.8,3.2,4.2727272727272725
5058653,2.4285714285714284,3.2,2.4210526315789473,3.3636363636363638
5058654,4.6,3.0,3.909090909090909,2.0
5058655,3.4,2.857142857142857,2.4,1.6666666666666667
5058656,2.1666666666666665,1.5,2.888888888888889,2.0
5058657,2.4,1.75,2.0,1.9473684210526316
5058658,2.2,0.8,2.263157894736842,2.2
5058659,2.2,4.666666666666667,2.5833333333333335,2.625
5058660,8.0,5.333333333333333,3.888888888888889,5.166666666666667
5058661,2.8333333333333335,2.5,2.6,2.4615384615384617
5058662,1.8,2.75,1.8888888888888888,2.0
5058663,1.3076923076923077,1.9,1.9523809523809523,2.625
5058664,2.6,1.5454545454545454,2.2666666666666666,1.6923076923076923
5058665,1.25,2.857142857142857,1.5833333333333333,3.3076923076923075
5058666,3.142857142857143,2.0,1.65,2.1666666666666665
5058667,4.75,1.5,3.0,2.0
5058668,1.0625,3.1666666666666665,1.1666666666666667,1.8823529411764706
5058669,4.0,3.5,3.0,4.125
5058670,1.4285714285714286,2.1538461538461537,2.25,2.35
5058671,1.5,1.5,1.7894736842105263,1.5263157894736843
5058672,3.2,2.0,5.333333333333333,2.1875
5058673,3.6,1.25,4.090909090909091,2.3846153846153846
5058674,1.2307692307692308,1.7272727272727273,2.0,2.375
5058675,0.6,3.4285714285714284,1.9,3.0
5058676,2.0,2.375,2.0,1.9285714285714286
5058677,19.0,1.6,7.6,1.619047619047619
5058678,1.4615384615384615,3.0,1.4782608695652173,3.3333333333333335
5058679,2.6666666666666665,1.2727272727272727,1.6363636363636365,1.608695652173913
5058680,5.666666666666667,3.2,3.4545454545454546,2.8
5058681,1.7777777777777777,1.6153846153846154,1.9333333333333333,2.25
5058682,3.8,1.9166666666666667,2.5,2.1578947368421053
5058683,1.0,2.125,1.3214285714285714,2.230769230769231
5058684,4.5,4.0,3.375,3.75
5058685,1.8571428571428572,2.4166666666666665,2.272727272727273,2.6
5058686,1.4615384615384615,2.5555555555555554,1.9,2.7333333333333334
5058687,1.1428571428571428,2.1666666666666665,1.5454545454545454,1.875
5058688,1.5384615384615385,2.857142857142857,1.85,4.111111111111111
5058689,2.0,4.428571428571429,2.0,2.5
5058690,3.5,1.75,4.428571428571429,2.125
5058691,4.4,1.4285714285714286,3.9166666666666665,1.8461538461538463
5058692,2.0,4.333333333333333,2.0,3.2
5058693,1.9090909090909092,2.7142857142857144,1.7142857142857142,2.0
5058694,20.0,1.4,7.4,1.6
5058695,2.75,0.9333333333333333,1.894736842105263,1.4782608695652173
5058696,5.5,3.6,3.5,3.4444444444444446
5058697,1.8571428571428572,1.3571428571428572,2.1666666666666665,2.2
5058698,3.2857142857142856,2.4,2.6666666666666665,2.388888888888889
5058699,1.25,2.7142857142857144,1.4137931034482758,2.4615384615384617
5058700,4.0,1.5,3.625,2.75
5058701,3.0,1.875,4.125,2.1333333333333333
5058702,5.25,3.25,3.9166666666666665,2.3333333333333335
5058703,2.8333333333333335,4.333333333333333,2.1666666666666665,3.4
5058704,2.5714285714285716,0.75,2.7857142857142856,1.2173913043478262
5058705,10.5,0.9090909090909091,7.4,1.5
5058707,2.6,1.7692307692307692,2.5454545454545454,2.2857142857142856
5058708,2.6,2.5,2.176470588235294,2.1904761904761907
5058709,2.5714285714285716,1.4444444444444444,3.3,2.9
5058710,1.8571428571428572,0.631578947368421,2.4166666666666665,0.9629629629629629
5058711,2.2857142857142856,6.0,3.1,4.75
5058712,2.0,4.0,2.3076923076923075,2.8
5058713,3.4,2.857142857142857,1.8333333333333333,3.0714285714285716
5058714,1.4444444444444444,3.5,1.6470588235294117,2.727272727272727
5058715,2.4444444444444446,1.6,2.5,1.619047619047619
5058716,6.0,2.2,5.833333333333333,2.4210526315789473
5058718,3.3333333333333335,1.8181818181818181,2.8666666666666667,2.3157894736842106
5058717,6.333333333333333,3.4285714285714284,3.2222222222222223,4.545454545454546
5058719,1.3846153846153846,2.4285714285714284,1.7272727272727273,2.0625
5058720,3.3333333333333335,1.6666666666666667,3.5,2.111111111111111
5058721,2.4285714285714284,3.4,2.6666666666666665,3.0833333333333335
5058722,1.625,4.285714285714286,2.0,2.5217391304347827
5058723,2.857142857142857,1.2352941176470589,3.4,1.4814814814814814
5058724,1.4444444444444444,1.3333333333333333,2.6363636363636362,1.4074074074074074
5058725,1.8571428571428572,6.333333333333333,2.3333333333333335,3.75
5058726,2.375,3.3333333333333335,1.8571428571428572,2.1875
5058727,4.6,1.1764705882352942,3.6363636363636362,1.85
5058728,2.142857142857143,0.6470588235294118,2.3076923076923075,1.08
5058729,2.0,6.5,1.6666666666666667,2.6666666666666665
5058730,2.4285714285714284,3.0,3.3,3.8
5058731,4.25,2.875,6.8,2.238095238095238
5058732,2.0833333333333335,2.5714285714285716,2.411764705882353,1.8571428571428572
5058733,3.0,3.2857142857142856,3.1333333333333333,2.6470588235294117
5058734,1.7777777777777777,1.8181818181818181,2.5714285714285716,1.64
5058736,6.666666666666667,5.0,3.6666666666666665,5.333333333333333
5058737,1.9090909090909092,2.2222222222222223,2.0625,2.625
5058738,2.142857142857143,1.7272727272727273,2.6363636363636362,1.4444444444444444
5058739,2.5,4.166666666666667,2.230769230769231,2.95
5058740,4.0,2.25,2.4,2.8461538461538463
5058741,3.8,3.7142857142857144,3.5,3.2857142857142856
5058742,3.8,2.4444444444444446,6.333333333333333,2.142857142857143
5058743,3.3333333333333335,16.0,2.25,2.888888888888889
5058744,2.7142857142857144,4.5,2.727272727272727,2.5454545454545454
5058745,2.272727272727273,2.5,2.0952380952380953,2.111111111111111
5058746,2.75,3.5,3.0588235294117645,2.210526315789474
5058747,2.8333333333333335,3.5,1.6818181818181819,2.235294117647059
5058748,3.5,1.4375,4.0,1.7142857142857142
5058749,10.0,17.0,3.2,5.125
5058750,1.9090909090909092,2.5714285714285716,2.3529411764705883,2.625
5058751,1.3076923076923077,1.6363636363636365,2.0588235294117645,1.4583333333333333
5058752,2.142857142857143,2.4444444444444446,2.7,1.56
5058753,2.8333333333333335,4.6,2.3846153846153846,2.8333333333333335
5058754,3.4,1.0,2.357142857142857,1.1304347826086956
5058755,15.0,1.875,3.125,1.8666666666666667
5058756,2.1,1.8888888888888888,1.8,2.5
5058757,5.5,6.666666666666667,4.625,2.875
5058758,3.0,4.4,2.111111111111111,4.0
5058759,3.5714285714285716,3.0,1.6923076923076923,3.1176470588235294
5058760,3.8,1.3125,2.5384615384615383,1.5416666666666667
5058761,1.4,1.2307692307692308,1.12,1.2307692307692308
5058762,4.8,2.7142857142857144,2.263157894736842,2.7333333333333334
