game_pk,home_bp_whip_rolling_5,away_bp_whip_rolling_5,home_bp_whip_rolling_10,away_bp_whip_rolling_10
5057771,,,,
5057772,,,,
5057773,,,,
5057774,,,,
5057775,,,,
5057776,,,,
5057777,,,,
5057778,,,,
5057779,,,,
5057780,,,,
5057781,,,,
5057782,,,,
5057783,0.75,0.7499906251171861,0.75,0.7499906251171861
5057784,,,,
5057785,,,,
5057786,,,,
5057787,1.6153970415157037,1.0,1.6153970415157037,1.0
5057788,2.4545231406987207,0.5,2.4545231406987207,0.5
5057789,1.0,1.6666666666666667,1.0,1.6666666666666667
5057790,0.3333333333333333,2.0,0.3333333333333333,2.0
5057791,3.5,3.6666666666666665,3.5,3.6666666666666665
5057792,1.1250070312939455,1.500009375058594,1.1250070312939455,1.500009375058594
5057793,1.3333333333333333,1.363623967054845,1.3333333333333333,1.363623967054845
5057794,1.0,1.874976562792965,1.0,1.874976562792965
5057795,2.0,0.900009000090001,2.0,0.900009000090001
5057796,2.3333333333333335,0.6666666666666666,2.3333333333333335,0.6666666666666666
5057797,1.5,0.818174380232907,1.5,0.818174380232907
5057798,1.0,1.9090995868163037,1.0,1.9090995868163037
5057799,1.6956669188427724,0.6521710775170543,1.6956669188427724,0.6521710775170543
5057800,1.0,2.6842246538139674,1.0,2.6842246538139674
5057801,0.6666666666666666,1.25,0.6666666666666666,1.25
5057802,1.1739079395306977,0.6315722992389554,1.1739079395306977,0.6315722992389554
5057803,1.5,1.1666666666666667,1.5,1.1666666666666667
5057804,0.6923050295960401,1.3636425620116457,0.6923050295960401,1.3636425620116457
5057805,1.7999910000449997,0.5714285714285714,1.7999910000449997,0.5714285714285714
5057806,0.8333333333333334,2.210537950199738,0.8333333333333334,2.210537950199738
5057807,0.7894778393570492,1.3636239670548451,0.7894778393570492,1.3636239670548451
5057808,1.5,1.07143239797285,1.5,1.07143239797285
5057809,1.3846100591920802,2.19229926038746,1.3846100591920802,2.19229926038746
5057810,1.3,1.2857188775674198,1.3,1.2857188775674198
5057811,1.0,0.9545367769383915,1.0,0.9545367769383915
5057812,1.241375029741277,1.941182179947588,1.241375029741277,1.941182179947588
5057813,1.5833465278877323,1.5454545454545454,1.5833465278877323,1.5454545454545454
5057814,1.0384575443940602,2.516137148829512,1.0384575443940602,2.516137148829512
5057815,2.75,2.526329085942558,2.75,2.526329085942558
5057816,1.125,1.6800067200268798,1.125,1.6800067200268798
5057817,1.6874947265789793,0.9750024375060937,1.6874947265789793,0.9750024375060937
5057818,1.7777777777777777,1.9411650519702823,1.7777777777777777,1.9411650519702823
5057819,1.5,1.2307692307692308,1.5,1.2307692307692308
5057820,0.625,2.707330279659901,0.625,2.707330279659901
5057821,1.5,1.588235294117647,1.5,1.588235294117647
5057822,1.4545454545454546,1.297300803515685,1.4545454545454546,1.297300803515685
5057823,1.1351289993027065,1.0285596736037301,1.1351289993027065,1.0285596736037301
5057824,0.8,1.7026934989540596,0.8,1.7026934989540596
5057825,1.25,1.6,1.25,1.6
5057826,0.8863616219054048,2.2258136316568766,0.8863616219054048,2.2258136316568766
5057827,2.4615384615384617,1.4318149276933463,2.4615384615384617,1.4318149276933463
5057828,1.4727379835489711,1.3333333333333333,1.4727379835489711,1.3333333333333333
5057829,1.4634110648510612,0.818174380232907,1.4634110648510612,0.818174380232907
5057830,1.2307692307692308,0.9473659279844,1.2307692307692308,0.9473659279844
5057831,0.5999982857191837,1.0588235294117647,0.5999982857191837,1.0588235294117647
5057832,1.2580685744147562,1.0344791914510638,1.2580685744147562,1.0344791914510638
5057833,1.2954516012463608,1.125,1.2954516012463608,1.125
5057834,0.6153846153846154,2.3773674617640066,0.6153846153846154,2.3773674617640066
5057835,1.4444444444444444,1.4736842105263157,1.4444444444444444,1.4736842105263157
5057836,1.6304383270398413,1.2244922948822343,1.6304383270398413,1.2244922948822343
5057837,1.7368329640370315,1.1874925781713865,1.7368329640370315,1.1874925781713865
5057838,0.7692307692307693,1.5306059975265407,0.7692307692307693,1.5306059975265407
5057839,1.2666666666666666,1.4745737719088612,1.2666666666666666,1.4745737719088612
5057840,0.9107126594416797,1.8750046875117188,0.9107126594416797,1.8750046875117188
5057841,2.176470588235294,1.2222222222222223,2.176470588235294,1.2222222222222223
5057842,1.3770582102177717,1.468081982804292,1.3770582102177717,1.468081982804292
5057843,1.5348872904355593,1.3571428571428572,1.5348872904355593,1.3571428571428572
5057844,1.37999724000552,0.9999933333777775,1.37999724000552,0.9999933333777775
5057845,1.0,0.8936151199678298,1.0,0.8936151199678298
5057846,0.77999844000312,1.1,0.77999844000312,1.1
5057847,0.7090921983494515,1.4754049986721354,0.7090921983494515,1.4754049986721354
5057848,1.45,1.0819689868344047,1.45,1.0819689868344047
5057849,1.2985094007602995,1.5211246181343407,1.2985094007602995,1.5211246181343407
5057850,1.5789473684210527,1.2428589183698833,1.5789473684210527,1.2428589183698833
5057851,1.6363561983809165,1.666658730196523,1.6363561983809165,1.666658730196523
5057852,0.5094330010698094,2.2742008845189825,0.5094330010698094,2.2742008845189825
5057853,1.8095238095238095,1.25,1.8095238095238095,1.25
5057854,0.9705868079605766,1.9200076800307202,0.9705868079605766,1.9200076800307202
5057855,1.3157963989284154,1.4736842105263157,1.3714364082080468,1.4736842105263157
5057856,1.2931056777684098,1.5254211433539944,1.2931056777684098,1.455880211940865
5057857,1.3269256287031321,1.5625,1.3269256287031321,1.5625
5057858,0.95999808000384,0.9411709342886219,1.2295041655601129,0.9411709342886219
5057859,1.125,0.9107126594416797,1.125,0.9107126594416797
5057860,1.5,1.7441779340561205,1.5,1.7441779340561205
5057861,0.8135579431221304,1.35,0.8135579431221304,1.2083333333333333
5057862,1.9375,1.9636292231664612,1.9375,1.9636292231664612
5057864,1.102043065394011,0.76363775206864,1.2786906208042963,0.750001171876831
5057865,1.21153380179307,1.171871337902069,1.1249964843859863,1.144733829647817
5057866,1.4761904761904763,0.9661000574575298,1.4810145329297884,0.8823516436005242
5057867,1.5714285714285714,1.3181818181818181,1.588235294117647,1.6538461538461537
5057868,1.1764636678607774,0.3829779085576414,1.1186364838204488,0.5094330010698094
5057869,1.5789473684210527,1.1363636363636365,1.4545454545454546,1.1071428571428572
6041984,1.9137964030972465,1.695644801544341,2.1039015685755027,1.6538397929238733
5057870,1.2380952380952381,1.235297750875738,1.191782454496513,1.3636399055581963
5057871,1.4736842105263157,1.211540791424599,1.2307692307692308,1.1911799740587472
5057873,1.5223835152730887,1.4516105619184485,1.4230714497251933,1.5211246181343407
5057874,1.229504165560113,1.4285714285714286,1.4096368558592098,1.391304347826087
5057872,1.8214253188833593,1.6800067200268802,1.8281192871272276,1.983057569686677
5057876,1.8679210039226342,0.83999832000336,1.499996052641967,1.114282530621341
5057877,1.9615422337350648,0.7241391795503095,1.7837886048340672,0.7500009868434037
5057878,1.3124958984503172,1.0678002298312876,1.31999472002112,1.2439085068707652
5057879,0.98076545859439,1.1896510701687235,1.03999584001664,1.2068923900262414
5057880,1.6428571428571428,1.2187519042998505,1.5,1.6363654958698817
5057881,1.4794540814439472,1.6764607267016074,1.788464977817265,1.595736192892591
5057886,2.1333333333333333,0.9230755029607647,1.9473684210526316,0.9350637206964667
5057882,1.0862031510236172,1.4516105619184485,1.4021723889430555,1.2962962962962963
5057883,1.499997794120891,1.1538483727853321,1.5483870967741935,1.0
5057884,1.1379271105961706,1.2203431198071857,1.4642804847125546,1.3579018836941248
5057885,1.340422679951745,0.8852473528645128,1.32,1.0879132834211904
5057887,1.07999784000432,0.7924513349974812,0.9565175803583463,0.8307679526646883
5057888,1.2777777777777777,1.2711907497991517,1.2073185455104214,1.280901754835404
5057889,1.7894736842105263,1.8125,1.6708818458687447,2.01492838049012
6096942,1.4999973214333546,1.0476190476190477,1.68,1.0449426461318583
5057891,2.0204122865556866,0.6545466446302629,1.7250043125107812,0.7058831833919804
5057892,1.2972955441952105,1.363631404976709,1.2187461914181517,1.4050597340259898
5057893,1.5306059975265407,1.0555496913906035,1.2758576694563122,1.2244847980212326
5057894,1.528299003209428,0.5106372114101886,1.534881936183795,0.9873392725588036
5057899,1.2244847980212328,1.3846196449835229,1.1123583007210105,1.3146096957521252
5057895,1.1666666666666667,1.42373363977505,1.3714285714285714,1.4494414594190097
5057896,1.7323919262085548,1.3269256287031321,1.5833333333333333,1.0344827586206897
5057897,1.3846180473423986,1.3529411764705883,1.1647031418749603,1.12
5057898,1.2222222222222223,0.9344277613569858,1.2666666666666666,1.05000105000105
5057900,1.4,1.4761904761904763,1.5172413793103448,1.2336437068750403
5057901,1.4,1.6666666666666667,1.595741285656839,1.8947393351833357
5057902,1.2413793103448276,1.6923011834569868,1.7109401733440208,1.5130368998395658
5057903,1.036365520664583,1.1250040178714922,1.1170224649175158,1.285716909626346
5057904,1.2209330719373765,1.3018843360672905,1.1652873301035866,1.3604635343447276
5057905,1.7076896804774147,1.0800043200172802,1.7058773356548949,1.285721632695044
5057906,1.6415063367804967,1.0799913600691196,1.28999742000516,1.1538417159934
5057907,1.2941176470588236,0.5,1.4375,0.9759024386717606
5057908,1.4693907538586812,0.6122461474411172,1.500003260876654,0.6818189566124506
6127497,1.0851040742466505,1.1904818594374258,1.0714274781352264,1.2121248852269249
5057909,1.704553202514557,1.1904761904761905,1.4383581347371708,1.6764705882352942
5057910,1.625,1.4285782313249111,1.7386383393617493,1.361114891985811
5057911,1.2599974800050402,1.7619047619047619,1.1727262066125395,1.6666666666666667
5057912,1.6,1.0754757565122885,1.2121212121212122,1.2616846012796286
5057913,1.263157894736842,1.1076957159868184,1.368421052631579,1.058825308950099
5057914,1.1379329964362006,1.6935456555715231,1.2857142857142858,1.3220316575734619
5057915,1.9014057726679259,1.1904761904761905,1.625,1.631578947368421
5057916,1.2236809903131833,1.285716909626346,1.443603595475205,1.0303030303030303
5057917,1.2142857142857142,1.4761975057024082,1.6642360061839505,1.4018717791995872
5057918,1.524592663266661,1.4,1.6153830621316712,1.3793103448275863
5057919,1.2931056777684098,0.6111111111111112,1.2169822801719623,0.9807682877228003
5057920,1.097562314100383,1.7288194197268467,1.1307674911269368,1.5500077500387501
5057921,1.1612940686905442,0.8,1.3140506727691512,0.75000075000075
5057922,1.9799960400079202,0.8571393586148629,1.4150916696383593,1.2315776509708938
5057923,1.2352941176470589,1.368421052631579,1.2972972972972974,1.6285714285714286
5057932,1.0909090909090908,1.322038379791118,1.5465857721562386,1.3865569521965582
5057931,0.9444391975600136,1.5535769770606322,1.1052602493151336,1.444448456801269
5057924,1.2452806692817562,1.4464337372633473,1.572817060987438,1.3684246537490887
5057925,1.8823529411764706,1.0851110004723425,1.182691170489259,1.2105295013934245
5057926,1.2105263157894737,1.0169525998393214,1.3828114196785783,1.0763375211259865
5057927,1.2461519289970324,1.7,1.352457907821387,1.312498974610176
5057928,2.177415842877673,1.8,1.6818181818181819,1.8048780487804879
5057929,1.4042612947289137,2.014279959200117,1.2065204276951873,1.8151199491766414
5057930,1.6022690857520778,1.2692332100638655,1.6168778672796518,1.027027027027027
5057933,1.2295102123118233,1.3199973600052801,1.5775848469096148,1.438774042067304
5057934,1.2105263157894737,0.7346953769293406,1.1440687661599713,0.8484848484848485
5057935,0.8076923076923077,2.016396748191391,1.191486826623773,1.6779717897348805
5057936,1.2321472576687775,0.5625,1.3826098979216506,0.669903563013168
5057937,1.8823529411764706,0.6226403346408781,1.5436863229391788,1.1181808016538166
5057938,1.1886770024962217,1.3392904974660622,1.210523130202289,1.2295102123118233
5057939,1.1454566281029601,1.28571887756742,1.3125011718760462,1.6633696304349117
5057940,1.1249964843859863,1.7288106291345267,1.338840762246674,1.3064495057266037
5057941,1.1700011700011699,1.220343119807186,1.443039801316204,1.3278710292967693
5057942,1.0,0.8250020625051562,1.1282051282051282,0.8333333333333334
5057943,1.5172361474615605,1.2115407914245988,1.5961477071242034,1.0810810810810811
5057944,0.802815770682013,2.210526315789474,1.1521714083230252,1.6293131539881966
5057945,2.0425618832420565,0.4375,1.4848484848484849,1.0090899917363712
5057946,2.0,1.7,1.75,1.5
5057947,1.3000065000325003,0.6734707621852289,1.566374453760095,0.7009358895997936
5057951,1.0555555555555556,1.4500072500362502,1.1186421717929291,1.2935827287439587
5057948,1.3,1.6607202168579174,1.4727299504180915,1.444448456801269
5057949,2.035710650516695,0.9411764705882353,1.2815509096098843,1.1092455617572465
5057950,1.47170366680629,2.1492473156796548,1.2115372965987534,1.8281192871272276
5057952,1.4,1.2105263157894737,1.6034468935802642,1.3636363636363635
5057953,1.7142826530666908,0.9272744132262059,1.2660527228390408,1.1052660664896485
5057954,1.2413878716404942,2.1692274319577973,1.211010285330537,1.744181990274441
5057955,1.6909121652948458,1.3157894736842106,1.7410729831008778,1.4545454545454546
5057956,1.0909110743837716,0.7894778393570492,1.1415919100956549,1.3486288023075315
5057957,1.8000090000450002,1.3764722076143618,1.6551752675435647,1.424052435509412
5057958,1.3448299048791463,0.8571428571428571,1.1092455617572465,1.0948897117593344
5057959,1.404261294728914,1.3584880028528246,1.3928621173647049,1.2162129291542456
5057961,0.6521753308159366,0.7000035000175001,1.039602931086207,1.2935827287439587
5057962,1.5294117647058822,1.344822948886383,1.610529706378329,1.3486213786763694
5057960,1.1111111111111112,1.2656269775421525,1.1181838512433657,1.3846153846153846
5057964,1.554214994921693,1.5918399833469046,1.6092661944827997,1.4862398956329317
5057965,1.2115407914245988,1.9354807492245982,1.1320733357106874,1.5499961250096874
5057966,1.1363636363636365,1.4705968858640344,1.4210526315789473,1.277230251941093
5057963,1.271190749799152,1.533343555623704,1.3636374906094963,1.5319165233154504
5057967,0.7659607062157712,1.2777848765826476,0.7058844290718501,1.2524284004159227
5057968,1.9285783163511299,1.3521164848351683,1.6551752675435647,1.2911408748618671
5057969,1.6666666666666667,1.8082216550981576,1.3571428571428572,1.6595744680851063
5057970,1.5254211433539944,1.190470521568945,1.3658536585365855,1.2545408925785726
5057971,1.2794155276927286,1.0869565217391304,1.1162816657713157,1.1612918210217045
5057972,0.9750024375060937,2.2615349822538735,0.7241379310344828,1.76613045655682
5057973,1.375,0.7894736842105263,1.26000126000126,1.027027027027027
5057974,0.5769241863926661,0.8275919144269961,0.9428571428571428,1.1215005677596626
5057975,1.4347857277950604,1.1249943750281248,1.4175839753670059,1.4099971800056401
5057976,1.5652207939582476,1.3529332180398939,1.3486288023075315,1.2571392653163846
5057977,1.4415565694070527,1.7058823529411764,1.5677378897086716,1.6071442920931178
5057978,1.2857119898000182,1.4,1.1834873243002975,1.3513513513513513
5057979,1.3157894736842106,1.4237264004637282,1.2056029697085244,1.5725781087449857
5057980,1.500006000024,1.3846196449835229,1.6460206124258625,1.288592333680985
5057981,1.0869565217391304,1.404261294728914,1.3157894736842106,1.3939436180109634
5057982,1.4769208047372233,1.5857165510236442,1.4765613464364482,1.6595744680851063
5057983,0.9473734072284591,1.7547236027305764,0.7924558205880021,1.44000144000144
5057984,1.0,1.6097639500680492,1.2049200080655869,1.627661306022666
5057985,1.2222222222222223,1.3728720483250962,1.205128205128205,1.3008803508660145
5057986,1.448278359100619,1.2537332145271858,1.2682957763311618,1.1677868023983926
5057987,1.5,1.3392833227083525,1.41000141000141,1.1891891891891893
5057988,1.125,2.3461448225199137,0.8333333333333334,1.8515610534679268
5057989,0.76363775206864,0.6875042969018557,0.8076915310658356,1.153851701210102
5057990,0.8793118608825187,1.4634217727891357,1.1900865787986075,1.747254667312821
5057991,1.4142816734809331,1.8666666666666665,1.3150648902331774,1.5000014150956746
5057992,1.3124958984503174,1.6415063367804967,1.2162162162162162,1.3826098979216503
5057993,1.4328315437864365,1.0,1.2148710129296987,1.572578108744986
5057994,1.1333408889392595,1.1590882747993756,1.2315815401716637,1.5473667922454817
5057995,1.191782454496513,1.5000068182128101,1.3636374906094963,1.450555826619018
5057996,1.468091353580228,1.4400057600230403,1.413464256662032,1.2080553128259233
5057997,1.4117626297608388,1.434782608695652,1.546151467459281,1.6714273775518733
5057998,1.368421052631579,1.301876966966287,1.275,1.2162129291542454
5057999,1.2000021818221487,1.4999925000374998,1.322038379791118,1.3846118343286298
5058000,1.5517268133220918,1.2352977508757377,1.2820545693706906,1.0068506943160198
5058001,1.4318149276933463,2.03999184003264,0.9795908371522071,1.9029836544898098
5058002,1.4,1.2105263157894737,1.340426957901019,1.252175001891306
5058003,1.2105326870141422,1.5625097656860356,1.0294147923964483,1.4081661391145694
5058004,1.2954516012463608,1.8352897993181194,1.0,1.9109575952345237
5058005,0.7924558205880022,0.702130647364457,1.07143239797285,1.1215005677596626
5058006,0.9836081698494588,1.0862087693254643,0.8157894736842105,1.263161218845313
5058007,1.799993454569256,1.2608695652173914,1.4999973214333546,1.6946551949196986
5058008,1.5365928614285924,1.767853985975025,1.500006383005885,1.50000133928691
5058009,1.3333407407818931,0.9333333333333333,0.9705910899737942,1.5445529261852216
5058010,1.77551382757924,0.9767396430714275,1.5688087787236502,1.1388857253174296
5058011,0.9,1.8000120000800004,1.35,1.5000046875146484
5058012,0.7090921983494515,1.4444444444444444,1.4999987704928113,1.3243243243243243
5058013,1.6875,1.2999935000325,1.4700014700014699,1.1842074099805
5058014,0.9642891581755648,0.9333333333333333,1.0956559848903822,0.8529436851284857
5058015,1.2295102123118233,1.1186421717929291,0.8807347529676632,1.3826098979216503
5058016,1.2857234694533533,1.37999724000552,1.2424280073575982,1.3301899341414472
5058017,1.4117626297608388,1.6428688776348401,1.2100830167369607,1.7741992716105535
5058018,2.1428533163333636,1.438352223692538,1.6788960020256845,1.7112651954011333
5058019,1.9090995868163037,1.9655104637570218,1.529420761298596,1.6271200229830702
5058020,1.767863456655202,1.0625,1.2571464489898543,1.4134601793652122
5058021,1.6875,0.9444444444444444,1.6893220284679888,1.0423711146252295
5058022,1.418184396698903,1.5223903319258685,1.2580661394401798,1.4
5058023,1.7014874582463932,0.7391272211859949,1.7007847231736644,1.2229260416368102
5058024,1.1578947368421053,1.9149017655394278,1.435897435897436,1.5000044117776818
5058025,1.8433712730466592,1.5555613168937665,1.9928557193887717,1.2039489525644114
5058026,1.1194046558278445,1.25,1.219515169549194,1.0568193827492987
5058027,1.038463535506799,1.5294117647058822,1.666666666666667,1.2571428571428571
5058028,1.7857142857142858,1.2105199446318706,1.4680866681773066,1.1517836575291829
5058029,0.7894778393570492,1.0851040742466507,1.0344872176173174,0.8691605031037443
5058030,1.3333333333333333,1.978731824390742,1.4262283391570991,1.6039683364769133
5058031,1.9333333333333331,0.8793118608825187,1.7553210162989534,1.0413205928585243
5058032,1.432837959459641,1.1830969252155983,1.1150462213207457,1.2711875179555239
5058033,1.0769313610104694,0.9705825259851412,1.218753808605652,1.5000015957463784
5058034,1.4754049986721356,1.5681889463133922,1.2155161935205228,1.8131947832737725
5058035,1.7419326743021384,1.4430343214320978,1.5652146691918798,1.618419987881587
5058036,2.150951513024577,1.91999616000768,1.8173164294059105,1.5526315789473684
5058037,1.7213142972365527,1.1333333333333333,1.3055591821088393,1.252424752573296
5058038,1.5263157894736843,1.380952380952381,1.4366207300145986,1.3414634146341464
5058039,1.8904057797101927,0.9452028898550964,1.8181776859598044,1.256246074231018
5058040,1.6538461538461537,1.551729488722375,1.9300685803716222,1.26000252000504
5058041,1.0298522833616168,1.5,1.1760018816030104,1.2439039559804341
5058042,1.1111111111111112,1.7142892128351281,1.5517228002389654,1.2169822801719623
5058043,1.3500033750084375,1.1538417159934002,1.3636379132249012,1.182691170489259
5058044,1.44,1.4605224723092836,1.4047585600986663,1.5205469037349975
5058045,1.4,1.5652207939582476,1.263157894736842,1.5494573602521329
5058046,0.8780530636734812,1.2,1.2391331285502796,1.6744224986569738
5058047,1.8113275899154333,1.959187671811575,1.6200064800259202,1.651377661814369
5058048,1.9218689941593934,0.940295700609849,1.795272763349979,1.2799974400051202
5058049,1.4999948276040427,1.3714305306150436,1.4186046511627908,1.2573538657013719
5058050,1.13999772000456,1.3125082031762698,1.2935756081181504,1.3269256287031324
5058051,1.70589238760228,0.8421096953141859,1.730777551815153,0.9250023125057814
5058052,1.45312727051136,1.478267296814334,1.9436592342827688,1.2826114839380085
5058053,1.2380952380952381,1.736837534638067,1.2595439077006223,1.395347214712541
5058054,1.1408434636007556,1.4999970000060001,1.3076923076923077,1.4018678487216367
5058055,1.8510717066881137,0.9600038400153601,1.7052721330112264,0.9166692129700361
5058056,1.5692283550333,1.810347948875774,1.1282051282051282,1.3826135047426253
5058057,1.3714305306150436,1.478260869565217,1.4307670295891852,1.2826086956521738
5058058,1.594932671056529,1.304350661631873,1.5202682158537624,1.4482808561408833
5058059,1.9,1.75,1.7307725591779983,1.6046548945462662
5058061,1.3469415243704579,1.9411764705882353,1.2471896098993147,1.6810330335922126
5058060,0.85714591837828,1.317079595510222,1.1217371795875137,1.3793151010865554
5058062,1.5999999999999999,1.3448299048791463,1.65625,1.3157894736842106
5058063,1.4117688581437002,1.4285714285714286,1.7412575235961374,1.3333333333333333
5058064,1.275866468505064,1.1250028125070313,1.2662370551611823,1.3295469653942789
5058065,1.788464977817265,1.0454545454545454,1.7142857142857142,1.23387196279997
5058066,1.5599968800062398,1.6538397929238733,1.2692295488177416,1.5314674605122653
5058067,1.5517187871765958,1.46667644450963,1.4794480015123248,1.3235333045097193
5058068,0.98076545859439,1.2203369146831955,0.9000016363666117,1.3455862564907994
5058069,1.8,1.9230769230769231,1.6930726595498207,1.6744224986569736
5058070,1.375,1.3333333333333333,1.6129032258064515,1.3220316575734616
5058071,1.2580624869959889,1.704541580587317,1.2307692307692308,1.5405363769287108
5058073,1.0714301020430028,1.5737653319169445,1.391998886400891,1.3656706226338637
5058072,1.5731668947148911,1.0408184506498992,1.4304616815077067,1.2333374444581482
5058074,1.8113173371370999,1.7999928000288,1.25,1.6559986752010598
5058075,0.9056637949577169,1.461549704228494,1.1037715023179202,1.2857234694533533
5058076,1.4444444444444444,1.9411764705882353,1.3163251874232782,1.6386540851646343
5058077,1.695655860121435,1.0909110743837716,1.7472604275183627,0.9444470679085221
5058078,1.3220383797911177,1.3,1.625,1.3333333333333333
5058079,1.5882329584809436,1.52727550413728,1.2195121951219512,1.3660763074153837
5058080,2.029399827059841,1.2941252595603503,1.6153784023907602,1.371432489807114
5058081,1.1666705555685186,1.2162195032959549,1.1962063171085984,1.3170747769204596
5058082,1.09614963019373,1.434782608695652,0.9000009000008999,1.4244583820742704
5058083,1.3392904974660624,1.0298522833616168,1.553572815690014,1.2720020352032562
5058085,1.67999664000672,2.2500056250140625,1.7872359438680254,1.7666666666666666
5058086,1.255812493241287,0.7241391795503095,1.3396201139243133,1.1100044400177602
5058087,1.1250012784105436,1.312498359377051,1.5208333333333333,1.4081632653061225
5058088,1.575003937509844,0.9795938359057875,1.7586267538853584,0.9714313469467056
5058089,1.45,1.75,1.2285714285714286,1.7217361361110677
5058090,1.4,1.2244922948822343,1.5957463784535941,1.3333333333333333
5058091,1.3846196449835229,1.4,1.641893001279055,1.15
5058092,1.3064495057266037,2.0,1.2,1.5882306228511092
5058093,0.9493718955539017,0.7741960457936962,1.2562554961177954,1.3291156064754512
5058094,1.5737653319169445,1.95832517364511,1.3274324535995987,1.724406733217743
5058095,1.235301384125789,1.271190749799152,1.623854700784129,1.1904790249500594
5058096,2.3999880000599996,1.3888966049811389,1.7727232438108096,1.4571470204200585
5058097,1.1399977200045601,1.8545488264524117,0.9278360080783588,1.2338689776306813
5058084,0.9344277613569858,1.1707374182313086,0.9519221616133062,1.2289230658016013
5058098,1.767853985975025,1.5576953032601986,1.358974358974359,1.4434016732138613
5058099,1.1666666666666667,1.2954604339110634,1.0555555555555556,1.192778269748613
5058100,1.25581687399273,1.2923116686512883,1.633338777795926,1.4895125727448568
5058101,1.2911359718076663,1.3846180473423986,1.3309840408675482,1.4336270498875663
5058102,1.5,1.35,1.2941176470588236,1.2564102564102564
5058103,1.1724137931034482,1.08000432001728,1.3012032515623475,1.4434016732138613
5058104,2.0,1.2666666666666666,1.556958083650421,1.0000029411851212
5058105,1.0781266845729445,1.5483845993796785,1.0975609756097562,1.3902439024390243
5058106,1.2000048000192,1.263164542971279,1.3888940329408628,1.5375038437596094
5058107,1.222229012383402,1.6530645980910164,1.5576953032601986,1.2295071889285336
5058108,2.093013520867345,1.4769208047372233,1.799995764715848,1.3109232681317076
5058109,0.9767464575499012,1.3676510813267098,1.3723462653032568,1.4090941115775264
5058110,1.2352923010407337,1.2777777777777777,1.3043478260869565,1.3421052631578947
5058111,1.5918399833469046,1.6744224986569736,1.2666708889029632,1.8103432669454596
5058112,1.3392833227083525,1.4423104659816652,1.2475235173034482,1.3826098979216503
5058113,1.3666666666666667,0.9333395555970373,1.4096368558592098,1.3867976860290039
5058114,1.4262318462817152,1.3255752298826515,1.159665814564394,1.78125
5058115,1.714282653066691,1.4042523313780182,1.4601718224006286,1.5473667922454817
5058116,1.9285679847000274,1.1886770024962219,1.6744166576550492,1.0090927438049886
5058117,1.0851110004723423,1.1803239989377086,1.1440687661599713,1.312498974610176
5058118,1.4717036668062897,1.177216680021114,1.5882399654116632,1.425531914893617
5058119,1.459463403955146,1.3548430801389681,1.4685366032748366,1.186049269882023
5058120,1.1896572235469371,1.3636388429797144,1.542058957119546,1.131146613814251
5058121,1.9787191942144804,1.4769208047372235,1.8705838339203908,1.3304324688130977
5058122,0.9264692257805504,1.7999948571575508,0.9292027175197191,1.6771627131295856
5058123,0.6545466446302629,1.5000037500093748,1.0606092745735594,1.4250035625089064
5058124,1.1186421717929291,1.5,1.2222222222222223,1.4615384615384615
5058125,1.4,1.4727299504180915,1.4375,1.40708213642856
5058126,1.038463535506799,1.5,1.424246740141637,1.455226052576198
5058127,1.8113173371370999,1.2452806692817562,1.7865148466125318,1.1067971910652343
5058128,1.276601177026285,1.15,1.5454592286643294,1.184872953888274
5058129,2.235294117647059,1.0781216308699038,1.9874975156281056,1.2894702908676556
5058130,1.9200076800307202,1.5555555555555556,1.648358893885248,1.7542343148570936
5058131,1.3058838892751639,1.1785756377701346,1.445121070048128,1.500003947378809
5058132,1.380952380952381,1.4615272190213922,1.1344556881608203,1.6630416706068796
5058133,1.65,1.0754696689251528,1.4196403220708533,1.4693862557283106
5058134,1.2954604339110631,1.65,1.2000010434791681,1.6079987136010292
5058135,1.3269256287031321,1.4545454545454546,1.3200052800211202,1.446808510638298
5058136,1.4383581347371708,1.1320797436971461,1.3500033750084375,1.1896572235469374
5058137,1.014083078756227,2.073526362461232,1.0423711146252295,1.8095195011440448
5058138,0.7090921983494515,1.5882399654116628,1.099012077251638,1.3378414536255503
5058139,1.2531661432482826,1.1538497041529356,1.416148188727833,1.3250033125082814
5058140,2.0,1.6615359053293766,1.7666725555751852,1.7844812202748102
5058141,1.0625066406665042,1.7727272727272727,1.1727294049625543,1.6791032245498325
5058142,1.5000044117776816,1.3157963989284154,1.3101307282617982,1.1707345627672263
5058143,1.2794098832207599,2.224141765761665,1.1499971250071876,1.8970560337411266
5058144,0.8076938609497325,1.7647110726796253,1.0408184506498992,1.4788774052884657
5058145,1.157144510206443,1.0645092612305729,1.0487830458123069,1.61538106509656
5058146,1.4736842105263157,1.3584880028528246,1.485979919644935,1.4693862557283102
5058147,1.1111111111111112,1.4237264004637282,1.2727311294882713,1.3953488372093024
5058148,1.418184396698903,2.235294117647059,1.3761480515119737,1.7608733932030287
5058149,1.03845754439406,1.45312727051136,1.065419565028444,1.200001920003072
5058150,1.1875,0.8076938609497325,1.3333333333333333,1.2244922948822343
5058151,1.5,1.7088629226112944,1.5818167438029602,1.329118130120665
5058152,1.2857161224516034,1.3928546556166863,1.41984624439218,1.3846140532557178
5058153,1.1538497041529356,1.8695652173913044,1.3333367521455184,1.8239985408011674
5058154,1.7068906658942555,1.530615368602793,1.7938107344108567,1.4285755102157436
5058155,1.6,1.4032235431878337,1.7567567567567568,1.2272727272727273
5058156,2.1,1.432837959459641,1.933329037046584,1.3333333333333333
5058157,0.9795938359057875,1.180318194113163,1.1400045600182402,1.473676454334451
5058158,1.4285714285714286,1.0799913600691196,1.3770514377892422,1.5882315571022185
5058159,1.5294117647058822,1.8000032727332231,1.4054054054054055,1.8876383284962601
5058160,1.8214350765538445,1.3125082031762698,1.271190749799152,1.3090932892605258
5058161,0.8571446064175641,1.0,0.9489815285337316,1.2162162162162162
5058164,1.124997991075016,1.5,1.0571428571428572,1.35
5058162,1.3199973600052801,1.4444444444444444,1.363635123968069,1.8510598913619332
5058163,0.9677403746122991,0.8181833057878286,1.3846153846153846,1.136844498619997
5058165,1.0666666666666667,0.8888888888888888,0.8737872561041321,1.1842105263157894
5058167,1.411764705882353,1.1538417159934,1.3511440067603002,1.268038622600778
5058168,1.6818181818181819,1.7704947057290257,1.8260829867761155,1.4189198776485659
5058169,1.25675505843911,1.28571887756742,1.1904733560158192,1.1463442593762425
5058170,0.8571446064175641,1.1176404844677383,1.1359267414630738,1.366065330065491
5058171,1.4999916667129627,1.285716909626346,1.8191450656487964,1.26000504002016
5058172,1.5714285714285714,1.1785630102642124,1.476564807132511,1.4999942307914198
5058173,1.4545454545454546,1.0243877453957428,1.5789473684210527,1.0930232558139534
5058174,1.5789473684210527,2.2909007603608713,1.415095674618561,1.8484848484848484
5058175,1.1803298038193504,1.9180359312064446,1.1351382030762247,1.7317073170731707
5058176,1.84614674558944,1.2766011770262853,1.500002343753662,1.162165303149468
5058177,1.434782608695652,1.3928546556166865,1.368421052631579,1.4102564102564104
5058178,1.4761904761904763,1.9846214911430495,1.2500034722318674,1.5952380952380953
5058179,1.05,1.1764705882352942,1.3211021294514949,1.2127672476247315
5058180,1.4782608695652173,1.6438378682710524,1.6756756756756757,1.4189227538452807
5058181,1.4999973214333544,2.084742229250459,1.4444444444444444,1.8611111111111112
5058182,1.2115407914245988,1.2127633770991977,1.2595410232511273,1.308507854238608
5058183,2.084742229250459,1.0588173010746995,1.6693561849646652,1.2077859335795658
5058184,1.3043478260869565,0.95999808000384,1.4464298628838064,1.0930232558139534
5058185,1.7727272727272727,1.69355385017371,1.7867620782910614,1.5000019736868073
5058186,1.5818124297729828,1.4545454545454546,1.4608670245790878,1.706418887304794
5058187,0.6346166050319327,1.0666595556029628,1.0571458775596503,1.309086148777641
5058188,1.1764705882352942,1.075469668925153,0.905661231755879,1.2897184208239059
5058189,1.3902405116085081,1.0909110743837716,1.2954516012463608,1.1842136426674807
5058190,1.4062456054824828,1.5,1.4583333333333333,1.306933281056002
5058191,1.44230214499175,1.8113275899154337,1.7010274205620195,1.5140257664755443
6978332,1.5000025862113555,1.375,1.605263157894737,1.4178101613837828
5058192,1.0434805293054985,1.2580624869959889,1.011238227501635,1.2461519289970324
5058193,0.8076938609497325,1.4210451523939351,1.1694925165190817,1.4311900345136983
5058194,1.1803298038193504,1.2692332100638657,1.2672435642130417,1.3304359395095127
5058195,1.25,2.068969084429456,1.618419987881587,1.6293131539881964
5058196,1.369559262785814,1.1904761904761905,1.2121175390377603,1.5272713388442372
5058197,0.8653862795889992,0.9473659279844001,1.0961559541460655,1.2077859335795658
5058198,1.8367384423233515,1.2857119898000182,1.5675718042481197,1.29000129000129
5058199,1.2631545706458667,1.411764705882353,1.4166666666666667,1.373830491747204
5058200,1.022731921508734,1.01999796000408,1.031253222666321,1.2479990016007987
5058201,1.4754122547741881,2.2641466714213747,1.3421052631578947,1.760332033332259
5058202,1.7288106291345267,1.5555555555555556,1.5132729971035423,1.4881901481812192
5058203,1.5230816094818753,1.1162816657713157,1.584002534404055,0.88775691378962
5058204,0.8142868775526821,1.2545408925785726,1.0930232558139532,1.376144263955479
5058205,1.220343119807186,1.5714285714285714,1.1848759409679679,1.3125011718760462
5058206,1.2428589183698833,1.596779344449498,1.4307703313617937,1.4285743440292735
5058207,1.0588235294117647,1.4754049986721356,1.1214974233596697,1.6756756756756757
5058208,1.0813940914022193,2.2222222222222223,1.5416666666666667,1.7821817468945482
5058209,1.35,1.455880211940865,1.4473684210526316,1.1911747188607076
5058210,1.1739079395306977,1.25,1.2727234159896483,1.7027027027027026
5058211,0.8571446064175641,1.0227249483523901,0.990292223584683,1.03999584001664
5058212,1.8545488264524117,1.472721917374846,1.5000041666782407,1.2815546422860604
5058213,1.1176404844677383,1.3749914063037105,1.3189609691001067,1.67307048819043
5058214,1.0909066115758828,1.7307625739901003,1.3846153846153846,1.4054016070226838
5058215,1.0212809416210282,1.1886770024962219,0.9090936639201938,1.2439024390243902
5058216,1.1250012784105436,2.235294117647059,1.5202712974806063,1.89000189000189
5058217,1.4651094646071412,1.1578947368421053,1.4242381083693685,1.4732156010853583
5058218,0.9375,1.2599974800050402,0.958763875014304,1.1999952000192
5058219,0.8852473528645128,1.2558168739927302,1.0183495581188606,1.3738343436155955
5058220,1.1399977200045601,1.836727197031849,1.3846153846153846,1.3867898362455922
5058221,1.9615422337350648,1.0714266581666818,1.6238591701253948,1.1826945821049655
5058223,1.5517187871765958,1.698110003566031,1.5132729971035423,1.5867781708910504
5058225,0.9583333333333334,1.2631512465723864,1.1641782356878836,1.3888850308749143
5058226,1.068494614376184,1.5454615702798649,1.2461548047344653,1.3862107205812981
5058227,1.1333333333333333,1.391298298703049,1.1454566281029601,1.6499958750103125
5058228,1.0555555555555556,1.7142857142857142,1.3865534566777675,1.343282579639866
5058229,1.1999956363795043,1.2777706790517829,1.134449968235401,1.5420503100922986
5058230,1.01999796000408,1.4761834467454917,1.0956531266548928,1.8157846953034336
5058231,1.4769276213157578,2.0,1.3728825193919656,1.725
5058232,1.0384615384615385,1.6363576859720512,1.0336125767961537,1.485710040828455
5058234,1.2600050400201601,1.3695681947134668,1.5517268133220918,1.071430758021955
5058233,1.8923047810695677,1.4651094646071412,1.675,1.6229494893856644
5058235,1.1363688016763713,1.2857204081924198,1.3181848140563956,1.3615426509004644
5058236,1.1186421717929291,1.4062521972690583,1.3613433938290807,1.3409090909090908
5058237,1.0588235294117647,1.21153380179307,1.1249949777009924,1.4727219173748458
7345140,1.721322762772215,2.196424649241698,1.40708213642856,1.7899144622567544
7364165,1.0666737778251856,1.4666666666666666,1.5526356648306967,1.1489373924865878
5058238,1.840904907034302,0.9818199669453944,1.468745410170593,0.9743589743589743
5058239,1.2599974800050402,1.4776141456927547,1.268042544373757,1.3617021276595744
5058241,1.3220316575734619,0.8666666666666667,1.7894689750816446,0.8617030443649408
5058240,1.32,1.8813527434699264,1.1759990592007525,1.7327571269335114
5058242,1.0169525998393216,0.9857114693958017,1.40000350000875,1.2132335099507205
5058243,1.075469668925153,1.681825826481029,1.1111069959000153,1.4262318462817152
5058244,1.071436224544461,2.2641466714213747,1.3333370370473252,1.887929406957408
5058245,1.8979514369329107,1.4032303330010742,1.3689293807196492,1.6585406305869037
5058246,1.1320733357106874,1.5333333333333334,1.2692295488177416,1.3
5058247,1.5319116342305652,0.9818199669453945,1.3723375056648814,1.0173921890366862
5058248,1.3269179733924101,0.8653862795889992,1.4579384749963553,1.1923076923076923
5058249,1.4666568889540736,1.4399971200057602,1.5762685147991276,1.2972972972972974
5058250,2.0625032226612854,1.1076957159868184,1.72566677109163,1.2985094007602997
5058251,2.0192346523743314,1.0273986676694078,1.6388934413706706,1.3381304590866612
5058252,1.1612884495347588,1.071436224544461,1.1415888793314009,0.9278388776860936
5058253,1.2413814506576735,1.21153380179307,1.3392869100775986,1.3584841580935938
5058254,1.0199979600040798,1.5535769770606322,1.0357105867479044,1.4880023808038092
5058255,1.530615368602793,1.0188660021396188,1.452630049863105,1.105263157894737
5058256,1.021274422820377,1.2096813215526503,1.2772264581916255,1.3125
5058257,1.3235274654007863,2.129028824147058,1.1,1.8305053720247932
5058258,1.034484542214728,1.0434737240272869,1.375003437508594,1.1739104914989313
5058259,1.4142816734809331,1.0000062500390627,1.2782553119334263,1.0909123967042325
5058260,1.2000080000533337,1.7872302399356597,1.3069332810560024,1.9528265041009358
5058261,1.698110003566031,1.5535769770606325,1.3867898362455922,1.785129868197911
5058262,1.1399977200045601,1.5789432133073333,1.1764705882352942,1.348313091783043
5058263,1.105263157894737,0.9795938359057875,1.6034468935802642,0.8019817861025467
5058264,1.358488002852825,1.0200040800163201,1.3909040330762434,1.1707331350404084
5058265,1.9534792861428552,1.075469668925153,1.5913015803450778,1.2931023335324712
5058266,2.072731041329166,0.9428584897978425,1.5818210578564686,1.3455892246979593
5058267,1.7619047619047619,0.9692337514884661,1.7844858353204056,1.2195151695491941
5058268,1.3469415243704579,1.2222154321364882,1.4086968771277195,1.3301824047999773
5058269,1.7142892128351281,0.9183635985159244,1.452630049863105,1.0833333333333333
5058270,1.13999772000456,1.767863456655202,1.0568157799641364,1.6153887574070704
5058271,1.3888888888888888,2.357136122468222,1.0645169875136995,2.069762628459004
5058272,1.301891705251718,1.6415063367804967,1.2857179591941692,1.9528265041009358
5058273,1.1896572235469371,0.9565175803583463,1.40000350000875,1.1395322336459681
5058274,1.37999724000552,1.7454577190140343,1.396038221744335,1.625004062510156
5058275,1.102043065394011,1.599989333404444,1.1891891891891893,1.3636332644698537
5058276,1.6415063367804967,1.0851110004723425,1.444440432109911,1.1647072525967677
5058277,1.0,1.2631645429712788,1.1584146946389162,1.368002188803502
5058278,1.8387067117633682,1.1399977200045601,1.706895080262862,1.0990088128625615
5058279,1.734369580095062,1.2692332100638657,1.4608632136382016,1.163267680138123
5058280,1.3,1.2380952380952381,1.6779675237012912,1.2406024365431856
5058281,1.2413814506576735,1.2115407914245988,1.5140215215355541,1.2352950259522248
5058282,1.4081661391145694,0.8727240991850939,1.2857154336744945,1.1067907437342537
5058283,1.2115407914245988,0.9310360879932551,1.3539811026715907,0.9000016363666116
5058292,1.835815415476372,1.3278710292967693,1.7749955625110938,1.1865689351775153
5058284,1.1000055000275002,1.4558866349606912,1.255813953488372,1.5000027272776861
5058285,1.036365520664583,1.736842105263158,1.373830491747204,1.5140215215355541
5058286,0.9272744132262059,1.1399977200045601,0.9714285714285714,1.0
5058287,0.98076545859439,2.089293176047057,0.9999968750097658,1.7603363978062738
5058288,0.9285714285714286,2.5312420898684693,1.2371108513178324,2.06556699814099
5058289,0.7173881852687597,1.4705882352941178,1.0199949000254998,1.2631605540222193
5058290,1.7058823529411764,1.1904705215689448,1.4722181327274093,1.1282022353788836
5058291,1.5245851652945401,1.0909140496093164,1.7478230472642655,1.090910330579921
5058293,1.2096754682653739,1.1086980623870921,1.6810330335922126,1.0909090909090908
5058294,1.102043065394011,1.199995636379504,1.1834873243002977,1.16999766000468
5058295,1.5319018561544158,1.2413814506576735,1.4516082206186431,1.5398257342048391
5058296,1.5762685147991276,1.7068906658942555,1.3557718380227652,1.4601718224006286
5058297,0.8947368421052632,2.250008035742985,1.3301861694600576,1.9743690993287144
5058298,1.1481524005644466,1.500002343753662,1.2916666666666667,1.4018717791995874
5058299,0.9344277613569858,1.2765930285254712,1.0526315789473684,1.1176470588235294
5058300,1.0909090909090908,1.5454545454545452,1.3181848140563956,1.5137586903510267
5058301,0.792451334997481,1.0188717693274312,1.01941549628059,0.9411792387624669
5058302,1.170728851880849,2.5636270413562134,1.113399766186049,2.19999450001375
5058303,0.6279040562602034,1.5294117647058822,0.9473644321497593,1.2857169096263463
5058305,1.48,1.0227319215087343,1.7862581784288711,1.085107537348444
5058307,1.27940988322076,0.9285714285714286,1.6890742108620078,1.0615392781071369
5058308,1.3043506616318732,1.5849026699949624,1.223302158545785,1.3106770666464727
5058309,1.0678002298312876,1.1590961777098987,1.4016416420354787,1.0344845422147282
5058310,1.3749914063037105,1.038463535506799,1.4193502601604508,1.5000028846209321
5058311,0.8852473528645128,1.369559262785814,1.0,1.1584146946389162
5058312,1.5849026699949624,1.0952328798434294,1.6111066358149004,1.1065537490041015
5058313,1.3333333333333333,0.8918943024170336,1.7279986176011057,0.8764064638347502
5058315,1.3749914063037105,0.7058823529411765,1.451608220618643,1.368933367896474
5058316,1.1803239989377086,0.9069788534391939,1.6319986944010445,0.9827603151039915
5058317,1.2142857142857142,1.0188660021396188,1.23000123000123,1.2232985955367077
5058318,1.5789432133073336,1.819666165028967,1.4700014700014699,1.4732116549791876
5058319,0.8225793184204542,2.1964364158443423,1.2972937910978621,1.9180406477075727
5058320,1.066670222234074,1.28,1.1677868023983924,1.2051312952084494
5058321,1.25,1.3478260869565215,1.2666694814877368,1.539821646175534
5058322,0.8888888888888888,1.2244922948822343,0.9813074941051457,1.0824753427580853
5058323,0.9375,2.6249953125083705,1.102039691796233,2.2434743591750275
5058324,0.5454533057879415,1.4150916696383593,0.9062471679776002,1.2631605540222193
5058314,1.6119354867597409,0.8260869565217391,1.5545398016734486,0.9777799506221125
5058325,1.1538483727853321,1.4634217727891357,1.2931056777684098,1.184875940967968
5058326,0.8852473528645128,1.304350661631873,0.9459459459459459,1.0879132834211904
5058327,1.1029395545006553,1.6956521739130432,1.062992962986585,1.6293089402509133
5058328,0.7647058823529411,1.2599974800050402,0.9999971428653062,1.132655372766067
5058329,0.8823529411764706,2.5471650053490467,0.9489786234912005,2.3217350926346216
7612500,1.5211246181343407,1.0833333333333333,1.499994827604043,1.0948921093315467
5058330,0.8,1.1250070312939457,1.2053582190698384,1.2616846012796288
5058331,1.4594515705320512,1.9999882353633214,1.5161290322580645,1.5398175581679356
5058332,0.7741922996898393,2.037743538654863,1.199997913047108,1.7889973908161132
5058333,1.16,0.919357804380014,1.1750029375073439,1.0178580516589746
5058334,0.47619047619047616,1.625,1.220340017237303,1.46999706000588
5058336,2.0625,1.4823546851231588,2.2372843435858583,1.5909090909090908
5058335,1.3636332644698532,1.291666666666667,1.5757575757575757,1.5391277580386817
5058337,1.6551752675435647,2.0249898750506246,1.7105308171863611,1.636357685972051
5058338,1.3953423472448967,1.1379271105961706,1.1874962890740968,1.4628074994917364
5058340,1.3098573100601267,0.8275876337717823,1.3064526664940859,0.9532728098557193
5058341,0.8823516436005242,1.058821972320629,1.0932184860703626,1.0476190476190477
5058339,1.37999724000552,1.8805914012196978,1.3235294117647058,1.7327571269335114
5058342,1.1666666666666667,1.186049269882023,1.0183467553270544,1.1538477676192553
5058343,1.1454503801804359,1.0273986676694078,1.0559966208108134,1.0731707317073171
5058344,0.7021306473644569,1.0714285714285714,0.8461560157846559,1.2197815601995166
5058345,2.1315733379649,1.2777777777777777,1.4827586206896552,1.1515151515151516
5058346,0.8780466389106368,1.5000021428602042,1.0776709491950962,1.2444472098826886
5058347,0.8095238095238095,1.468081982804292,1.0165297657270793,1.4099971800056401
5058348,0.5882352941176471,1.3125,0.8019817861025467,1.1881176355270935
5058349,1.5576863165910904,1.285721632695044,1.5666614444618516,1.310680884156198
5058350,1.4651094646071412,1.1,1.1739079395306977,1.2
5058351,1.3333333333333333,1.4249928750356247,1.7181849421544404,1.61537840239076
5058352,2.0357106505166955,1.4810145329297884,2.2999942500143753,1.5454545454545454
5058354,0.8852429992032814,0.9230755029607647,0.9568957268140287,1.048780487804878
5058355,1.3,1.2857142857142858,1.5128205128205128,1.5599987520009984
5058356,1.2941176470588236,1.7812444336111448,1.3823529411764706,1.75221083875147
5058357,2.25,1.2,1.4361717406082346,1.088235294117647
5058358,1.2931056777684098,1.3448275862068968,1.0384605399417886,1.2949649604064464
5058359,0.9622623353540843,1.0588266436077751,1.0081934157592924,1.025
5058360,0.8076938609497325,1.2857142857142858,1.0096173261871657,1.3516498369778427
5058361,0.8181799586819122,1.384619644983523,1.069309048136729,1.3125020507844543
5058362,0.8307679526646883,1.0851040742466505,1.024390243902439,1.37999724000552
5058363,1.6199967600064802,1.645166597311604,1.6105195346545909,1.4823546851231588
5058364,0.6724149524395732,1.3333333333333333,0.8571453061294462,1.2315776509708938
5058365,1.016947428902663,1.4032235431878337,0.9568957268140287,1.2421865295417736
5058366,1.15,1.5348765819693861,1.6810373810989327,1.633656896408331
5058367,1.1250017578152465,1.1379329964362006,1.3414634146341464,1.5119987904009677
5058368,1.016947428902663,0.85714591837828,1.2519694897397557,0.8918943024170336
5058369,1.4347763705375194,1.45312727051136,1.281245996106262,1.3333333333333333
5058370,1.714282653066691,1.4761975057024084,2.1351293645152314,1.5000012096783948
5058371,1.1111111111111112,1.754713670351565,1.3142857142857143,1.6386540851646343
5058372,1.016127393342914,1.173913043478261,0.9847298176188775,1.0081958949213976
5058373,0.76363775206864,1.2666666666666666,0.9207939025621832,1.1808523200556595
5058374,1.7333333333333332,1.3,1.3469415243704579,1.2475235173034482
5058375,2.1666666666666665,1.9090909090909092,1.8712797177040883,1.480523326034613
5058376,0.8507475384291617,1.4594634039551457,0.9459485025635205,1.3043464083191214
5058377,0.38461538461538464,1.4307736331496406,0.7959199916734523,1.3809556689420688
5058378,0.8142833877617494,0.9545432851288974,0.909835319807115,1.3578933074807291
5058379,1.3448299048791463,1.270585245681775,1.039602931086207,1.2000008275867775
5058380,1.263157894736842,1.3018917052517178,1.3363624214887078,1.2892572638489783
5058381,1.1304347826086956,1.1304298676962274,1.6080025728041163,1.0243877453957428
5058382,1.3018843360672905,0.6666703703909466,1.28999742000516,0.8086984650381394
5058383,1.4347857277950602,0.5142842449021574,1.3263185817233298,0.896551724137931
5058384,1.4150996796214323,1.5,1.45312727051136,1.3977288610555239
5058385,0.9661049698473555,2.1044807529563476,0.9902951079421668,1.7999968695706614
5058386,1.5,1.6315875346712352,1.384614053255718,1.398306269751076
5058387,1.05633654037107,1.2711778225232373,1.4758076417803563,1.0749973125067187
5058388,1.744190102767681,1.3392904974660622,1.6071485969592747,1.4878048780487805
5058389,1.363631404976709,1.3888888888888888,1.999994594609204,1.3095238095238095
5058390,0.969229278108803,0.8955237246622756,1.2325581395348837,1.1428571428571428
5058391,1.05,0.6666703703909466,1.1886770024962217,0.7826114177788445
5058392,1.5483920915873923,1.116277771770033,1.1679407144133043,1.131737882320817
5058393,1.1842167590355739,1.472721917374846,1.4175839753670059,1.2232985955367075
5058394,0.9827603151039915,1.546877416995964,0.9600009600009599,1.1388888888888888
5058395,1.9852911981011787,1.0,1.6642323618741885,0.9051716334727298
5058396,0.9705868079605766,0.8028157706820132,1.0763325913508661,0.7622944571356909
5058397,1.306455827276862,0.5999982857191837,1.305559182108839,0.7124991093761133
5058398,1.3018917052517178,1.375,1.3200021120033791,1.3
5058399,1.0714209184220114,0.7826103969791238,1.5145557545837156,1.2121212121212122
5058400,1.323533304509719,1.8571428571428572,1.1714319183769095,1.6486441928535327
5058402,1.173913043478261,1.0666595556029628,1.3937018848046336,1.0423711146252295
5058401,1.2931056777684098,1.6315875346712352,1.3333333333333333,1.3826098979216503
5058403,1.8139577068783879,1.4717036668062897,1.5200060800243198,1.5000012096783948
5058404,1.45,1.65,1.964600031327406,1.3593739379891108
5058405,1.0153830532568413,0.7968762451191329,1.157142030612835,1.039602931086207
5058406,1.1304347826086956,0.8644097098634234,1.2321406568916842,0.8925649340989558
5058407,1.3728860097830842,1.4074074074074074,1.2137423110569634,1.2280723299514562
5058408,1.022731921508734,1.55768631659109,1.0206196088861947,1.2232985955367077
5058409,1.2,1.4464337372633471,1.0776709491950962,1.1214974233596697
5058410,1.7288106291345264,1.0625,1.7109361633311224,0.8999991818189257
5058411,0.9230755029607646,1.27940988322076,1.0078093505957793,0.8931290892144358
5058412,1.0526371191427322,0.75,1.4842136509761072,0.8181807556094084
5058413,1.2244922948822343,1.3125,1.388061773226527,1.2
5058414,0.9130395085238759,0.7346953769293406,1.4845284302658233,1.175258943565921
5058415,1.788464977817265,1.6875026367228698,1.1941759166756472,1.6293089402509133
5058416,1.9090995868163037,1.1896572235469371,1.6329196603527105,1.246154804734465
5058417,1.1904761904761905,1.434782608695652,1.5675675675675675,1.2481742714056412
5058418,1.0153877396545836,1.285717625240585,1.2666694814877366,1.2331318604462833
5058419,1.4999999999999996,0.9782629962239049,1.6917267793582267,0.9210526315789473
5058420,1.0178553252583478,1.0869565217391304,1.0810781592482184,0.9545454545454547
5058421,1.2105263157894737,1.3199973600052801,1.367648064447106,1.3043464083191214
5058422,0.92307337279472,0.9183692211616757,1.4021678166616667,1.1875
5058423,1.064514412073529,0.6842105263157895,1.116787505994521,0.9801970493098522
5058424,0.8235294117647058,1.4347763705375194,1.0606060606060606,1.3499973000054002
5058425,1.229504165560113,1.38000552002208,1.0,1.2692332100638655
5058426,1.8666666666666667,1.6153895858141103,1.1941759166756472,1.6173927107762704
5058427,1.5000048387252862,0.7142857142857142,1.548392091587392,1.0588235294117647
5058428,1.291145777953306,1.3333333333333333,1.3192802874223795,1.3826062911194938
5058429,1.581078944487913,1.0416666666666667,1.2733794627633628,1.1666666666666667
5058430,1.036365520664583,0.8852473528645128,1.1603784531872199,1.435897435897436
5058431,1.1579008310570056,1.0,0.991307795853203,0.9391288015151279
5058435,1.4761904761904756,1.1694895432380623,1.6299186930414284,1.0714266581666818
5058432,0.9661049698473555,1.1666601852211933,1.1854876951215971,1.10655647003568
5058433,0.8421052631578947,0.870966337151069,1.0588235294117647,1.1052614958473745
5058434,1.0178553252583478,1.3043421550341086,0.9166666666666666,1.2452806692817562
5058436,1.4,1.3018917052517178,1.439027900068049,1.6853970458360579
5058437,1.3469415243704579,1.3269256287031321,1.21875,1.3090932892605258
5058438,1.1428571428571428,1.0645092612305729,1.2142857142857142,0.9199963200147199
5058439,1.8235401384714027,1.75,1.4324363038819021,1.1650496748055095
5058440,1.1875,1.1351382030762245,1.2258064516129032,0.9928064696449423
5058441,1.0188660021396188,1.034484542214728,1.1935445369531066,1.5803585538915659
5058442,1.3125082031762698,1.430767029589185,1.2909114380207964,1.4324285610038894
5058443,1.3448299048791463,1.6,1.1764705882352942,1.4745775208284075
5058444,1.114287306124723,1.3199894400844792,1.1250017578152465,0.7499976562573243
5058445,1.455880211940865,0.8709663371510692,1.430767029589185,1.0081958949213976
5058446,1.6363710744139746,1.0,1.7272779614483678,1.0714295280620787
5058447,1.1029444204247658,0.8653862795889992,0.9919386836731732,0.9459459459459459
5058448,1.404261294728914,1.2656269775421523,1.247527222826184,1.475
5058449,1.3965469084589364,1.2599974800050402,1.088494611951671,1.281817016529985
5058450,1.578947368421052,1.3018843360672905,1.6636348512410444,1.1478240907407118
5058451,1.1999976000048,1.6046548945462662,1.310680884156198,1.670456443700504
5058452,0.7258052809592243,0.882351643600524,1.0,0.9448804017631467
5058453,0.9545454545454546,1.13999772000456,1.190841512735134,1.1596628910395874
5058454,1.0588235294117647,1.3098628446840694,1.2580645161290323,1.0638297872340425
5058455,1.31250820317627,1.2857119898000182,1.3928621173647047,1.1217401058609615
5058456,1.075469668925153,0.6875,1.2812459961062623,1.5130447939519946
5868557,1.500002142860204,1.036365520664583,1.1371004422594913,1.0183495581188606
5868558,1.4347763705375194,1.2765930285254712,1.4146306960226924,1.1896541468498734
5868559,0.6545430743888205,0.9152526860123966,0.870967741935484,0.9435468652469914
5868560,1.5230816094818753,1.1428571428571428,1.6111155864321844,0.9908265970886212
5868561,1.2000048000192,1.7343777099651718,1.233647165695637,1.5630238966185743
5868562,1.1911747188607076,1.32000528002112,1.3615395088765452,1.2100830167369607
5868563,1.343291601740906,1.3150648902331774,1.2156886582130555,1.3095206916174007
5868564,1.3965469084589364,1.1176470588235294,1.1896541468498734,1.3018843360672905
5868565,1.1428571428571426,1.0188660021396188,1.6636348512410444,0.9917338979604993
5868566,1.4464259885250206,1.6744224986569736,1.3761480515119742,1.5505652821691733
5868567,1.3333333333333333,1.588235294117647,1.08000108000108,1.5652187523641325
5868568,1.1095905610829604,1.3548299688389105,1.2093051379189252,0.9090867768782869
5868569,1.2222222222222223,0.8863676653075695,1.1562463867300417,1.4579466503675709
5868570,1.8000032727332231,0.9622623353540843,1.5555598765552126,1.1652902192481152
5868571,1.2391331285502796,1.4788774052884655,1.3085120303319473,1.1408458738351226
5058472,0.9827603151039915,0.9183635985159245,1.0188688857253638,0.9677419354838711
5058473,1.5416666666666667,1.3269256287031321,1.1666694444510584,1.170731707317073
5058474,1.0465140616606083,1.7,0.8971979386877358,1.575
5058475,1.095243310682432,1.1400045600182402,1.2708359809082936,1.3269256287031324
5058476,1.3999944000223998,1.1756740869269096,1.5111077530938821,1.263158844480334
5058477,1.4500072500362502,1.4347763705375194,1.3613433938290809,1.2558110329975976
5058478,1.5918302374276023,1.0227249483523901,1.5142857142857142,1.0183467553270544
5058479,1.2777777777777775,1.3199973600052801,1.5132729971035423,1.2727272727272727
5058480,1.222229012383402,1.0555555555555556,1.3867937611261898,0.9831924510987806
5058481,0.9740285039701401,1.8,1.1769266982359945,1.4673944943358572
5058482,1.4423104659816652,1.6470588235294117,1.5412900597800356,1.2989663938837241
5058483,1.468091353580228,1.298503586556458,1.3894766094244408,1.2519665323361697
5058484,1.161294068690544,0.7647058823529411,1.2230778639060493,1.2815546422860604
5058485,1.6363636363636365,0.7674436452177795,1.1029395545006553,1.3177594724476123
5058486,1.0,1.3404226799517447,0.990292223584683,1.0714274781352264
5058487,1.608695652173913,1.9200076800307198,1.2656269775421525,1.4873974578108533
5058488,1.0465140616606083,1.959187671811575,0.84000084000084,1.526787077488462
5058489,1.2537332145271858,1.0500026250065626,1.2708359809082936,1.1938799875101784
5058490,1.7307625739901,1.426825788229785,1.5918334860541101,1.2448979591836735
5058491,1.5737730717591338,1.4062456054824828,1.358488002852825,1.2631559952541422
5058492,1.653054477328664,0.8863616219054047,1.5151515151515151,0.9905641687468515
5058493,1.6470588235294115,1.5652207939582476,1.564102564102564,1.3689333678964737
5058494,1.1076957159868184,0.9836081698494588,1.2432432432432432,1.0
5058495,1.40816613911457,1.3378414536255503,1.071430758021955,1.512824391857415
5058496,1.2500052083550348,1.25,1.2230806864021118,1.1428604081725946
5058497,1.500002884620932,1.7142857142857142,1.568813096561822,1.2765930285254712
5058498,1.4000093333955559,1.426224832049731,1.3578975955738855,1.327864498804922
5058499,1.2931056777684098,0.75,1.1811032922073168,1.2903225806451613
5058500,1.6874947265789793,0.8863616219054048,1.1911747188607076,1.3211021294514949
5058501,1.1162816657713157,1.8979630570674633,0.9176481384095746,1.3363660661201202
5058502,1.3676450475808124,2.0204122865556866,1.2720020352032562,1.4380177173700144
5058503,1.3888888888888886,1.5333333333333334,1.435897435897436,1.457142857142857
5058504,1.5394817867462463,0.75,1.3597161430680376,1.0088513430997221
5058505,1.2727272727272727,1.0909066115758828,1.171871337902069,1.0588235294117647
5058506,1.533343555623704,1.3809458050199763,1.3548430801389684,1.210079966117761
5058507,1.3636388429797144,1.4399971200057602,1.1834873243002975,1.1214942789773095
5058508,0.9565217391304348,1.2666666666666666,1.1351382030762245,1.14000114000114
5058509,1.4810089088382055,1.4096368558592098,1.5294087658651652,1.225352975600687
5058510,1.5517268133220918,1.2656210449342344,1.3660689891625195,1.3014686743107728
5058511,1.7586146254668087,0.6382965142627357,1.5545440413235985,0.7706407878150683
5058512,1.20968132155265,1.034484542214728,1.25,1.1025641025641026
5058513,1.3928621173647049,1.459463403955146,1.1714319183769097,1.6271241597429142
5058514,1.1764705882352942,0.8333333333333334,1.1520018432029493,1.2
5058515,1.8545488264524117,1.4347857277950602,1.8396295835078624,1.2121212121212122
5058516,1.1803298038193504,1.1590882747993756,1.2553244907425138,1.28571569858868
5058517,1.322038379791118,1.4516175858631801,1.3333370370473252,1.475811212294233
5058518,1.3291105592137742,1.4999981250023438,1.3877522698933267,1.2534237990247952
5058519,1.4,1.4285714285714284,1.1517867426667345,1.0096144138322944
5058520,1.3,1.1999981538489939,1.227271611571262,1.3153825917190896
5058521,1.9137964030972465,1.2244922948822343,1.6415156283608614,1.1470588235294117
5058522,1.0714285714285714,1.602748508211004,1.1641756293264798,1.3636411316123482
5058523,1.1194046558278445,1.500003260876654,1.1794871794871795,1.3437500000000002
5058524,1.4166666666666667,1.3571428571428572,1.1785714285714286,1.2717418950910764
5058527,1.1694895432380623,1.5967716181102936,1.238533246360776,1.3384625680481292
5058528,1.1129014308041438,1.2931056777684098,1.222219506178875,1.475811212294233
5058529,0.6976711736224483,1.1666666666666665,0.8108086194361636,1.3783783783783783
5058530,1.4210526315789473,1.3043478260869565,1.2321439572713904,1.2481742714056414
5058526,2.192311908292131,1.2321472576687775,1.4736842105263157,1.2926892326304034
5058531,1.4042523313780182,1.3246736043199945,0.99999705883218,1.3767085569628577
5058532,0.8653862795889992,0.7999999999999999,1.0857142857142856,1.069305871974384
5058533,1.6415063367804965,1.625010156313477,1.61946759339151,1.3333373737496175
5058534,1.6315875346712352,0.6086956521739131,1.71429183675656,0.9910723134574227
5058535,1.124997991075016,1.1632676801381225,1.2283474238956096,1.1941759166756472
5058536,1.0500026250065626,1.833340972254051,1.1830969252155983,1.4689695695712264
5058537,1.2272699380228682,1.1186421717929291,0.9456511460313629,1.2564070348537568
8128168,1.5625,1.309093289260526,1.3928583864807023,1.3274359777627924
5058539,1.1831019242307725,1.1739155954686857,1.155739599573114,1.3235294117647058
5058540,1.05,1.4081661391145694,1.2558110329975976,1.4736880886528647
5058541,1.4615384615384615,1.1666666666666667,1.2962962962962963,1.1511654678266694
5058543,1.1886770024962219,0.95,1.05154747582214,1.1694895432380623
5058544,0.9795878384169862,0.9999999999999998,0.9444418209949416,1.0588235294117647
5058545,1.3392833227083525,1.1351336011708093,1.1578947368421053,1.1554038440488594
5058546,1.3584880028528246,1.3373477863279684,1.1470554498369123,1.367085146619882
5058547,1.4464259885250204,1.411773010429473,1.5140172766193674,1.3299023913500676
5058548,1.4705882352941178,1.2545477355413375,1.6173927107762702,1.2935791684212554
5058549,1.038463535506799,0.6666666666666666,1.0285714285714285,0.8265297688471746
5058550,1.0714266581666818,0.8666666666666666,1.2992136214280485,1.28125
5058551,1.7647162630368414,0.8076923076923077,1.6019479687299758,1.1157034014077698
5058552,1.2307692307692308,1.863644834749249,1.4166666666666667,1.384620225944846
5058553,0.9473684210526315,1.500003260876654,1.190080677552599,1.4000035000087498
5058555,1.5223903319258685,1.4262318462817152,1.4210526315789473,1.258068574414756
5058554,1.3571428571428572,1.4250035625089064,1.2000014117663667,1.2375030937577345
5058556,1.0781216308699038,0.9499999999999998,1.0555526234649346,1.105263157894737
5058557,1.1886770024962219,1.2203369146831955,1.3274359777627924,1.372093023255814
5058558,1.4150916696383593,0.7924513349974812,1.1999989090919008,1.1777751604996434
5058560,1.5,0.7647058823529411,1.2777777777777777,0.7647058823529411
5058561,1.5625,1.2766011770262853,1.5773163354302364,1.3723462653032568
5058562,1.0952380952380953,0.9782629962239048,1.1538491124336214,1.15625
5058563,1.263157894736842,1.4237264004637282,1.05000105000105,1.3571396258580337
5058564,0.8490550017830154,0.9295761555265416,1.07999784000432,1.3489896671418333
5058565,1.0714266581666818,0.8225793184204542,1.118645015800861,1.182691170489259
5058566,1.097558298638296,1.8461595266446975,1.356160668052964,1.5328523096799624
8158336,1.706899494654301,1.4736842105263157,1.52727550413728,1.354839802290163
5058567,1.6666759259773665,1.0,1.5849116411760045,1.2285714285714286
5058568,1.1379329964362006,1.2941176470588236,1.5000041666782407,1.4390243902439024
5058575,1.2,1.0862087693254643,1.3613468257929844,1.0975636525942745
5058569,1.4285714285714286,0.7368421052631577,1.427417052553141,1.1666666666666667
5058570,1.4464259885250206,1.2187519042998505,1.205128205128205,1.3008872582075366
5058571,1.6595709370831124,1.3125,1.6562448242349241,1.458716934602692
5058572,1.1666666666666667,1.263157894736842,1.3138676541112013,1.4871794871794872
5058573,1.0819689868344047,1.1052602493151333,1.0,1.1830969252155983
5058574,1.263164542971279,1.1029395545006553,1.2650632893091311,1.3061197834290135
5058576,1.0909090909090908,1.317069958365955,1.185484827003893,1.1785714285714286
5058577,1.064514412073529,0.8125,1.1454535041331781,1.1808523200556595
5058578,0.9344277613569858,1.1176470588235294,1.1039991168007064,1.2452841936643335
5058579,0.6666666666666666,1.45,0.7058823529411765,1.5000044117776818
5058580,1.0869517958617572,1.4375089844311528,1.2260848242003057,1.4193639958967477
5058581,1.2600050400201601,1.1298686625082306,1.2127672476247315,1.2307668639098772
5058582,1.1831019242307723,1.4,1.525003812509531,1.5116279069767442
5058583,1.5818210578564686,1.5319214124315423,1.2338719627999701,1.7058873702569715
5058584,1.1333333333333333,1.1538483727853321,1.317759472447612,1.1842136426674805
5058585,1.3285676326639069,0.764705882352941,1.157891689758711,1.0990088128625615
5058586,1.0169525998393216,1.0588235294117647,1.1129041233097767,1.2432432432432432
5058587,0.9000000000000001,1.2203369146831955,1.242856255102675,1.5555555555555556
5058588,1.524592663266661,0.8888888888888887,1.4516105619184485,1.1388888888888888
5058589,1.687494726578979,1.3333333333333333,1.7333275555748147,1.456312093506887
5058590,1.2452806692817562,1.3157894736842106,1.135135135135135,1.3539846973180483
5058591,1.37999724000552,0.625,1.0363626942157325,1.064516129032258
5058592,1.0819689868344047,1.097558298638296,1.1250010044651826,1.1071428571428572
5058593,1.0869517958617572,1.301891705251718,1.1440658575154958,1.408170449849234
5058594,1.0153877396545836,1.1999965714383674,1.0458725191491,1.1298686625082306
5058595,0.625,1.4464259885250206,0.7352941176470589,1.5348872904355593
5058596,1.1000055000275002,0.9183692211616757,1.1065591910806412,1.188680366679591
5058597,1.2786906208042963,1.124998593751758,1.310680884156198,1.2229283784351868
5058598,1.3392833227083525,1.1578947368421053,1.1111111111111112,1.2413814506576735
5058599,0.9999958333506944,1.1400045600182402,1.0661139403075368,1.377558048765555
5058600,1.235297750875738,1.1842074099805,1.2321439572713904,1.1153846153846154
5058601,0.9473734072284591,0.9473659279844,1.0354000626549782,1.1756740869269096
5058602,1.0563410037774754,1.4545454545454546,1.5365891136319842,1.4104467086218593
5058603,1.7755138275792401,1.5600062400249601,1.4454571735584976,1.750004861124614
5058604,0.9574447713941033,1.4,1.1428571428571428,1.2321439572713904
5058605,1.4117626297608388,0.9999999999999998,1.0956502684343157,1.1818181818181819
5058606,1.1,1.1803239989377086,1.2093023255813953,1.499998636364876
5058607,1.5238095238095237,0.9818199669453942,1.3278677640428165,1.0733954801793395
5058608,2.2325477555918343,1.5333333333333334,1.9062440429873655,1.4
5058609,1.6595709370831124,0.8125,1.034481866825977,1.1489373924865878
5058610,1.1333333333333333,1.368421052631579,0.9666666666666667,1.627910762583169
5058611,1.4736842105263157,1.4081661391145694,1.3539846973180485,1.5283076539911469
5058612,1.5483845993796785,1.764705882352941,1.2540973327071043,1.3513513513513513
5058613,1.4545454545454546,1.0952380952380953,1.1559611817226023,1.2272716115712623
5058614,1.2631645429712788,1.1538497041529359,1.403230333001074,1.1040017664028263
5058615,1.1399977200045601,1.4318149276933463,1.2727272727272727,1.2782619810973748
5058616,1.8292638310638265,0.8571428571428571,1.1596628910395874,1.022728434918676
5058617,1.2857119898000182,0.95,1.4134601793652122,1.1415919100956549
5058618,1.38461005919208,1.5272755041372799,1.438774042067304,1.226088022685237
5058619,1.2083333333333333,0.9107175382769223,1.2774185306977222,0.9910723134574227
5058620,1.322038379791118,1.1470621972417567,1.512824391857415,1.0560016896027036
5058621,1.5454545454545454,1.411764705882353,1.5703112731943178,1.5882399654116628
5058622,1.3125020507844543,1.4142877346967637,1.26000126000126,1.2352930795856474
5058623,1.5000023437536623,0.9622677821425741,1.3043478260869565,1.155964363270058
5058627,1.1632676801381225,1.346933277823356,1.2403870007442321,1.2053549904375171
5058624,1.0588235294117647,1.47170366680629,1.2545443140506236,1.447372229926921
5058625,1.5681782541403315,2.413032986813101,1.2100830167369607,1.8823474048605737
5058626,1.0,1.2711842861283287,0.9886374870880534,1.162162162162162
5058628,1.4,1.0999999999999999,1.6428610544310822,1.1415919100956549
5058629,1.101263034777127,1.4250035625089064,1.016127393342914,1.2727272727272727
5058630,1.285716909626346,0.8684187673190333,1.3500054000216002,1.051946685783525
5058631,1.0666666666666667,0.8048760856680837,0.8666666666666667,1.124998593751758
5058632,0.9230755029607647,1.3584956924365754,1.1718740844733715,1.4181843966989032
5058633,1.1578886426913542,1.5535769770606322,1.1764671280378587,1.1415949408760016
5058634,1.3928571428571428,1.0000047619274375,1.1806443995842584,1.0336151825465254
5058635,1.418184396698903,1.168834204764168,1.2743385386522808,1.0652197069993632
5058636,1.6363599173638241,2.2909007603608713,1.3018843360672905,1.951452521451415
5058637,1.7619047619047619,1.6666666666666667,1.499998770492811,1.6666717171870216
5058638,1.1304347826086956,1.208957028294072,1.2385332463607768,1.145037293864661
5058639,1.4805233260346131,0.9473734072284591,1.2000009230776332,1.1727294049625543
5058640,0.8,0.8095238095238095,0.8064516129032258,1.1282051282051282
5058641,1.124997991075016,1.0327885783419317,1.2897184208239056,0.9473684210526315
5058642,1.034484542214728,1.437491015681152,1.1415949408760016,1.2452806692817562
5058643,1.388061773226527,1.3999930000349996,1.6136400310000705,1.3333299145386805
5058644,1.255812493241287,1.3500033750084375,1.0743228725366587,1.2580645161290323
5058645,1.5263157894736843,1.0500026250065626,1.413464256662032,1.0740740740740742
5058646,1.0769230769230769,0.8684187673190333,0.9,1.124998593751758
5058647,1.682935038707506,1.2750031875079688,1.3660763074153834,1.1654709797726037
5058648,1.34999325003375,1.7500087500437498,1.2571392653163846,1.3421087950231447
5058649,1.4137931034482758,1.0188717693274312,1.2774185306977222,1.058825308950099
5058650,1.8,1.5555555555555556,1.5952380952380953,1.5445575139752752
5058651,1.07999784000432,0.9047619047619047,1.1775689929261746,0.8421052631578947
5058652,1.3521107716749696,1.0327885783419317,1.321102129451495,1.1908387856192475
5058653,1.1851851851851851,1.0200040800163201,1.1777777777777778,1.069309048136729
5058654,0.838234061420498,1.5319214124315423,1.1627906976744187,1.558828114200336
5058655,0.75,1.067794800347796,0.6875,1.2521717353535038
5058656,1.9024343843063796,2.5471650053490467,1.6153810650965603,2.1299957400085203
5058657,1.5535769770606322,1.7068906658942555,1.5000025862113555,1.3865534566777673
5058658,1.375,1.1842167590355739,1.2340399275746223,1.2558168739927302
5058659,1.358488002852825,1.0666666666666667,1.3960423684007295,1.084336042968623
5058660,1.227269938022868,0.7317055324255307,0.9183664098301941,1.024387745395743
5058661,1.2321406568916842,1.3749914063037105,1.225,1.2599974800050402
5058662,1.6818181818181819,1.3953520822141448,1.5476190476190477,1.5978295604990447
5058663,1.44,1.4210601108426886,1.2828938928329652,1.2500034722318674
5058664,1.1875,2.3571386479667003,1.2056063499006076,2.113631559928273
5058665,1.8196751142214986,0.8059677433798704,1.422416245545251,1.153844378700956
5058666,1.067794800347796,1.6721256651617535,1.151783657529183,1.333333333333333
5058667,1.0862031510236172,2.0714285714285716,1.1999979130471077,1.853930501201684
5058668,1.4999973214333546,2.169237443807519,1.5283033285880459,1.8347122600927768
5058669,1.1764705882352942,1.2391250472824031,1.18604513250566,0.9255299456809666
5058670,1.3018843360672905,1.2236858206392378,1.3018880206490764,1.0808831477081968
5058671,1.9047619047619047,1.9333333333333333,1.6744186046511629,1.6764705882352942
5058672,1.1086908317789923,1.1454566281029601,1.103444470881135,1.1120708828808326
5058673,1.0327885783419317,1.9024483046258764,1.2325581395348837,1.3660763074153834
5058674,1.4615384615384615,1.3928621173647049,1.2911384233301118,1.1714319183769097
5058675,1.5000078947783937,1.5967716181102936,1.4096419509444602,1.4464298628838064
5058676,1.6229534802516068,1.875,1.4016381953785284,2.0439515517548315
5058677,0.7999999999999998,1.4366237651373663,0.8974358974358975,1.282447642929935
5058678,1.3728860097830837,0.7714263673532361,1.5545482809968745,1.1363610537248778
5058679,0.9692292781088028,2.0655669981409894,1.1404939826545741,1.6279069767441858
5058680,1.0909051239813672,1.5333333333333334,1.124997991075016,1.6744166576550492
5058681,1.2545408925785724,1.5,1.3199973600052801,1.3061197834290135
5058682,0.5882352941176471,1.2786843321825174,0.696969696969697,1.1388857253174296
5058683,1.75,2.0952480726098694,1.5963317397538896,1.7500043750109373
5058684,1.0,0.8571367347376089,1.0786504734264344,0.9999965517360285
5058685,1.0714266581666818,1.011238227501635,1.1037746262024777,1.0469812711158002
5058686,1.3846153846153846,1.380958956947414,1.3,1.1896603002599149
5058687,1.6714309591870844,1.4042523313780182,1.6102953016877217,1.44000144000144
5058688,1.500002884620932,0.6338019242226419,1.5140215215355541,0.8114747446928322
5058689,0.9310312723059575,0.9285747449098034,1.0934569220028767,1.1756788531860898
5058690,1.040812078318048,1.3888888888888888,0.9999965517360286,1.162165303149468
5058691,1.0454545454545454,1.783788604834067,1.25,1.468091353580228
5058692,1.744190102767681,1.3928546556166865,1.6363654958698817,1.3333333333333335
5058693,1.5223903319258685,1.9534929150998024,1.4146341463414633,2.191008774147445
5058694,0.7358518334031449,1.3846196449835229,0.9310360879932551,1.2692346745682295
5058695,1.1499999999999997,2.5161249739919778,1.2100830167369607,1.8196706396142295
5058696,1.1612884495347588,1.4375,1.162162162162162,1.4999983695669896
5058697,1.1176404844677383,1.625,1.2631525761996791,1.3124972656306968
5058698,0.8421052631578947,1.032783499070495,0.8484848484848485,1.0810781592482182
5058699,1.6406275634805678,1.9846214911430498,1.5391317731580638,1.7040027264043622
5058700,1.1764705882352942,1.4347763705375194,1.0449426461318583,1.2527444994626384
5058701,1.1632605581201712,1.5918399833469046,0.9999966666777779,1.2285749387855396
5058702,0.8709663371510692,1.8139577068783879,1.1590909090909092,1.5294162629890087
5058703,1.7872302399356597,1.229504165560113,1.6206896551724137,1.2719989824008142
5058704,1.2777777777777775,2.454549917363486,1.0256410256410255,1.9043445141834534
5058705,0.9000036000143999,1.4516175858631801,0.9272744132262059,1.2923116686512883
5058707,1.1666601852211933,1.2531661432482826,1.2524211047519187,1.1772144448009842
5058708,1.1428571428571428,1.2,1.0857142857142856,1.2857119898000182
5058709,1.4399971200057602,1.2857090379222942,1.2666666666666666,1.1931791064111217
5058710,1.0909051239813672,2.5714239796000364,1.2524211047519187,2.1315733379649
5058711,1.346933277823356,0.5263157894736842,1.1379271105961706,0.7377043133571202
5058712,1.2857142857142858,0.6610158287867309,1.3263185817233298,1.0862059601672758
5058713,1.468081982804292,1.1320733357106874,1.4137931034482758,1.175
5058714,1.2380952380952381,1.6363710744139746,1.2000017142881634,1.5151561065336563
5058715,1.4237336397750502,1.40506506970262,1.1896603002599149,1.5633813826629455
5058716,1.2127711181749707,1.3965541319898827,1.1111141975394374,1.2782586465067018
5058718,1.2,1.4761904761904763,1.0285714285714285,1.3489923832265884
5058717,1.26000504002016,1.3018843360672905,1.4361717406082346,1.2049170451499631
5058719,1.6153877218994648,1.9500048750121874,1.5833377314936985,2.1473661606671994
5058720,1.4444444444444444,1.5937524902382658,1.2321439572713906,1.375
5058721,2.0,1.2380952380952381,1.6846166804743696,1.1557367575928217
5058722,1.8571428571428572,0.818183943334918,1.342860979602799,1.1493536346847655
5058723,1.4375,1.7014950768583235,1.2580645161290323,1.529802337617442
5058724,1.5333333333333332,1.4776141456927547,1.382020919077619,1.5535728156900142
